$MeshFormat
4.1 0 8
$EndMeshFormat
$PhysicalNames
1
2 1 "fluid"
$EndPhysicalNames
$Entities
802 4 1 0
1 10 4 0 0 
2 10 -4 0 0 
3 9.922914137122092 4.672358213718478 0 0 
4 10.4565882739217 -3.309821433201979 0 0 
5 9.799729512184079 5.352188943603208 0 0 
6 10.8647002203965 -2.576609035324591 0 0 
7 9.629112045803678 6.036274302859214 0 0 
8 11.22063478691898 -1.803818513205711 0 0 
9 9.409955790405617 6.721252265955489 0 0 
10 11.5209401901286 -0.9952070817068961 0 0 
11 9.141396170793064 7.403633047268746 0 0 
12 11.76243760728661 -0.154815324466278 0 0 
13 8.822822037437318 8.079816600375928 0 0 
14 11.94224353974282 0.7130527592477183 0 0 
15 8.453886442248706 8.746111151338264 0 0 
16 12.05779071222242 1.603851423992497 0 0 
17 8.034516052944657 9.398752672295119 0 0 
18 12.10684737894763 2.51281645626357 0 0 
19 7.564919129017424 10.03392519512809 0 0 
20 12.08753491552809 3.43498994407398 0 0 
21 7.045591989689696 10.64778185890472 0 0 
22 11.99834358416837 4.365246411858758 0 0 
23 6.477323912093897 11.23646657930404 0 0 
24 11.83814636900836 5.298320186241504 0 0 
25 5.861200406180787 11.79613622329728 0 0 
26 11.6062107882863 6.228833850558765 0 0 
27 5.198604821511836 12.32298316803825 0 0 
28 11.30220860044471 7.151327639119447 0 0 
29 4.491218250073612 12.8132581192375 0 0 
30 10.92622333223429 8.060289616021192 0 0 
31 3.741017698523668 13.26329306127753 0 0 
32 10.47875556825396 8.950186477989529 0 0 
33 2.950272512787529 13.66952420899463 0 0 
34 9.960725953138439 9.815494816180912 0 0 
35 2.121539047624986 14.02851482942519 0 0 
36 9.373475869707825 10.65073266822547 0 0 
37 1.257653583619271 14.33697780090384 0 0 
38 8.718765768764023 11.45049118900271 0 0 
39 0.3617235039619504 14.59179777671968 0 0 
40 7.998771138792279 12.209466266763 0 0 
41 -0.5628832466440534 14.79005282109051 0 0 
42 7.216076116537359 12.92248991024327 0 0 
43 -1.512550388715025 14.92903538650766 0 0 
44 6.373664752206645 13.58456123238725 0 0 
45 -2.483427178254548 15.00627250353354 0 0 
46 5.474909955839264 14.19087685717314 0 0 
47 -3.471443868747941 15.01954505689611 0 0 
48 4.523560164104115 14.73686057787514 0 0 
49 -4.472328703542667 14.96690602521003 0 0 
50 3.523723779383186 15.21819209783506 0 0 
51 -5.481626367985185 14.84669756584977 0 0 
52 2.479851445392391 15.63083468848626 0 0 
53 -6.494717821687581 14.65756683138964 0 0 
54 1.396716235724383 15.97106160394055 0 0 
55 -7.506841422643037 14.39848040958804 0 0 
56 0.2793918435015628 16.23548109689962 0 0 
57 -8.513115246648569 14.06873728510415 0 0 
58 -0.8667711282619286 16.42105988696258 0 0 
59 -9.508560497673063 13.6679802279668 0 0 
60 -2.036170665033714 16.52514493954157 0 0 
61 -10.48812589747571 13.19620552123599 0 0 
62 -3.222980506875062 16.54548342153542 0 0 
63 -11.4467129359772 12.65377094827199 0 0 
64 -4.421178851423927 16.48024070860986 0 0 
65 -12.37920185765521 12.04140196851786 0 0 
66 -5.624578453639089 16.32801632834984 0 0 
67 -13.28047825361508 11.36019601966695 0 0 
68 -6.826857973630844 16.08785773364102 0 0 
69 -14.1454601240117 10.61162489348333 0 0 
70 -8.021594416066989 15.75927181135356 0 0 
71 -14.9691252712012 9.7975351423246 0 0 
72 -9.202296497577855 15.34223404268969 0 0 
73 -15.74653888041156 8.92014648353306 0 0 
74 -10.36243877233337 14.83719524336194 0 0 
75 -16.47288114186276 7.98204817926216 0 0 
76 -11.49549634056513 14.24508582403257 0 0 
77 -17.1434747661641 6.986193379938381 0 0 
78 -12.59497996028999 13.56731752410526 0 0 
79 -17.7538122434841 5.935891430367816 0 0 
80 -13.6544713788888 12.80578258495382 0 0 
81 -18.29958269644299 4.834798148428145 0 0 
82 -14.66765869852662 11.96285034193509 0 0 
83 -18.77669817692805 3.686904097280934 0 0 
84 -15.62837158769084 11.04136122799439 0 0 
85 -19.18131925808385 2.496520883041374 0 0 
86 -16.53061615038329 10.04461819526692 0 0 
87 -19.50987977458529 1.268265520791329 0 0 
88 -17.36860926474343 8.976375574733318 0 0 
89 -19.75911056695722 0.007042922661450568 0 0 
90 -18.13681220410512 7.840825407635577 0 0 
91 -19.92606208915535 -1.281973427620818 0 0 
92 -18.82996335569961 6.642581295927801 0 0 
93 -20.00812574285641 -2.593362538876256 0 0 
94 -19.44310985540707 5.386659832453905 0 0 
95 -20.00305380690737 -3.921478630308812 0 0 
96 -19.97163796111692 4.078459684742953 0 0 
97 -19.90897783613384 -5.260475408205225 0 0 
98 -20.41130199236834 2.723738419220948 0 0 
99 -19.72442541018321 -6.604331797246337 0 0 
100 -20.75825166998655 1.328587165187418 0 0 
101 -19.44833512025211 -7.946879013195569 0 0 
102 -21.00905769638114 -0.1005967699697257 0 0 
103 -19.08006968938799 -9.281828855247106 0 0 
104 -21.16073542500124 -1.557139211213181 0 0 
105 -18.61942713052724 -10.60280308838123 0 0 
106 -21.21076647611243 -3.034120217760869 0 0 
107 -18.06664985549849 -11.90336377873148 0 0 
108 -21.15711816553382 -4.524406831800066 0 0 
109 -17.42243165783711 -13.17704443826442 0 0 
110 -20.99826062320608 -6.020687319560224 0 0 
111 -16.68792250238142 -14.41738182904621 0 0 
112 -20.7331814894053 -7.515506741223879 0 0 
113 -15.86473106520438 -15.61794827205991 0 0 
114 -20.36139808802143 -9.001303677863413 0 0 
115 -14.95492497842499 -16.77238430097762 0 0 
116 -19.88296698852827 -10.47044793612457 0 0 
117 -13.96102874578956 -17.87443149751168 0 0 
118 -19.29849088102636 -11.9152790447787 0 0 
119 -12.88601930655741 -18.91796534199779 0 0 
120 -18.60912270197808 -13.32814535157552 0 0 
121 -11.73331923711155 -19.89702791072144 0 0 
122 -17.8165669619118 -14.70144352407998 0 0 
123 -10.50678759178357 -20.80586025020698 0 0 
124 -16.92307824038184 -16.02765825440244 0 0 
125 -9.210708396572011 -21.63893425826045 0 0 
126 -15.93145682776355 -17.2994019649555 0 0 
127 -7.849776821683247 -22.39098390200316 0 0 
128 -14.8450415079674 -18.50945431061449 0 0 
129 -6.429083071071624 -23.05703560445836 0 0 
130 -13.66769949079978 -19.65080127193778 0 0 
131 -4.954094039337028 -23.63243763346061 0 0 
132 -12.40381351740746 -20.71667363442742 0 0 
133 -3.430632798390499 -24.11288832974199 0 0 
134 -11.05826617694251 -21.70058465018603 0 0 
135 -1.864855988159839 -24.49446301500453 0 0 
136 -9.636421487201655 -22.59636668075198 0 0 
137 -0.2632291972124703 -24.77363942560186 0 0 
138 -8.144103806450662 -23.39820662336659 0 0 
139 1.367499569537163 -24.94732152310776 0 0 
140 -6.587574157869346 -24.100679927433 0 0 
141 3.020328227956072 -25.01286153952426 0 0 
142 -4.973504061969711 -24.69878301345171 0 0 
143 4.688030638101246 -24.96808012215244 0 0 
144 -3.308946985877529 -25.18796391323944 0 0 
145 6.363188185370737 -24.81128445118387 0 0 
146 -1.601307531453903 -25.56415095773199 0 0 
147 8.038222781426292 -24.54128421183699 0 0 
148 0.1416915031993677 -25.82377934710412 0 0 
149 9.705431138087107 -24.15740531232295 0 0 
150 1.912044042328314 -25.96381544727579 0 0 
151 11.35702015921644 -23.65950124903632 0 0 
152 3.701497473358774 -25.98177866707202 0 0 
153 12.98514328814705 -23.047962031084 0 0 
154 5.501591041508117 -25.87576078131806 0 0 
155 14.58193764145845 -22.32372058754135 0 0 
156 7.303695719869319 -25.644442576932 0 0 
157 16.1395617539756 -21.48825659260444 0 0 
158 9.099055367646551 -25.28710771156921 0 0 
159 17.65023375473448 -20.5435976560395 0 0 
160 10.87882898108129 -24.80365368751922 0 0 
161 19.10626978939656 -19.4923178389537 0 0 
162 12.63413383439698 -24.19459985729348 0 0 
163 20.50012250121425 -18.33753346786883 0 0 
164 14.35608930184251 -23.46109239160707 0 0 
165 21.82441938018325 -17.08289623330547 0 0 
166 16.03586114667565 -22.60490615518097 0 0 
167 23.07200078848227 -15.73258357251833 0 0 
168 17.66470605872447 -21.62844345090194 0 0 
169 24.23595746971532 -14.29128634959605 0 0 
170 19.23401621902969 -20.53472960830269 0 0 
171 25.30966734984517 -12.76419385978532 0 0 
172 20.73536366802427 -19.32740540798943 0 0 
173 26.28683143904947 -11.15697619854953 0 0 
174 22.16054425276909 -18.01071634946992 0 0 
175 27.16150864604061 -9.47576404946121 0 0 
176 23.50162092894253 -16.58949878574669 0 0 
177 27.92814931966939 -7.727125958482271 0 0 
178 24.75096619459114 -15.06916296395412 0 0 
179 28.58162733686817 -5.918043175441559 0 0 
180 25.90130343508158 -13.45567302715964 0 0 
181 29.11727056117278 -4.055882156505675 0 0 
182 26.94574696225219 -11.75552404813485 0 0 
183 29.53088950217472 -2.14836483408821 0 0 
184 27.87784053543346 -9.97571618135477 0 0 
185 29.81880401327461 -0.2035367728893478 0 0 
186 28.69159415777394 -8.123726034621807 0 0 
187 29.97786787300725 1.770266657461532 0 0 
188 29.38151894815213 -6.207475376461609 0 0 
189 30.00549110395741 3.764455951440044 0 0 
190 29.94265989684773 -4.235297309718273 0 0 
191 29.89965989284635 5.770224825959161 0 0 
192 30.37062632205587 -2.215900055518565 0 0 
193 29.65895398570291 7.778589105612786 0 0 
194 30.66161985421735 -0.1583285049030363 0 0 
195 29.28256144309509 9.780426963142311 0 0 
196 30.81245978596501 1.92807629213405 0 0 
197 28.77029065213918 11.76652033489224 0 0 
198 30.82060563720315 4.03371951875698 0 0 
199 28.12257950437267 13.72759732328417 0 0 
200 30.68417679739116 6.148796672231235 0 0 
201 27.34050166151735 15.65437539145421 0 0 
202 30.40196912043807 8.263339131363914 0 0 
203 26.42576984461265 17.53760514920897 0 0 
204 29.97346836167072 10.36726099902594 0 0 
205 25.38073609590243 19.36811452439694 0 0 
206 29.39886036104941 12.4504070002357 0 0 
207 24.20838897714791 21.13685310970164 0 0 
208 28.6790378921032 14.50260120920758 0 0 
209 22.91234768264775 22.83493647176332 0 0 
210 27.81560411187156 16.5136963727578 0 0 
211 21.49685306010253 24.45369020745868 0 0 
212 26.81087256339278 18.47362359255791 0 0 
213 19.96675554749626 25.98469353112574 0 0 
214 25.6678636988979 20.37244212495889 0 0 
215 18.32750004930815 27.41982217653153 0 0 
216 24.39029790877053 22.20038905450588 0 0 
217 16.58510779053952 28.75129039845317 0 0 
218 22.98258505843625 23.9479285958461 0 0 
219 14.74615520216999 29.97169186087957 0 0 
220 21.44981055256799 25.6058007785139 0 0 
221 12.81774990666967 31.07403920204243 0 0 
222 19.79771796325205 27.16506927006679 0 0 
223 10.80750388701258 32.05180207074492 0 0 
224 18.03268827596627 28.6171680952506 0 0 
225 8.723503937189109 32.89894343376162 0 0 
226 16.16171582429512 29.95394701228419 0 0 
227 6.574279506428073 33.60995396041714 0 0 
228 14.19238100115924 31.1677153119688 0 0 
229 4.368768063136587 34.17988429779302 0 0 
230 12.13281985088493 32.25128381112871 0 0 
231 2.11627811787978 34.60437505833306 0 0 
232 9.991690662598913 33.19800481885822 0 0 
233 -0.1735499425160105 34.87968435088617 0 0 
234 7.778137701125427 34.0018098621578 0 0 
235 -2.490785045515993 35.00271269640447 0 0 
236 5.501752226700767 34.65724496675974 0 0 
237 -4.82524847241091 34.97102518056193 0 0 
238 3.172530969333095 35.15950329923081 0 0 
239 -7.166558560451945 34.78287070742743 0 0 
240 0.8008322374432568 35.50445498775431 0 0 
241 -9.504176871308767 34.43719823096646 0 0 
242 -1.602670146547665 35.68867395128831 0 0 
243 -11.82745562053412 33.93366985450139 0 0 
244 -4.027034878831024 35.70946158001657 0 0 
245 -14.12568615459544 33.27267070227263 0 0 
246 -6.461102958896887 35.56486712409501 0 0 
247 -16.38814825486971 32.45531548184999 0 0 
248 -8.893548999864416 35.25370466258845 0 0 
249 -18.60416004183748 31.483451671278 0 0 
250 -11.31293382875392 34.77556654011887 0 0 
251 -20.76312824759401 30.35965928043271 0 0 
252 -13.70775813280718 34.13083317504071 0 0 
253 -22.85459862075187 29.08724715204805 0 0 
254 -16.06651690089984 33.32067915984157 0 0 
255 -24.86830622487302 27.67024578416212 0 0 
256 -18.37775440320094 32.34707559186191 0 0 
257 -26.79422538975444 26.11339667226458 0 0 
258 -20.63011944754813 31.2127885902541 0 0 
259 -28.62261907423072 24.42213818611067 0 0 
260 -22.81242064756763 29.92137397327253 0 0 
261 -30.34408739964945 22.60258801293417 0 0 
262 -24.91368143538593 28.47716808841966 0 0 
263 -31.94961511483619 20.66152221555398 0 0 
264 -26.92319455088431 26.88527480657828 0 0 
265 -33.43061775619527 18.60635097054665 0 0 
266 -28.83057573984905 25.15154870994683 0 0 
267 -34.77898627058418 16.44509106817342 0 0 
268 -30.6258163950716 23.28257452227661 0 0 
269 -35.98712987374778 14.18633527201478 0 0 
270 -32.29933487746408 21.28564284848905 0 0 
271 -37.04801692338175 11.83921865220922 0 0 
272 -33.84202625855663 19.16872230914631 0 0 
273 -37.95521359330054 9.41338202172494 0 0 
274 -35.24531023133821 16.94042817335874 0 0 
275 -38.70292014367816 6.918932620142431 0 0 
276 -36.50117694325903 14.60998761145592 0 0 
277 -39.28600459188562 4.366402203913702 0 0 
278 -37.60223051331517 12.18720170603203 0 0 
279 -39.70003359902332 1.766702715914482 0 0 
280 -38.54173000444813 9.682404376714629 0 0 
281 -39.94130039880322 -0.8689202797507134 0 0 
282 -39.31362763298047 7.106418390114311 0 0 
283 -40.00684960792109 -3.5289361993644 0 0 
284 -39.9126040084271 4.470508641809018 0 0 
285 -39.89449877042559 -6.201579867784686 0 0 
286 -40.33410020972515 1.786332911819617 0 0 
287 -39.60285650277766 -8.874903552737987 0 0 
288 -40.57434651765514 -0.934109691228084 0 0 
289 -39.13133712124187 -11.53683037509519 0 0 
290 -40.63038763792767 -3.678532369265681 0 0 
291 -38.48017164889247 -14.17520885637218 0 0 
292 -40.50010426501373 -6.434416117490102 0 0 
293 -37.65041511578499 -16.77786835712659 0 0 
294 -40.18223085323768 -9.189066800122555 0 0 
295 -36.64395008266159 -19.33267515346507 0 0 
296 -39.67636947885227 -11.92967355913818 0 0 
297 -35.46348633585383 -21.8275888935702 0 0 
298 -38.98299969470116 -14.64336828748528 0 0 
299 -34.11255671873642 -24.25071917203675 0 0 
300 -38.10348429755968 -17.31728589114423 0 0 
301 -32.59550908309069 -26.590381956906 0 0 
302 -37.0400709472475 -19.93862505848564 0 0 
303 -30.91749436197428 -28.83515560261968 0 0 
304 -35.79588959603888 -22.49470925080375 0 0 
305 -29.08445078407381 -30.97393618171234 0 0 
306 -34.37494570666303 -24.97304762466867 0 0 
307 -27.10308426795853 -32.99599186892158 0 0 
308 -32.78210925720086 -27.36139559486953 0 0 
309 -24.98084505306564 -34.89101611353166 0 0 
310 -31.02309955134711 -29.64781474623732 0 0 
311 -22.72590064254063 -36.64917933917991 0 0 
312 -29.10446587272229 -31.82073180355134 0 0 
313 -20.34710515114624 -38.26117891503344 0 0 
314 -27.03356404209241 -33.8689963710484 0 0 
315 -17.85396516924861 -39.71828714817973 0 0 
316 -24.81852895638715 -35.7819371567691 0 0 
317 -15.25660227130306 -41.01239705424776 0 0 
318 -22.46824320820102 -37.54941640208445 0 0 
319 -12.56571231421118 -42.13606567166045 0 0 
320 -19.99230190392397 -39.16188224322674 0 0 
321 -9.792521687317091 -43.08255469448655 0 0 
322 -17.40097381767832 -40.61041873948696 0 0 
323 -6.948740691572842 -43.8458682095734 0 0 
324 -14.70515903674455 -41.88679331190261 0 0 
325 -4.046514240454468 -44.4207873354559 0 0 
326 -11.91634327205075 -42.98350134671036 0 0 
327 -1.098370089467894 -44.80290157340887 0 0 
328 -9.04654902448409 -43.89380772953751 0 0 
329 1.882835185520439 -44.98863669488293 0 0 
330 -6.108283814175321 -44.6117850892058 0 0 
331 4.883972228435348 -44.97527900438054 0 0 
332 -3.114485695421171 -45.13234854406556 0 0 
333 7.891696717472765 -44.76099583252623 0 0 
334 -0.07846629447076525 -45.45128675890961 0 0 
335 10.8925086993606 -44.3448521305952 0 0 
336 2.986148379073644 -45.56528913666801 0 0 
337 13.87281317957707 -43.72682305501457 0 0 
338 6.065479084067093 -45.47196898618693 0 0 
339 16.81898169660101 -42.90780244826575 0 0 
340 9.145456188415995 -45.16988252537042 0 0 
341 19.71741460138929 -41.88960714111461 0 0 
342 12.21188391400942 -44.65854359773455 0 0 
343 22.55460375765249 -40.6749770200954 0 0 
344 15.25050569280237 -43.93843399990267 0 0 
345 25.31719537418444 -39.2675708235864 0 0 
346 18.24707033347489 -43.01100933767099 0 0 
347 27.99205267750379 -37.67195764955483 0 0 
348 21.1873986920703 -41.8787003489036 0 0 
349 30.56631813142723 -35.89360417802013 0 0 
350 24.05745053542094 -40.54490965257878 0 0 
351 33.027474909923 -33.93885763139954 0 0 
352 26.84339128302111 -39.01400390470872 0 0 
353 35.36340733070551 -31.81492451606013 0 0 
354 29.53165831133423 -37.29130136348965 0 0 
355 37.56245995952732 -29.52984520851587 0 0 
356 32.10902650433574 -35.38305488781127 0 0 
357 39.61349509900963 -27.09246446967754 0 0 
358 34.56267273541462 -33.29643041505542 0 0 
359 41.50594838111024 -24.51239799029488 0 0 
360 36.88023896857712 -31.03948098584521 0 0 
361 43.22988218894879 -21.79999509012809 0 0 
362 39.04989367122121 -28.62111640496084 0 0 
363 44.77603664167178 -18.96629771235457 0 0 
364 41.06039123656333 -26.05106864891254 0 0 
365 46.1358778853125 -16.02299587316723 0 0 
366 42.90112912108253 -23.33985315155613 0 0 
367 47.30164344315403 -12.98237974435823 0 0 
368 44.56220241107812 -20.4987261195447 0 0 
369 48.26638439089481 -9.857288563818416 0 0 
370 46.03445554258097 -17.53963804923396 0 0 
371 49.02400413489574 -6.66105658523678 0 0 
372 47.30953091037534 -14.47518363580376 0 0 
373 49.56929358590929 -3.407456293767054 0 0 
374 48.37991411473391 -11.31854828372309 0 0 
375 49.89796253589061 -0.1106391289628981 0 0 
376 49.23897560859073 -8.083451445181552 0 0 
377 50.00666706170623 3.214926030201224 0 0 
378 49.88100852321167 -4.784087029652061 0 0 
379 49.89303279672021 6.554516350990514 0 0 
380 50.30126246691182 -1.435061143243786 0 0 
381 49.55567392927305 9.893220224758373 0 0 
382 50.49597310893576 1.948672569118965 0 0 
383 48.99420780589978 13.21600384845243 0 0 
384 50.46238737918809 5.351879692478104 0 0 
385 48.20926503667503 16.50777891248923 0 0 
386 50.19878413399388 8.759113623460184 0 0 
387 47.20249502023972 19.75347109027285 0 0 
388 49.70449015839592 12.1547856560255 0 0 
389 45.97656682676407 22.93808901857559 0 0 
390 48.97989139656633 15.52323625345462 0 0 
391 44.53516539824279 26.04679345334389 0 0 
392 48.02643932362952 18.84880718092612 0 0 
393 42.88298304700297 29.06496628228658 0 0 
394 46.84665239446223 22.11591416678105 0 0 
395 41.02570625503668 31.97827907385645 0 0 
396 45.44411252775289 25.30911975582978 0 0 
397 38.96999779864656 34.7727608419792 0 0 
398 43.82345660666256 28.41320601487912 0 0 
399 36.72347424481217 37.4348647071232 0 0 
400 41.99036300072399 31.41324674906163 0 0 
401 34.29467888754754 39.95153313703996 0 0 
402 39.95153313703992 34.29467888754758 0 0 
403 31.69305021421942 42.31026145474603 0 0 
404 37.71466817228099 37.0433726988342 0 0 
405 28.92888601323071 44.49915930704203 0 0 
406 35.2884408403308 39.64570049902604 0 0 
407 26.01330325554381 46.50700979406346 0 0 
408 32.68246257357049 42.08860352134727 0 0 
409 22.95819390311619 48.32332596900712 0 0 
410 29.90724601862172 44.35965662154786 0 0 
411 19.77617681735702 49.93840442724047 0 0 
412 26.97416308977479 46.44713050185374 0 0 
413 16.48054596007915 51.34337571544862 0 0 
414 23.89539872520011 48.34005114564635 0 0 
415 13.0852150980274 52.53025130425664 0 0 
416 20.68390053227474 50.02825616610042 0 0 
417 9.60465923982056 53.49196688183125 0 0 
418 17.35332452884961 51.50244778451241 0 0 
419 6.053853050956437 54.22242174126333 0 0 
420 13.91797720693077 52.75424216797505 0 0 
421 2.448206508314646 54.71651405099421 0 0 
422 10.39275416395406 53.77621487133151 0 0 
423 -1.196501929725601 54.970171815105 0 0 
424 6.793075564508699 54.56194214491338 0 0 
425 -4.864194347942384 54.98037934886814 0 0 
426 3.134818711910901 55.1060378873627 0 0 
427 -8.538564291848171 54.74519911447921 0 0 
428 -0.5657519756295182 55.40418604177912 0 0 
429 -12.20314926540992 54.26378878226368 0 0 
430 -4.292057275453882 55.45316825343908 0 0 
431 -15.84140448659359 53.53641340379586 0 0 
432 -8.027277436026612 55.25088662831628 0 0 
433 -19.43677757030067 52.56445260518421 0 0 
434 -11.75442808488512 54.79638145349804 0 0 
435 -22.97278380163822 51.35040273116842 0 0 
436 -15.45643742645174 54.08984376324434 0 0 
437 -26.43308165735098 49.89787389354196 0 0 
438 -19.11622437896207 53.1326226577719 0 0 
439 -29.80154822969384 48.21158190065155 0 0 
440 -22.71677729313586 51.92722730576 0 0 
441 -33.0623542050465 46.29733506823092 0 0 
442 -26.24123289021377 50.47732358595852 0 0 
443 -36.2000380492026 44.16201593548787 0 0 
444 -29.67295505365227 48.78772534802103 0 0 
445 -39.19957905250713 41.81355793407498 0 0 
446 -32.99561310712926 46.86438029767001 0 0 
447 -42.0464688908735 39.26091708122479 0 0 
448 -36.19325921157809 44.71435053641636 0 0 
449 -44.72678136318807 36.51403879180683 0 0 
450 -39.25040451575857 42.34578781117811 0 0 
451 -47.22723997168788 33.58381992725973 0 0 
452 -42.15209369837872 39.76790355416163 0 0 
453 -49.53528301956255 30.48206622215494 0 0 
454 -44.88397754500391 36.99093381816125 0 0 
455 -51.63912590925974 27.22144525144873 0 0 
456 -47.43238320991097 34.02609923688222 0 0 
457 -53.52782033572641 23.81543512317577 0 0 
458 -49.78438182164182 30.88556016388532 0 0 
459 -55.19131008106235 20.278269102318 0 0 
460 -51.92785310125508 27.58236716716812 0 0 
461 -56.62048313074622 16.62487639174751 0 0 
462 -53.85154667412626 24.13040707912738 0 0 
463 -57.80721984666263 12.8708193153977 0 0 
464 -55.54513976955797 20.54434482358272 0 0 
465 -58.7444369485539 9.032227167059947 0 0 
466 -56.99929101738157 16.83956126256993 0 0 
467 -59.42612707317108 5.125727005344996 0 0 
468 -58.20569006709828 13.03208732563195 0 0 
469 -59.84739369923262 1.16837169130919 0 0 
470 -59.15710277284924 9.13853470325272 0 0 
471 -60.00448124623628 -2.82243452006936 0 0 
472 -59.84741170655126 5.176023403787158 0 0 
473 -59.89480017612392 -6.829012510032993 0 0 
474 -60.27165178180108 1.162106489662766 0 0 
475 -59.51694694867869 -10.83348661134388 0 0 
476 -60.42604079255008 -2.885307676327691 0 0 
477 -58.87071870424535 -14.81786436183087 0 0 
478 -60.30800469299091 -6.948035330234585 0 0 
479 -57.95712257080528 -18.76411734035615 0 0 
480 -59.91619746847605 -11.00769899518444 0 0 
481 -56.77837951650456 -22.65426272205247 0 0 
482 -59.25051547150414 -15.04581059169125 0 0 
483 -55.33792269331994 -26.47044518398106 0 0 
484 -58.31210612175363 -19.04385559426827 0 0 
485 -53.64039024253801 -30.19501878834046 0 0 
486 -57.10337089470134 -22.98337785144249 0 0 
487 -51.69161255801369 -33.81062846801581 0 0 
488 -55.62796254942431 -26.84606468087727 0 0 
489 -49.49859402863498 -37.30029073865755 0 0 
490 -53.89077657262003 -30.6138318477114 0 0 
491 -47.06948930695428 -40.64747326258446 0 0 
492 -51.89793684258287 -34.26890803240281 0 0 
493 -44.41357417641263 -43.83617289267271 0 0 
494 -49.65677554370698 -37.79391839439124 0 0 
495 -41.54121111488385 -46.85099182897467 0 0 
496 -47.17580738893591 -41.17196683973236 0 0 
497 -38.46380967727114 -49.67721152712442 0 0 
498 -44.46469823431482 -44.3867166045352 0 0 
499 -35.19378184447803 -52.30086400560979 0 0 
500 -41.53422819629396 -47.4224687715452 0 0 
501 -31.74449251015205 -54.70880020867669 0 0 
502 -38.39624940857242 -50.2642383445199 0 0 
503 -28.13020530001845 -56.88875509297786 0 0 
504 -35.06363858091097 -52.89782751415461 0 0 
505 -24.36602394130099 -58.82940911901077 0 0 
506 -31.55024454738591 -55.30989576016345 0 0 
507 -20.4678294215375 -60.52044584287896 0 0 
508 -27.8708310158644 -57.48802644668829 0 0 
509 -16.45221319694002 -61.95260531989299 0 0 
510 -24.04101475394405 -59.42078958244029 0 0 
511 -12.33640673021938 -63.11773304893482 0 0 
512 -20.07719946910145 -61.09780043281356 0 0 
513 -8.138207656405772 -64.00882420527047 0 0 
514 -15.99650566223529 -62.50977368858469 0 0 
515 -3.87590289252891 -64.62006292953983 0 0 
516 -11.81669675403881 -63.64857291466235 0 0 
517 0.4318109769779759 -64.94685646188093 0 0 
518 -7.556101802626328 -64.50725502258136 0 0 
519 4.765909692723032 -64.98586393248003 0 0 
520 -3.233535148450386 -65.08010953197403 0 0 
521 9.107125331174494 -64.73501964317521 0 0 
522 1.131786661309472 -65.36269240899799 0 0 
523 13.43603196288501 -64.19355069897857 0 0 
524 5.520330302084862 -65.35185429355379 0 0 
525 17.73313257732326 -63.36198887341745 0 0 
526 9.912333075204934 -65.04576295198787 0 0 
527 21.97894688535865 -62.24217661731138 0 0 
528 14.28789189404516 -64.4439198177305 0 0 
529 26.15409960403072 -60.83726714689312 0 0 
530 18.62705345239692 -63.54717050885545 0 0 
531 30.23940882362052 -59.15171857391754 0 0 
532 22.90990516668343 -62.35770923874266 0 0 
533 34.2159740542088 -57.19128206747695 0 0 
534 27.11666647773454 -60.87907706376065 0 0 
535 38.06526354792915 -54.96298406452016 0 0 
536 31.22778009382596 -59.11615394003274 0 0 
537 41.76920049399762 -52.4751025734322 0 0 
538 35.22400275459744 -57.07514458977844 0 0 
539 45.31024768631443 -49.73713764235774 0 0 
540 39.08649509529013 -54.76355820630963 0 0 
541 48.67149026802468 -46.75977609109755 0 0 
542 42.7969101925392 -52.19018205536108 0 0 
543 51.83671616384247 -43.55485063226866 0 0 
544 46.33748037668062 -49.36504905893177 0 0 
545 54.79049381919327 -40.13529353385803 0 0 
546 49.69110190120374 -46.29939947606434 0 0 
547 57.51824687528399 -36.51508500118663 0 0 
548 52.84141706758422 -43.00563682285872 0 0 
549 60.00632542100983 -32.70919648153817 0 0 
550 55.7728934132163 -39.4972782013902 0 0 
551 62.24207347614456 -28.73352911913573 0 0 
552 58.47089958153659 -35.78889923392258 0 0 
553 64.21389237544373 -24.604847611699 0 0 
554 60.92177750660285 -31.89607382478256 0 0 
555 65.91129974009449 -20.34070974232268 0 0 
556 63.11291055935602 -27.83530899732797 0 0 
557 67.32498374127087 -15.95939188182348 0 0 
558 65.03278731944846 -23.62397507752203 0 0 
559 68.44685238035174 -11.47981077685246 0 0 
560 66.67106065483657 -19.28023151855555 0 0 
561 69.27007753152301 -6.921441957915362 0 0 
562 68.01860181120119 -14.82294868267646 0 0 
563 69.78913351494711 -2.304235118838292 0 0 
564 69.06754923462023 -10.27162591673349 0 0 
565 69.99982999232813 2.351473164881925 0 0 
566 69.81135187365928 -5.646306276862079 0 0 
567 69.89933900144051 7.025048997102949 0 0 
568 70.24480673108523 -0.9674882751138107 0 0 
569 69.48621597190771 11.69565260707584 0 0 
570 70.36409046063608 3.743964963434408 0 0 
571 68.76041459110553 16.34233127522766 0 0 
572 70.16678483058038 8.46691873050853 0 0 
573 67.72329541640393 20.94411332433255 0 0 
574 69.65189590306825 13.18006153658421 0 0 
575 66.37762815792941 25.48010275445641 0 0 
576 68.81986680637776 17.86200125972525 0 0 
577 64.72758758450478 29.92957409470213 0 0 
578 67.67258400598222 22.49136220759612 0 0 
579 62.7787430342723 34.27206704135028 0 0 
580 66.2133770097666 27.04688265239658 0 0 
581 60.53804154060126 38.48748045051061 0 0 
582 64.4470114725769 31.50751239392823 0 0 
583 58.01378461309419 42.55616525387968 0 0 
584 62.37967569545988 35.85250990348168 0 0 
585 55.21559874269134 46.45901586867831 0 0 
586 60.01896054529841 40.0615386007816 0 0 
587 52.15439972891208 50.17755967727864 0 0 
588 57.37383285093774 44.11476181781627 0 0 
589 48.84235095602086 53.69404415844358 0 0 
590 54.45460236218771 47.99293600704194 0 0 
591 45.29281577322583 56.99152126047019 0 0 
592 51.27288238812661 51.67750175717995 0 0 
593 41.52030416179905 60.05392861679986 0 0 
594 47.84154426080459 55.15067218757607 0 0 
595 37.54041389908652 62.86616721683669 0 0 
596 44.17466579958059 58.3955183018814 0 0 
597 33.36976645565723 65.41417515871383 0 0 
598 40.28747397981847 61.39605089356685 0 0 
599 29.02593788717814 67.68499712653963 0 0 
600 36.19628203736117 64.13729860948158 0 0 
601 24.52738500688031 69.66684925216774 0 0 
602 31.9184212669706 66.60538179324701 0 0 
603 19.89336714758356 71.34917904069705 0 0 
604 27.47216779863649 68.78758174767857 0 0 
605 15.14386384407226 72.72272005963612 0 0 
606 22.87666466020752 70.67240507457217 0 0 
607 10.29948878702541 73.77954111388833 0 0 
608 18.15183945803367 72.2496427710184 0 0 
609 5.38140041863906 74.51308965231728 0 0 
610 13.31831802915488 73.51042378380286 0 0 
611 0.411209557415734 74.91822917654882 0 0 
612 8.397334438893461 74.44726274733931 0 0 
613 -4.58911554475483 74.9912704487455 0 0 
614 3.410637716403487 75.05410165585519 0 0 
615 -9.597346296185149 74.72999632223397 0 0 
616 -1.619604262262009 75.32634524708911 0 0 
617 -14.59109258055692 74.13368004696393 0 0 
618 -6.670903318824463 75.2608899024646 0 0 
619 -19.5479028543911 73.20309693069883 0 0 
620 -11.72055150712455 74.85614589744013 0 0 
621 -24.44536507932716 71.94052926646019 0 0 
622 -16.74572318769798 74.11205286538079 0 0 
623 -29.26120803550763 70.34976446693156 0 0 
624 -21.72357818378955 73.03008836871817 0 0 
625 -33.97340255816997 68.43608637714853 0 0 
626 -26.63136555269813 71.6132695022268 0 0 
627 -38.56026223745127 66.2062597677062 0 0 
628 -31.4465275011658 69.86614748480429 0 0 
629 -43.00054312138072 63.6685080417806 0 0 
630 -36.14680297046033 67.79479522806101 0 0 
631 -47.27354196411387 60.83248422033384 0 0 
632 -40.71033041590974 65.40678790215473 0 0 
633 -51.35919256565296 57.70923530080934 0 0 
634 -45.11574930694633 62.71117655149497 0 0 
635 -55.23815975555264 54.31116011530268 0 0 
636 -49.34229987716902 59.71845484506046 0 0 
637 -58.89193058148168 50.6519608444327 0 0 
638 -53.36992065960619 56.44051907794029 0 0 
639 -62.30290227388517 46.7465883728504 0 0 
640 -57.17934335014692 52.89062157222214 0 0 
641 -65.45446657041576 42.61118170131317 0 0 
642 -60.75218455207597 49.08331765631274 0 0 
643 -68.33108999815869 38.26300165843681 0 0 
644 -64.07103396667898 45.03440643209002 0 0 
645 -70.91838972796435 33.72035918243693 0 0 
646 -67.11953860899959 40.76086556876599 0 0 
647 -73.20320463331598 29.00253846929381 0 0 
648 -69.88248264392533 36.28078039088294 0 0 
649 -75.17366120605205 24.12971530867507 0 0 
650 -72.34586245581797 31.613267555314 0 0 
651 -76.81923400284563 19.12287095250209 0 0 
652 -74.49695658480994 26.77839363835976 0 0 
653 -78.13080031951125 14.00370188316866 0 0 
654 -76.32439018455844 21.79708897892746 0 0 
655 -79.10068881489141 8.794525868954793 0 0 
656 -77.81819367962427 16.69105714718172 0 0 
657 -79.72272183213956 3.518184713073157 0 0 
658 -78.96985532559144 11.4826804298978 0 0 
659 -79.99225119256899 -1.802055880084486 0 0 
660 -79.77236740148199 6.194921743894289 0 0 
661 -79.90618726575165 -7.142608882658356 0 0 
662 -80.22026579182422 0.8512234072674274 0 0 
663 -79.46302114910266 -12.47967051276857 0 0 
664 -80.30966274477744 -4.524596785362062 0 0 
665 -78.6628398206494 -17.7893263321256 0 0 
666 -80.03827262288468 -9.908451722887412 0 0 
667 -77.50733415991927 -23.04765839890496 0 0 
668 -79.40543049417182 -15.27609289986315 0 0 
669 -75.99979976375313 -28.23085299578158 0 0 
670 -78.41210344330911 -20.60321961722958 0 0 
671 -74.14513051621371 -33.31530844797384 0 0 
672 -77.06089451524691 -25.86558896990342 0 0 
673 -71.94980490447358 -38.27774254326127 0 0 
674 -75.35603923699418 -31.03912612353312 0 0 
675 -69.42186510547626 -43.09529906529319 0 0 
676 -73.30339469686493 -36.10003437900905 0 0 
677 -66.57088890112844 -47.74565295305545 0 0 
678 -70.9104211944334 -41.02490452186392 0 0 
679 -63.40795451264536 -52.20711360315084 0 0 
680 -68.18615650844988 -45.79082295455256 0 0 
681 -59.94559847728183 -56.4587258375577 0 0 
682 -65.14118286392331 -50.37547811275746 0 0 
683 -56.19776672289857 -60.48036806773481 0 0 
684 -61.78758671332083 -54.75726467231413 0 0 
685 -52.17975902747135 -64.25284719633072 0 0 
686 -58.13891148020431 -58.91538506109391 0 0 
687 -47.90816708162786 -67.7579898102713 0 0 
688 -54.21010344648091 -62.82994780016803 0 0 
689 -43.40080640241388 -70.97872923362458 0 0 
690 -50.01745099661037 -66.48206221080751 0 0 
691 -38.67664237564214 -73.89918802528676 0 0 
692 -45.57851746346447 -69.85392903826288 0 0 
693 -33.7557107322034 -76.50475552515549 0 0 
694 -40.9120678509076 -72.92892655978652 0 0 
695 -28.65903279048219 -78.78216007297635 0 0 
696 -36.0379897374136 -75.69169176294102 0 0 
697 -23.40852582242432 -80.71953554636508 0 0 
698 -30.97720869304469 -78.12819620077991 0 0 
699 -18.02690892467684 -82.30648188855729 0 0 
700 -25.75159856871077 -80.22581615294403 0 0 
701 -12.53760479849778 -83.53411932208712 0 0 
702 -20.38388704172362 -81.9733967459581 0 0 
703 -6.96463786267255 -84.39513597175981 0 0 
704 -14.8975568251063 -83.36130971195648 0 0 
705 -1.332529142372585 -84.88382864883469 0 0 
706 -9.316742969798758 -84.3815044926002 0 0 
707 4.33381160630868 -84.99613657814704 0 0 
708 -3.666126708743084 -85.02755242393751 0 0 
709 10.00919606164884 -84.72966788085195 0 0 
710 2.029173690318677 -85.29468376830128 0 0 
711 15.66826930422767 -84.08371865742023 0 0 
712 7.743714580679053 -85.179817390876 0 0 
713 21.2856230897724 -83.05928454832819 0 0 
714 13.45184060479828 -84.68158291118029 0 0 
715 26.83590992088325 -81.65906468340329 0 0 
716 19.12779986694126 -83.80033519324517 0 0 
717 32.29395740552889 -79.88745796487638 0 0 
718 24.74586009330335 -82.53816107257697 0 0 
719 37.6348823864576 -77.75055166368598 0 0 
720 30.28042525574416 -80.89887825292321 0 0 
721 42.83420432422454 -75.25610234333548 0 0 
722 35.70615213071761 -78.88802634125189 0 0 
723 47.8679574174454 -72.41350916045731 0 0 
724 40.99806626285938 -76.5128500250526 0 0 
725 52.71280094715932 -69.23377962602622 0 0 
726 46.13167680299244 -73.78227443190032 0 0 
727 57.34612733776913 -65.72948794574904 0 0 
728 51.0830896929987 -70.70687274704667 0 0 
729 61.74616743499311 -61.91472609234251 0 0 
730 55.82911867516422 -67.29882620042069 0 0 
731 65.89209251148193 -57.80504779609051 0 0 
732 60.34739361111686 -63.57187656971387 0 0 
733 69.76411252329088 -53.41740567303516 0 0 
734 64.61646560542063 -59.54127138097986 0 0 
735 73.34357015512623 -48.77008174229441 0 0 
736 68.61590844115219 -55.22370202227866 0 0 
737 76.61303020919367 -43.88261161513955 0 0 
738 72.32641584936168 -50.63723501915566 0 0 
739 79.55636391148974 -38.7757026684574 0 0 
740 75.72989415115185 -45.80123675301067 0 0 
741 82.15882773039762 -33.47114654395409 0 0 
742 78.80954983009822 -40.73629193455474 0 0 
743 84.40713632542466 -27.99172634174569 0 0 
744 81.54997161384989 -35.46411617438504 0 0 
745 86.28952926872056 -22.36111890274321 0 0 
746 83.93720666686214 -30.00746302112986 0 0 
747 87.79583120855983 -16.60379259832141 0 0 
748 85.95883052124825 -24.390025864466 0 0 
749 88.9175051721424 -10.74490106804292 0 0 
750 87.60401039959152 -18.63633512545488 0 0 
751 89.64769873473092 -4.81017336661842 0 0 
752 88.86356161209447 -12.771651179996 0 0 
753 89.98128281319178 1.17419900033928 0 0 
754 89.72999674056676 -6.821853482586572 0 0 
755 89.91488287428712 7.181677655898401 0 0 
756 90.1975673533081 -0.8133263769536541 0 0 
757 89.44690238144774 13.18549503673486 0 0 
758 90.26229802780814 5.227157902641048 0 0 
759 88.57753833808923 19.15877366154567 0 0 
760 89.92201249220966 11.27255852062401 0 0 
761 87.30878882066544 25.07464645151446 0 0 
762 89.17635173151272 17.29568708833306 0 0 
763 85.64445243042833 30.90637756421968 0 0 
764 88.02678394038502 23.26932992938936 0 0 
765 83.59011962912095 36.62748319758342 0 0 
766 86.4766062410221 29.16637101243868 0 0 
767 81.15315596041199 42.21185181812152 0 0 
768 84.53093812161174 34.95991499603869 0 0 
769 78.3426771956109 47.63386326789284 0 0 
770 82.19670658842465 40.62340982754194 0 0 
771 75.16951647893268 52.86850620713119 0 0 
772 79.48262306222065 46.13076833740089 0 0 
773 71.64618358412142 57.89149335464039 0 0 
774 76.39915208733771 51.45648827247972 0 0 
775 67.78681643045583 62.67937399554723 0 0 
776 72.95847195937462 56.57577021661435 0 0 
777 63.60712504183762 67.20964323601216 0 0 
778 69.17442741457613 61.46463285390664 0 0 
779 59.12432816769822 71.46084749685194 0 0 
780 65.06247456076076 66.10002503993748 0 0 
781 54.35708281862794 75.41268575278846 0 0 
782 60.6396182656739 70.45993415830978 0 0 
783 49.32540700282433 79.04610604106776 0 0 
784 55.92434225387844 74.52349025455709 0 0 
785 44.050595981494 82.34339678246937 0 0 
786 50.93653219752554 78.27106545646637 0 0 
787 38.55513239206672 85.2882724791645 0 0 
788 45.69739211941249 81.68436820919078 0 0 
789 32.8625906173837 87.8659533773705 0 0 
790 40.22935445851191 84.746531875065 0 0 
791 26.9975358067091 90.06323870822914 0 0 
792 34.55598417844412 87.44219727173558 0 0 
793 20.98541798040854 91.86857314766321 0 0 
794 28.70187732807093 89.75758874794023 0 0 
795 14.85246167427916 93.27210616504846 0 0 
796 22.69255449034409 91.68058342393314 0 0 
797 8.625551601684691 94.2657439612433 0 0 
798 16.55434958061249 93.2007732530309 0 0 
799 2.332114831776126 94.84319372870894 0 0 
800 10.31429447869658 94.30951959190935 0 0 
801 -4.00000000000007 95.00000000000001 0 0 
802 3.99999999999993 95.00000000000001 0 0 
1 -39.84568075898454 -83.56113000040484 0 39.1712112351774 95.00000000000001 0 0 2 1 -801 
2 -33.71730208604129 -84.95032551395695 0 34.02894068867943 95 0 0 2 802 -2 
3 10 -4 0 10 4 0 0 2 2 -1 
4 -4.00000000000007 95.00000000000001 0 3.99999999999993 95.00000000000001 0 0 2 801 -802 
1 -39.84568075898454 -84.95032551395695 0 39.1712112351774 95 0 1 1 4 1 4 2 3 
$EndEntities
$Nodes
9 6895 1 6895
0 1 0 1
1
10 4 0
0 2 0 1
2
10 -4 0
0 801 0 1
3
-4.00000000000007 95.00000000000001 0
0 802 0 1
4
3.99999999999993 95.00000000000001 0
1 1 0 2804
5
6
7
8
9
10
11
12
13
14
15
16
17
18
19
20
21
22
23
24
25
26
27
28
29
30
31
32
33
34
35
36
37
38
39
40
41
42
43
44
45
46
47
48
49
50
51
52
53
54
55
56
57
58
59
60
61
62
63
64
65
66
67
68
69
70
71
72
73
74
75
76
77
78
79
80
81
82
83
84
85
86
87
88
89
90
91
92
93
94
95
96
97
98
99
100
101
102
103
104
105
106
107
108
109
110
111
112
113
114
115
116
117
118
119
120
121
122
123
124
125
126
127
128
129
130
131
132
133
134
135
136
137
138
139
140
141
142
143
144
145
146
147
148
149
150
151
152
153
154
155
156
157
158
159
160
161
162
163
164
165
166
167
168
169
170
171
172
173
174
175
176
177
178
179
180
181
182
183
184
185
186
187
188
189
190
191
192
193
194
195
196
197
198
199
200
201
202
203
204
205
206
207
208
209
210
211
212
213
214
215
216
217
218
219
220
221
222
223
224
225
226
227
228
229
230
231
232
233
234
235
236
237
238
239
240
241
242
243
244
245
246
247
248
249
250
251
252
253
254
255
256
257
258
259
260
261
262
263
264
265
266
267
268
269
270
271
272
273
274
275
276
277
278
279
280
281
282
283
284
285
286
287
288
289
290
291
292
293
294
295
296
297
298
299
300
301
302
303
304
305
306
307
308
309
310
311
312
313
314
315
316
317
318
319
320
321
322
323
324
325
326
327
328
329
330
331
332
333
334
335
336
337
338
339
340
341
342
343
344
345
346
347
348
349
350
351
352
353
354
355
356
357
358
359
360
361
362
363
364
365
366
367
368
369
370
371
372
373
374
375
376
377
378
379
380
381
382
383
384
385
386
387
388
389
390
391
392
393
394
395
396
397
398
399
400
401
402
403
404
405
406
407
408
409
410
411
412
413
414
415
416
417
418
419
420
421
422
423
424
425
426
427
428
429
430
431
432
433
434
435
436
437
438
439
440
441
442
443
444
445
446
447
448
449
450
451
452
453
454
455
456
457
458
459
460
461
462
463
464
465
466
467
468
469
470
471
472
473
474
475
476
477
478
479
480
481
482
483
484
485
486
487
488
489
490
491
492
493
494
495
496
497
498
499
500
501
502
503
504
505
506
507
508
509
510
511
512
513
514
515
516
517
518
519
520
521
522
523
524
525
526
527
528
529
530
531
532
533
534
535
536
537
538
539
540
541
542
543
544
545
546
547
548
549
550
551
552
553
554
555
556
557
558
559
560
561
562
563
564
565
566
567
568
569
570
571
572
573
574
575
576
577
578
579
580
581
582
583
584
585
586
587
588
589
590
591
592
593
594
595
596
597
598
599
600
601
602
603
604
605
606
607
608
609
610
611
612
613
614
615
616
617
618
619
620
621
622
623
624
625
626
627
628
629
630
631
632
633
634
635
636
637
638
639
640
641
642
643
644
645
646
647
648
649
650
651
652
653
654
655
656
657
658
659
660
661
662
663
664
665
666
667
668
669
670
671
672
673
674
675
676
677
678
679
680
681
682
683
684
685
686
687
688
689
690
691
692
693
694
695
696
697
698
699
700
701
702
703
704
705
706
707
708
709
710
711
712
713
714
715
716
717
718
719
720
721
722
723
724
725
726
727
728
729
730
731
732
733
734
735
736
737
738
739
740
741
742
743
744
745
746
747
748
749
750
751
752
753
754
755
756
757
758
759
760
761
762
763
764
765
766
767
768
769
770
771
772
773
774
775
776
777
778
779
780
781
782
783
784
785
786
787
788
789
790
791
792
793
794
795
796
797
798
799
800
801
802
803
804
805
806
807
808
809
810
811
812
813
814
815
816
817
818
819
820
821
822
823
824
825
826
827
828
829
830
831
832
833
834
835
836
837
838
839
840
841
842
843
844
845
846
847
848
849
850
851
852
853
854
855
856
857
858
859
860
861
862
863
864
865
866
867
868
869
870
871
872
873
874
875
876
877
878
879
880
881
882
883
884
885
886
887
888
889
890
891
892
893
894
895
896
897
898
899
900
901
902
903
904
905
906
907
908
909
910
911
912
913
914
915
916
917
918
919
920
921
922
923
924
925
926
927
928
929
930
931
932
933
934
935
936
937
938
939
940
941
942
943
944
945
946
947
948
949
950
951
952
953
954
955
956
957
958
959
960
961
962
963
964
965
966
967
968
969
970
971
972
973
974
975
976
977
978
979
980
981
982
983
984
985
986
987
988
989
990
991
992
993
994
995
996
997
998
999
1000
1001
1002
1003
1004
1005
1006
1007
1008
1009
1010
1011
1012
1013
1014
1015
1016
1017
1018
1019
1020
1021
1022
1023
1024
1025
1026
1027
1028
1029
1030
1031
1032
1033
1034
1035
1036
1037
1038
1039
1040
1041
1042
1043
1044
1045
1046
1047
1048
1049
1050
1051
1052
1053
1054
1055
1056
1057
1058
1059
1060
1061
1062
1063
1064
1065
1066
1067
1068
1069
1070
1071
1072
1073
1074
1075
1076
1077
1078
1079
1080
1081
1082
1083
1084
1085
1086
1087
1088
1089
1090
1091
1092
1093
1094
1095
1096
1097
1098
1099
1100
1101
1102
1103
1104
1105
1106
1107
1108
1109
1110
1111
1112
1113
1114
1115
1116
1117
1118
1119
1120
1121
1122
1123
1124
1125
1126
1127
1128
1129
1130
1131
1132
1133
1134
1135
1136
1137
1138
1139
1140
1141
1142
1143
1144
1145
1146
1147
1148
1149
1150
1151
1152
1153
1154
1155
1156
1157
1158
1159
1160
1161
1162
1163
1164
1165
1166
1167
1168
1169
1170
1171
1172
1173
1174
1175
1176
1177
1178
1179
1180
1181
1182
1183
1184
1185
1186
1187
1188
1189
1190
1191
1192
1193
1194
1195
1196
1197
1198
1199
1200
1201
1202
1203
1204
1205
1206
1207
1208
1209
1210
1211
1212
1213
1214
1215
1216
1217
1218
1219
1220
1221
1222
1223
1224
1225
1226
1227
1228
1229
1230
1231
1232
1233
1234
1235
1236
1237
1238
1239
1240
1241
1242
1243
1244
1245
1246
1247
1248
1249
1250
1251
1252
1253
1254
1255
1256
1257
1258
1259
1260
1261
1262
1263
1264
1265
1266
1267
1268
1269
1270
1271
1272
1273
1274
1275
1276
1277
1278
1279
1280
1281
1282
1283
1284
1285
1286
1287
1288
1289
1290
1291
1292
1293
1294
1295
1296
1297
1298
1299
1300
1301
1302
1303
1304
1305
1306
1307
1308
1309
1310
1311
1312
1313
1314
1315
1316
1317
1318
1319
1320
1321
1322
1323
1324
1325
1326
1327
1328
1329
1330
1331
1332
1333
1334
1335
1336
1337
1338
1339
1340
1341
1342
1343
1344
1345
1346
1347
1348
1349
1350
1351
1352
1353
1354
1355
1356
1357
1358
1359
1360
1361
1362
1363
1364
1365
1366
1367
1368
1369
1370
1371
1372
1373
1374
1375
1376
1377
1378
1379
1380
1381
1382
1383
1384
1385
1386
1387
1388
1389
1390
1391
1392
1393
1394
1395
1396
1397
1398
1399
1400
1401
1402
1403
1404
1405
1406
1407
1408
1409
1410
1411
1412
1413
1414
1415
1416
1417
1418
1419
1420
1421
1422
1423
1424
1425
1426
1427
1428
1429
1430
1431
1432
1433
1434
1435
1436
1437
1438
1439
1440
1441
1442
1443
1444
1445
1446
1447
1448
1449
1450
1451
1452
1453
1454
1455
1456
1457
1458
1459
1460
1461
1462
1463
1464
1465
1466
1467
1468
1469
1470
1471
1472
1473
1474
1475
1476
1477
1478
1479
1480
1481
1482
1483
1484
1485
1486
1487
1488
1489
1490
1491
1492
1493
1494
1495
1496
1497
1498
1499
1500
1501
1502
1503
1504
1505
1506
1507
1508
1509
1510
1511
1512
1513
1514
1515
1516
1517
1518
1519
1520
1521
1522
1523
1524
1525
1526
1527
1528
1529
1530
1531
1532
1533
1534
1535
1536
1537
1538
1539
1540
1541
1542
1543
1544
1545
1546
1547
1548
1549
1550
1551
1552
1553
1554
1555
1556
1557
1558
1559
1560
1561
1562
1563
1564
1565
1566
1567
1568
1569
1570
1571
1572
1573
1574
1575
1576
1577
1578
1579
1580
1581
1582
1583
1584
1585
1586
1587
1588
1589
1590
1591
1592
1593
1594
1595
1596
1597
1598
1599
1600
1601
1602
1603
1604
1605
1606
1607
1608
1609
1610
1611
1612
1613
1614
1615
1616
1617
1618
1619
1620
1621
1622
1623
1624
1625
1626
1627
1628
1629
1630
1631
1632
1633
1634
1635
1636
1637
1638
1639
1640
1641
1642
1643
1644
1645
1646
1647
1648
1649
1650
1651
1652
1653
1654
1655
1656
1657
1658
1659
1660
1661
1662
1663
1664
1665
1666
1667
1668
1669
1670
1671
1672
1673
1674
1675
1676
1677
1678
1679
1680
1681
1682
1683
1684
1685
1686
1687
1688
1689
1690
1691
1692
1693
1694
1695
1696
1697
1698
1699
1700
1701
1702
1703
1704
1705
1706
1707
1708
1709
1710
1711
1712
1713
1714
1715
1716
1717
1718
1719
1720
1721
1722
1723
1724
1725
1726
1727
1728
1729
1730
1731
1732
1733
1734
1735
1736
1737
1738
1739
1740
1741
1742
1743
1744
1745
1746
1747
1748
1749
1750
1751
1752
1753
1754
1755
1756
1757
1758
1759
1760
1761
1762
1763
1764
1765
1766
1767
1768
1769
1770
1771
1772
1773
1774
1775
1776
1777
1778
1779
1780
1781
1782
1783
1784
1785
1786
1787
1788
1789
1790
1791
1792
1793
1794
1795
1796
1797
1798
1799
1800
1801
1802
1803
1804
1805
1806
1807
1808
1809
1810
1811
1812
1813
1814
1815
1816
1817
1818
1819
1820
1821
1822
1823
1824
1825
1826
1827
1828
1829
1830
1831
1832
1833
1834
1835
1836
1837
1838
1839
1840
1841
1842
1843
1844
1845
1846
1847
1848
1849
1850
1851
1852
1853
1854
1855
1856
1857
1858
1859
1860
1861
1862
1863
1864
1865
1866
1867
1868
1869
1870
1871
1872
1873
1874
1875
1876
1877
1878
1879
1880
1881
1882
1883
1884
1885
1886
1887
1888
1889
1890
1891
1892
1893
1894
1895
1896
1897
1898
1899
1900
1901
1902
1903
1904
1905
1906
1907
1908
1909
1910
1911
1912
1913
1914
1915
1916
1917
1918
1919
1920
1921
1922
1923
1924
1925
1926
1927
1928
1929
1930
1931
1932
1933
1934
1935
1936
1937
1938
1939
1940
1941
1942
1943
1944
1945
1946
1947
1948
1949
1950
1951
1952
1953
1954
1955
1956
1957
1958
1959
1960
1961
1962
1963
1964
1965
1966
1967
1968
1969
1970
1971
1972
1973
1974
1975
1976
1977
1978
1979
1980
1981
1982
1983
1984
1985
1986
1987
1988
1989
1990
1991
1992
1993
1994
1995
1996
1997
1998
1999
2000
2001
2002
2003
2004
2005
2006
2007
2008
2009
2010
2011
2012
2013
2014
2015
2016
2017
2018
2019
2020
2021
2022
2023
2024
2025
2026
2027
2028
2029
2030
2031
2032
2033
2034
2035
2036
2037
2038
2039
2040
2041
2042
2043
2044
2045
2046
2047
2048
2049
2050
2051
2052
2053
2054
2055
2056
2057
2058
2059
2060
2061
2062
2063
2064
2065
2066
2067
2068
2069
2070
2071
2072
2073
2074
2075
2076
2077
2078
2079
2080
2081
2082
2083
2084
2085
2086
2087
2088
2089
2090
2091
2092
2093
2094
2095
2096
2097
2098
2099
2100
2101
2102
2103
2104
2105
2106
2107
2108
2109
2110
2111
2112
2113
2114
2115
2116
2117
2118
2119
2120
2121
2122
2123
2124
2125
2126
2127
2128
2129
2130
2131
2132
2133
2134
2135
2136
2137
2138
2139
2140
2141
2142
2143
2144
2145
2146
2147
2148
2149
2150
2151
2152
2153
2154
2155
2156
2157
2158
2159
2160
2161
2162
2163
2164
2165
2166
2167
2168
2169
2170
2171
2172
2173
2174
2175
2176
2177
2178
2179
2180
2181
2182
2183
2184
2185
2186
2187
2188
2189
2190
2191
2192
2193
2194
2195
2196
2197
2198
2199
2200
2201
2202
2203
2204
2205
2206
2207
2208
2209
2210
2211
2212
2213
2214
2215
2216
2217
2218
2219
2220
2221
2222
2223
2224
2225
2226
2227
2228
2229
2230
2231
2232
2233
2234
2235
2236
2237
2238
2239
2240
2241
2242
2243
2244
2245
2246
2247
2248
2249
2250
2251
2252
2253
2254
2255
2256
2257
2258
2259
2260
2261
2262
2263
2264
2265
2266
2267
2268
2269
2270
2271
2272
2273
2274
2275
2276
2277
2278
2279
2280
2281
2282
2283
2284
2285
2286
2287
2288
2289
2290
2291
2292
2293
2294
2295
2296
2297
2298
2299
2300
2301
2302
2303
2304
2305
2306
2307
2308
2309
2310
2311
2312
2313
2314
2315
2316
2317
2318
2319
2320
2321
2322
2323
2324
2325
2326
2327
2328
2329
2330
2331
2332
2333
2334
2335
2336
2337
2338
2339
2340
2341
2342
2343
2344
2345
2346
2347
2348
2349
2350
2351
2352
2353
2354
2355
2356
2357
2358
2359
2360
2361
2362
2363
2364
2365
2366
2367
2368
2369
2370
2371
2372
2373
2374
2375
2376
2377
2378
2379
2380
2381
2382
2383
2384
2385
2386
2387
2388
2389
2390
2391
2392
2393
2394
2395
2396
2397
2398
2399
2400
2401
2402
2403
2404
2405
2406
2407
2408
2409
2410
2411
2412
2413
2414
2415
2416
2417
2418
2419
2420
2421
2422
2423
2424
2425
2426
2427
2428
2429
2430
2431
2432
2433
2434
2435
2436
2437
2438
2439
2440
2441
2442
2443
2444
2445
2446
2447
2448
2449
2450
2451
2452
2453
2454
2455
2456
2457
2458
2459
2460
2461
2462
2463
2464
2465
2466
2467
2468
2469
2470
2471
2472
2473
2474
2475
2476
2477
2478
2479
2480
2481
2482
2483
2484
2485
2486
2487
2488
2489
2490
2491
2492
2493
2494
2495
2496
2497
2498
2499
2500
2501
2502
2503
2504
2505
2506
2507
2508
2509
2510
2511
2512
2513
2514
2515
2516
2517
2518
2519
2520
2521
2522
2523
2524
2525
2526
2527
2528
2529
2530
2531
2532
2533
2534
2535
2536
2537
2538
2539
2540
2541
2542
2543
2544
2545
2546
2547
2548
2549
2550
2551
2552
2553
2554
2555
2556
2557
2558
2559
2560
2561
2562
2563
2564
2565
2566
2567
2568
2569
2570
2571
2572
2573
2574
2575
2576
2577
2578
2579
2580
2581
2582
2583
2584
2585
2586
2587
2588
2589
2590
2591
2592
2593
2594
2595
2596
2597
2598
2599
2600
2601
2602
2603
2604
2605
2606
2607
2608
2609
2610
2611
2612
2613
2614
2615
2616
2617
2618
2619
2620
2621
2622
2623
2624
2625
2626
2627
2628
2629
2630
2631
2632
2633
2634
2635
2636
2637
2638
2639
2640
2641
2642
2643
2644
2645
2646
2647
2648
2649
2650
2651
2652
2653
2654
2655
2656
2657
2658
2659
2660
2661
2662
2663
2664
2665
2666
2667
2668
2669
2670
2671
2672
2673
2674
2675
2676
2677
2678
2679
2680
2681
2682
2683
2684
2685
2686
2687
2688
2689
2690
2691
2692
2693
2694
2695
2696
2697
2698
2699
2700
2701
2702
2703
2704
2705
2706
2707
2708
2709
2710
2711
2712
2713
2714
2715
2716
2717
2718
2719
2720
2721
2722
2723
2724
2725
2726
2727
2728
2729
2730
2731
2732
2733
2734
2735
2736
2737
2738
2739
2740
2741
2742
2743
2744
2745
2746
2747
2748
2749
2750
2751
2752
2753
2754
2755
2756
2757
2758
2759
2760
2761
2762
2763
2764
2765
2766
2767
2768
2769
2770
2771
2772
2773
2774
2775
2776
2777
2778
2779
2780
2781
2782
2783
2784
2785
2786
2787
2788
2789
2790
2791
2792
2793
2794
2795
2796
2797
2798
2799
2800
2801
2802
2803
2804
2805
2806
2807
2808
9.946242269150085 4.496978750728137 0
9.870848179368688 4.991074142759901 0
9.771208350787035 5.480877721522916 0
9.648982264636972 5.965541214139126 0
9.504593655995647 6.444072917515572 0
9.338667922337015 6.91556893536632 0
9.151915224129723 7.379211208379422 0
8.944851262122523 7.834148787929791 0
8.71810660179152 8.279603543002576 0
8.472460189601616 8.714921263298056 0
8.20846152951038 9.139363351237124 0
7.926795941040802 9.552291773860572 0
7.628263738324774 9.953197194026643 0
7.313404661260317 10.34141407335861 0
6.982998639986646 10.71648619052588 0
6.637786591279061 11.07798047531189 0
6.278349510155186 11.42533445390553 0
5.905532599898778 11.75828694080081 0
5.519930685505023 12.07634844630608 0
5.12229085376294 12.37922324277105 0
4.713355444014697 12.66666789589783 0
4.293728286430256 12.93826597324525 0
3.864219983138671 13.19395270495604 0
3.425408153359843 13.43332384424494 0
2.978068591211105 13.65635051449609 0
2.5228241334494 13.8627677249078 0
2.060367668552813 14.05247356591086 0
1.591379004852338 14.22540659811679 0
1.116477522033693 14.38136806507331 0
0.6363619093658563 14.52045717418429 0
0.15161781735704 14.64243983727019 0
-0.3370709085700979 14.74751458798482 0
-0.8291316679343657 14.83545725569213 0
-1.323911897713939 14.90652421355115 0
-1.820844933286036 14.96052624840238 0
-2.319315229745842 14.99775484838382 0
-2.818761894726472 15.01806448444617 0
-3.318607349658816 15.02177329678165 0
-3.818298494402651 15.00877683436713 0
-4.31729556029288 14.97942037165432 0
-4.81505471533986 14.93363205579926 0
-5.311074725115711 14.87178826680628 0
-5.804821033385069 14.79384070915614 0
-6.295832665040698 14.70019923481321 0
-6.783583568650239 14.59083419977522 0
-7.267654292796037 14.4661854590063 0
-7.74752781778608 14.32624491562921 0
-8.222824714538767 14.17147001604259 0
-8.693041603031306 14.00188728969421 0
-9.157831481686321 13.81794879911856 0
-9.616716734745706 13.61973984458676 0
-10.06936603401421 13.40767330143201 0
-10.51535021672023 13.18192791830961 0
-10.95432442581608 12.94283415516203 0
-11.38594029108401 12.69070071444312 0
-11.80980733034437 12.42574536476605 0
-12.22567697127315 12.1484069204302 0
-12.63311945271356 11.85882910428243 0
-13.03195979917668 11.55751341541314 0
-13.42176812641421 11.24460116729056 0
-13.8023905392969 10.92057661291648 0
-14.17346134135805 10.58565689467182 0
-14.53477065247361 10.24022750733515 0
-14.88609078213531 9.884644138667445 0
-15.2270987451121 9.519158547142563 0
-15.55771601393736 9.144247626959931 0
-15.87756739983151 8.760110901310162 0
-16.18661626635098 8.367230099432147 0
-16.48455912318854 7.965862408905654 0
-16.77126173855324 7.556388781299171 0
-17.04660725366982 7.139194042435493 0
-17.31030777367815 6.714542281619262 0
-17.5624040480594 6.282900481553621 0
-17.80258960111624 5.844519737809128 0
-18.03086722348719 5.399820945914517 0
-18.24709909404552 4.949142536606658 0
-18.45108927731311 4.492791875139933 0
-18.64292340371378 4.031199535940928 0
-18.82233052629693 3.564636970855654 0
-18.98938960493953 3.093511117673446 0
-19.14399402575583 2.618152940034591 0
-19.28599853992267 2.138879236511568 0
-19.41554348802774 1.656088844524672 0
-19.53240466096237 1.170072777759522 0
-19.63668978645574 0.6812031134532962 0
-19.72837076902557 0.1898140603601922 0
-19.80731012090865 -0.3037824990779852 0
-19.87371128263095 -0.799221701224615 0
-19.92741901122541 -1.296196749774154 0
-19.9685036521727 -1.794375040031764 0
-19.99706759169859 -2.293427512790251 0
-20.01296623681676 -2.79304384820789 0
-20.01642851907559 -3.292901581511844 0
-20.00741930027417 -3.792689788134767 0
-19.98591272841986 -4.292096869920243 0
-19.95215420389783 -4.790825534034179 0
-19.90604137736584 -5.288563574517196 0
-19.84771877137947 -5.785019833748937 0
-19.77733416621934 -6.279909822089081 0
-19.69480656018261 -6.772920145818929 0
-19.60039947889055 -7.263794716885217 0
-19.49416338470521 -7.75224547357993 0
-19.37609107389902 -8.237971199805589 0
-19.24648287843989 -8.720746956342838 0
-19.10533605603138 -9.200275890850605 0
-18.95273876539976 -9.676285434462379 0
-18.78896827988125 -10.14856726273298 0
-18.61400397732146 -10.61681728442498 0
-18.42803729392633 -11.08080831989701 0
-18.23128527856982 -11.54032951614395 0
-18.02374337338551 -11.99507912245194 0
-17.80567789962925 -12.44487789062735 0
-17.57725355598163 -12.88950537452112 0
-17.33849737289759 -13.3286712549542 0
-17.08971605504276 -13.76223732318932 0
-16.83104371680442 -14.18997563896737 0
-16.56254124650107 -14.61161286776221 0
-16.28453322386178 -15.02704445278939 0
-15.99713926142194 -15.43603877050334 0
-15.70045163024463 -15.838342483706 0
-15.3947996891656 -16.23387876424536 0
-15.0802998888542 -16.62241666734327 0
-14.7570702976348 -17.00372326933411 0
-14.42543877170022 -17.37774568645917 0
-14.08552608254339 -17.74425815738224 0
-13.73746920528916 -18.10304600511725 0
-13.38159225333428 -18.4540788165249 0
-13.01802512575245 -18.7971402651676 0
-12.64691680175279 -19.13202998401091 0
-12.26858729856741 -19.45873993352599 0
-11.88317850699742 -19.77706756139996 0
-11.49084580196702 -20.08682185199503 0
-11.09190460549937 -20.38801732839034 0
-10.68651073329938 -20.68046975721959 0
-10.27482218692223 -20.96399283054954 0
-9.857148094252119 -21.23862230504049 0
-9.433659574171367 -21.50419769295285 0
-9.004515687216879 -21.76053422547314 0
-8.570015927106761 -22.00768422907299 0
-8.130347699101517 -22.24551790045371 0
-7.685671686633444 -22.47385147337569 0
-7.236272834139733 -22.69274422782231 0
-6.782355579887062 -22.90210592061428 0
-6.324084344933679 -23.10175695505995 0
-5.861723969682355 -23.29174753360017 0
-5.395495902606525 -23.47203833809849 0
-4.925571296730737 -23.64246147985486 0
-4.452189930959787 -23.80303478715497 0
-3.975589141049045 -23.95378382409081 0
-3.495948614313489 -24.09456156404714 0
-3.013483213014824 -24.2253322288713 0
-2.52844053989929 -24.3461931320197 0
-2.041008104162251 -24.45702288056345 0
-1.551386095314265 -24.55774091886644 0
-1.059818314408939 -24.64848821163127 0
-0.5665011923723114 -24.72918526363128 0
-0.07162955614344291 -24.79972516710149 0
0.4245667777345351 -24.86025046412756 0
0.9218839003755227 -24.91074475942118 0
1.420126072522494 -24.9511000721394 0
1.919080681607173 -24.98140825890702 0
2.418541177989226 -25.00174043797863 0
2.91830965561704 -25.01201146750707 0
3.418183979257861 -25.01222374077303 0
3.917964527091833 -25.002541187125 0
4.417453134419297 -24.98291062425837 0
4.916448388491404 -24.95327901880457 0
5.414763987002373 -24.91383187932783 0
5.912206165669867 -24.86458044176992 0
6.408572206305139 -24.80546181973886 0
6.903680873238605 -24.73659899877434 0
7.397353896077645 -24.65810342434311 0
7.8893915397096 -24.56993646103786 0
8.379601520523625 -24.47211579658025 0
8.867830692960631 -24.36484488222108 0
9.353887315353044 -24.24812457567972 0
9.837569801289003 -24.12192704708102 0
10.31873251906887 -23.98643767158784 0
10.79720749127191 -23.84174301382453 0
11.27279674955236 -23.6878288657477 0
11.74532793536462 -23.52476661984857 0
12.21467651505464 -23.35275809445908 0
12.68065484431184 -23.1718186143375 0
13.14306786066632 -22.98195269937275 0
13.60180464776704 -22.78336840379679 0
14.05671005598677 -22.57615798732697 0
14.50759217724318 -22.36033336444281 0
14.95429648765802 -22.13598870643273 0
15.39672906711098 -21.90333305680173 0
15.83471219339279 -21.66240582045115 0
16.26805783014843 -21.41323391703183 0
16.6966830376867 -21.15602614915389 0
17.12045603324961 -20.89090019144976 0
17.539195885434 -20.61789443264919 0
17.95275330840362 -20.33709966356895 0
18.36107229688868 -20.04874034269641 0
18.76399325918376 -19.75288550241024 0
19.16133576001895 -19.44958002128634 0
19.55302705765197 -19.139010309368 0
19.93897782644533 -18.82133505574209 0
20.31902312045305 -18.49661820650177 0
20.6930070104771 -18.16493824518311 0
21.0609078078507 -17.82652323756324 0
21.42260002900761 -17.48148066452208 0
21.77791942632376 -17.129879108545 0
22.12676656330281 -16.77185469289241 0
22.4691205918316 -16.40761642368033 0
22.80483913069809 -16.0372533913597 0
23.1337630550099 -15.66084315602657 0
23.45586901468013 -15.27858186524527 0
23.77109637320599 -14.89062879517393 0
24.07930369918954 -14.49707571783696 0
24.38035699428929 -14.09802340157246 0
24.67427870605874 -13.69368931814786 0
24.96097735282305 -13.28420201748771 0
25.24031481294774 -12.86965837320269 0
25.51220181471695 -12.45019021355016 0
25.7766720873071 -12.02600679407246 0
26.03361822405675 -11.59722396243726 0
26.28290621765956 -11.1639441198008 0
26.52450725424609 -10.72633109908575 0
26.75843614040487 -10.28456932499324 0
26.98458366272578 -9.838774075505151 0
27.20282522172939 -9.389055673760044 0
27.41318989955446 -8.935598925686305 0
27.61566339070426 -8.47856418562208 0
27.81014234113987 -8.018070829272169 0
27.99652079982551 -7.554239784328971 0
28.17486573565645 -7.087260659589991 0
28.34514362974985 -6.617280036413941 0
28.50725775987144 -6.144421420964985 0
28.66112674536691 -5.668815829766539 0
28.80683970845052 -5.19064828045469 0
28.94435265480685 -4.710058401146198 0
29.07357622201449 -4.227173733827811 0
29.19445603707308 -3.742132960362153 0
29.30709258055727 -3.255111831671547 0
29.41143837709444 -2.766247366325609 0
29.50741218360884 -2.275670712301688 0
29.59498587933445 -1.783524942151643 0
29.67426519325712 -1.289975107175993 0
29.74520446935968 -0.7951577610909957 0
29.80773125000976 -0.2992072547329613 0
29.86184030440789 0.1977322994508243 0
29.90764055400942 0.6955064168381477 0
29.94509184178782 1.193978164401309 0
29.97413111196057 1.693010523764676 0
29.99477078305078 2.192461039400236 0
30.00712389465922 2.692185178514725 0
30.01115820519894 3.192045633056534 0
30.00682060985125 3.691903464957268 0
29.9941349291431 4.191619344961754 0
29.97322094151021 4.69105851899313 0
29.94405592240474 5.190083815585694 0
29.90659717705919 5.688555067080951 0
29.86087360345716 6.186336454768269 0
29.8070146303498 6.683303439749238 0
29.74500835511289 7.179319710542504 0
29.67482285463115 7.674244791161049 0
29.5964865639176 8.167945569991069 0
29.51014044777514 8.660308632933624 0
29.41578491103095 9.151199695901319 0
29.31339907257913 9.640478826698349 0
29.20300690449704 10.1280141062492 0
29.08476059390942 10.61370427514802 0
28.95867497982677 11.09741854192585 0
28.82474037777786 11.57901850699123 0
28.68297440952064 12.0583717491967 0
28.53353716099979 12.53538925699354 0
28.37646091279573 13.00994612542202 0
28.2117472485276 13.48190640690227 0
28.03940803971628 13.95113592503932 0
27.85960441738472 14.41755626411349 0
27.67239021191561 14.88105175859321 0
27.47777820557472 15.34148997279633 0
27.27577770665555 15.79873493472315 0
27.0665405078959 16.25271416892647 0
26.85014707973161 16.70332620032611 0
26.62662126991762 17.15044305313582 0
26.39597543113092 17.59392887785116 0
26.15833850151501 18.0337085020763 0
25.91382347024813 18.46970139838593 0
25.66246500119493 18.90178504033077 0
25.40428538287183 19.32982774516165 0
25.139377127135 19.75373940597087 0
24.86788977306219 20.17346800932823 0
24.58986918383721 20.58889788030832 0
24.30534877889875 20.99990336016852 0
24.01439123158314 21.40637745910609 0
23.71716526633263 21.80829073054706 0
23.41373527735607 22.20554095968848 0
23.10414536466845 22.59800949115963 0
22.78844207247647 22.98557738689219 0
22.46678841590554 23.36822155458914 0
22.13927677079843 23.74586387226331 0
21.80596140284299 24.11839360408723 0
21.46688757152341 24.48568967526872 0
21.12218721511527 24.84771087820872 0
20.77198962078535 25.20441705979467 0
20.41635854968078 25.55570635662982 0
20.05534887040762 25.90146576887466 0
19.68904964432496 26.2416165968276 0
19.31762265046887 26.5761606437201 0
18.94114442797181 26.90500993197423 0
18.55967926952437 27.22806098749748 0
18.17329430883925 27.54521128012949 0
17.78214837150417 27.85647108800331 0
17.38634343561345 28.16178444682047 0
16.98595244364948 28.46105820311516 0
16.58104142954993 28.75418740523811 0
16.17173401354296 29.04114612281439 0
15.75816793753513 29.32193245915061 0
15.34042391618045 29.59646434487058 0
14.9185763418794 29.86464782737085 0
14.4927130245901 30.12640779570221 0
14.06298978484607 30.38178175245541 0
13.62950219923868 30.6307122641316 0
13.1923320396739 30.87311709928601 0
12.7515572010382 31.10890370946995 0
12.3073125118909 31.33808626471076 0
11.85972091472624 31.56066148524453 0
11.40887060416913 31.77655945707516 0
10.95484536899913 31.98569808208994 0
10.49774403291804 32.18802542845448 0
10.03771172364751 32.3835971700864 0
9.574845911001749 32.57236487029203 0
9.109236233722291 32.75425933330924 0
8.64097023463207 32.92920181163444 0
8.170177887165906 33.09722755343406 0
7.696977226864864 33.25834622831852 0
7.221462712686781 33.41250198055199 0
6.743726086900461 33.55962677721651 0
6.263868598334586 33.69967986209978 0
5.782023716462271 33.83273497162543 0
5.298292711124624 33.95876053323343 0
4.812771410376731 34.07770234026641 0
4.325554340501681 34.18949474383439 0
3.836759728019988 34.29417532775524 0
3.346503435020515 34.39178158647551 0
2.854884297576266 34.48227341810863 0
2.361999924733917 34.56559875477133 0
1.86795118585617 34.64171715012458 0
1.372857912162537 34.71071641785159 0
0.8768239228630137 34.77259143085828 0
0.3799490156137768 34.82730456988582 0
-0.1176670183935971 34.87480641994767 0
-0.6159176752137485 34.91511238513467 0
-1.114692883245333 34.94830268300973 0
-1.613891786225641 34.97435537143174 0
-2.113413315434265 34.99323578527293 0
-2.613155317733197 35.00490311386674 0
-3.113013100962449 35.0094383562217 0
-3.612884871341175 35.00687852531151 0
-4.112669539449137 34.99720372993462 0
-4.612264701284013 34.98038275717292 0
-5.111567527912934 34.95640341705762 0
-5.610481917219946 34.92537357214768 0
-6.108908465531073 34.88730296606379 0
-6.606745626515401 34.8421752863577 0
-7.103889682940542 34.78996326216328 0
-7.600242678383558 34.73069996398891 0
-8.095716148866337 34.66448431319328 0
-8.590210669657749 34.59131609717888 0
-9.08362436901697 34.51118299728461 0
-9.575852572562832 34.42406395950903 0
-10.0668094373697 34.33004335878846 0
-10.55640809607128 34.22918875081709 0
-11.04454962525033 34.12150254362012 0
-11.53113188191227 34.00697682335628 0
-12.01605214060013 33.88560637851559 0
-12.49923807543585 33.75750528162176 0
-12.98060180207211 33.62271836535167 0
-13.46004509160761 33.48125233315557 0
-13.93746582211154 33.33310402819151 0
-14.41276734486923 33.17829128105212 0
-14.88588862589153 33.01693809168154 0
-15.35674026492761 32.84907707883733 0
-15.82522504683843 32.67471950688721 0
-16.2912411309234 32.49386730945997 0
-16.75470245454478 32.30656484427717 0
-17.215555059218 32.11293237222598 0
-17.67370896806475 31.91299834118978 0
-18.12906827391346 31.70677881685368 0
-18.58153182100932 31.49428108045041 0
-19.03102803768897 31.27557620556164 0
-19.47750547849375 31.05077275827293 0
-19.92087522002496 30.81990060922231 0
-20.36104296828818 30.58298083864588 0
-20.79790892696792 30.34002673235204 0
-21.2314181180939 30.09113212990066 0
-21.66151850821062 29.83639228535452 0
-22.08812367968827 29.57584144458096 0
-22.5111414155884 29.3095058041871 0
-22.93047468037857 29.03740612834844 0
-23.34608337253805 28.75965049585809 0
-23.75791565551928 28.47632566032348 0
-24.1658880158042 28.18747052562546 0
-24.56991078644281 27.89311644978757 0
-24.96989068940524 27.59329191855706 0
-25.3658004910801 27.28811286903135 0
-25.75758984437498 26.97766170863376 0
-26.14517864141166 26.66198193527732 0
-26.52848014657219 26.34111013430851 0
-26.90740528344071 26.0150818041944 0
-27.28193776687926 25.68401643041716 0
-27.6520303630421 25.34799511438658 0
-28.01760677249233 25.00706590142835 0
-28.37858371430839 24.66127051782638 0
-28.73487613820054 24.31065039078145 0
-29.08647699668325 23.95532551104256 0
-29.43334390880457 23.5953779820497 0
-29.77540485700839 23.23086023572296 0
-30.11258051002082 22.86181901177428 0
-30.44478938580064 22.48830051007523 0
-30.77203173460771 22.11042302704027 0
-31.09427220573079 21.72827119905315 0
-31.411443410543 21.34190175653369 0
-31.7234704817849 20.95136623582612 0
-32.03027502818041 20.55671471697169 0
-32.3318622344193 20.15806178261015 0
-32.62820612037412 19.75549592915599 0
-32.91924444104874 19.34907784978836 0
-33.2049072507994 18.93886364830025 0
-33.48511908413529 18.52490688610288 0
-33.75988668133864 18.10731640605997 0
-34.0291964080464 17.6861854397916 0
-34.29299153079771 17.26157841105674 0
-34.55120750640853 16.83355565132391 0
-34.80377239049715 16.40217426733361 0
-35.05068952217548 15.96753533151233 0
-35.29196124178075 15.5297374141664 0
-35.52753674574658 15.08884828912638 0
-35.7573573131599 14.64493217183421 0
-35.98135614723179 14.19805019793334 0
-36.19952637264821 13.74829377158663 0
-36.41189062519781 13.29576694626642 0
-36.61840443310617 12.84054049226555 0
-36.81901531538198 12.38268206446877 0
-37.01366266282832 11.92225679749025 0
-37.20232607802839 11.45934726911579 0
-37.38504782897702 10.99406036253401 0
-37.56179211518825 10.52647018469212 0
-37.73251305409846 10.05664738528463 0
-37.8971566440565 9.584660566214087 0
-38.05568980201596 9.110586357525975 0
-38.20816796153719 8.634530069698775 0
-38.35456852294463 8.156569777944174 0
-38.49485252680691 7.676778632075865 0
-38.62897292822824 7.195228184249061 0
-38.75688742773077 6.711992202626466 0
-38.87865385620939 6.227170452745344 0
-38.99426898303378 5.74084509616166 0
-39.10370105402176 5.253091255612568 0
-39.20691028677621 4.763982869489683 0
-39.3038512842295 4.273593686578143 0
-39.39456934911649 3.782015099473724 0
-39.47908823893583 3.289332863493602 0
-39.55738366781356 2.795623382311556 0
-39.62942336818675 2.300962401358917 0
-39.69516710707524 1.805425389513417 0
-39.75463012561119 1.309095446203896 0
-39.80787088010805 0.8120595277338397 0
-39.85487311896792 0.3143949230299599 0
-39.89561229813266 -0.1838214644088462 0
-39.93005602554854 -0.6825125992442095 0
-39.95819231497215 -1.181599379179531 0
-39.98009949518383 -1.680998400490092 0
-39.9957776374936 -2.180631785234303 0
-40.00521006751754 -2.680422050282321 0
-40.008372396247 -3.180291301392217 0
-40.00523886214042 -3.680160689392412 0
-39.99588070299926 -4.179952436352122 0
-39.98032660241644 -4.679589729158447 0
-39.95856785558352 -5.178995255659249 0
-39.93058817751433 -5.678090881368716 0
-39.8963637897234 -6.176797173473811 0
-39.85592920563779 -6.67503848715458 0
-39.80935426016944 -7.172743380288004 0
-39.75663841974413 -7.669835337988346 0
-39.69777355268153 -8.166236669745585 0
-39.63274421135341 -8.661868094544364 0
-39.56155000121068 -9.156651621345945 0
-39.48428161752642 -9.650523067723691 0
-39.40095769312199 -10.14340900406594 0
-39.31157824634197 -10.6352328567873 0
-39.21613614723473 -11.12591623472364 0
-39.11461892354718 -11.61537876521161 0
-39.00709667729151 -12.1035574633791 0
-38.8936247468848 -12.59038756904007 0
-38.77421121053246 -13.07579445287637 0
-38.64885720348837 -13.55970125222826 0
-38.51755705879589 -14.04202858607674 0
-38.3803331677641 -14.52270420893635 0
-38.23728022306777 -15.0016774173279 0
-38.08841882462312 -15.47887733255666 0
-37.93375824312074 -15.95422937217101 0
-37.77330115460406 -16.42765618555329 0
-37.60704786338256 -16.89907875160316 0
-37.43508346113647 -17.36844828506388 0
-37.25746177241985 -17.83570630635996 0
-37.07420004082484 -18.30078117240091 0
-36.88530909630763 -18.76359829225992 0
-36.69079357387467 -19.22407973701097 0
-36.49068834435682 -19.68215986074361 0
-36.28509068972386 -20.13780134042296 0
-36.07402871982119 -20.59093750591179 0
-35.8575212053929 -21.04149716815765 0
-35.63558092378769 -21.48940565028437 0
-35.40821816068497 -21.93458611516542 0
-35.17552079353721 -22.3770016599417 0
-34.93755020877916 -22.81660326028554 0
-34.69433282072169 -23.25332383597455 0
-34.4458892760051 -23.68709260552612 0
-34.19223467170491 -24.11783481779737 0
-33.93340562578377 -24.54548782918698 0
-33.66950376204075 -24.97002922718968 0
-33.40056767755701 -25.39139958239192 0
-33.12662553942013 -25.80953268758691 0
-32.84770019484297 -26.22435820921927 0
-32.56381001965858 -26.63580185170448 0
-32.27503475098823 -27.04383187825015 0
-31.98145050602709 -27.44841550109268 0
-31.68309255573067 -27.84949176758008 0
-31.37999112408121 -28.24699537250185 0
-31.07217150928379 -28.640856598451 0
-30.7596669082431 -29.03101103264255 0
-30.44257910982227 -29.41744986984465 0
-30.12096103937174 -29.80012659159666 0
-29.7948498113986 -30.17898159660951 0
-29.46427788052662 -30.55395069697195 0
-29.12927330238787 -30.92496489064591 0
-28.78989597637239 -31.29198354747076 0
-28.44624097134604 -31.65499998033521 0
-28.09835262103579 -32.01396151322353 0
-27.74627002398692 -32.36881009860385 0
-27.39002810013118 -32.71948279858564 0
-27.02965957509949 -33.06591335307366 0
-26.66525285295229 -33.40809380059319 0
-26.29688096058349 -33.74600190398299 0
-25.9245891705916 -34.07958625289574 0
-25.54841869161568 -34.40879055058569 0
-25.16840709329105 -34.73355330629796 0
-24.78459869277595 -35.05382008255521 0
-24.39709225147092 -35.36960242030993 0
-24.0059470209196 -35.68086622656404 0
-23.61121003734389 -35.98756225796883 0
-23.21292482910652 -36.28963609294726 0
-22.81113166956442 -36.5870279932117 0
-22.40589073618373 -36.8797044746627 0
-21.99729657212673 -37.16768118951878 0
-21.58540288385633 -37.45091847747602 0
-21.17025855207021 -37.7293694451377 0
-20.75190942356468 -38.002981842388 0
-20.33039866425912 -38.27169798191232 0
-19.90580303645058 -38.53551300628732 0
-19.47820453400513 -38.794432551881 0
-19.04765680151947 -39.04841765233854 0
-18.61421057921896 -39.2974239840226 0
-18.17791408250189 -39.54140170674401 0
-17.73881515639955 -39.78029885806849 0
-17.2970000993991 -40.0141349178002 0
-16.85254022505084 -40.2429038772343 0
-16.40549052705687 -40.46656970046442 0
-15.95590369684563 -40.68509080541083 0
-15.50383023989186 -40.8984200618978 0
-15.04932393694136 -41.10651573860557 0
-14.59247301008967 -41.30941244305068 0
-14.13334259854113 -41.50709683390319 0
-13.67198911713924 -41.69953594460704 0
-13.2084670302923 -41.88669123653403 0
-12.74282914511464 -42.06851852500549 0
-12.27513491087592 -42.24498932196725 0
-11.80546986819096 -42.41614605633826 0
-11.33389621493738 -42.58197175416289 0
-10.86047162211308 -42.74243676056135 0
-10.38525226040857 -42.89750580234386 0
-9.908293087632567 -43.04713793373379 0
-9.429657926747842 -43.1913193084245 0
-8.949427563746383 -43.33009500166916 0
-8.467663077874944 -43.46344746534369 0
-7.984423279394385 -43.59135055319621 0
-7.499765942305268 -43.71377248240893 0
-7.013747979618425 -43.8306758248596 0
-6.526435763839001 -43.94206120545594 0
-6.037904752491084 -44.04797346378593 0
-5.548215984724098 -44.14839667035913 0
-5.057429187405783 -44.24330839595958 0
-4.565603493690446 -44.33268059051844 0
-4.072797651380603 -44.41647958001162 0
-3.579078567745991 -44.49471892494211 0
-3.084516882406743 -44.56744237039057 0
-2.589173743265867 -44.63463708117776 0
-2.093109699097675 -44.69628450493062 0
-1.596385026514255 -44.75236053228949 0
-1.099060006671002 -44.80283549508774 0
-0.6012004375062067 -44.84773324015926 0
-0.1028727811477069 -44.88709726731146 0
0.3958617116347205 -44.92091859325184 0
0.8949419725721017 -44.94918272077757 0
1.394306820569568 -44.97186966848842 0
1.893894668087526 -44.98895401205107 0
2.39364207055817 -45.00046645980665 0
2.89348624030379 -45.00645230763016 0
3.39336600483426 -45.00690669302755 0
3.893220095364028 -45.00181931789454 0
4.392986694983271 -44.99117449598329 0
4.89260328475776 -44.97495120168213 0
5.392009114537021 -44.95318347139951 0
5.891145159999351 -44.92592073243625 0
6.389950632251545 -44.89316234362386 0
6.888364296381205 -44.85490232133672 0
7.386324064039602 -44.81112941255315 0
7.883766782231688 -44.76182714225816 0
8.380634210959593 -44.70702941124 0
8.876871557257637 -44.64679200810307 0
9.372418779770928 -44.58111859145452 0
9.867214962467662 -44.51000758743976 0
10.36119806557893 -44.43345228372246 0
10.85430467713331 -44.35144089526371 0
11.34647830142895 -44.26400421504252 0
11.83766925161771 -44.17120586266284 0
12.32781853180776 -44.07305412121255 0
12.81686590820264 -43.9695518875353 0
13.30474977605798 -43.86069705765883 0
13.7914068305346 -43.74648262705827 0
14.27678119211964 -43.6269342579767 0
14.76082907801462 -43.50212350108027 0
15.24349318412106 -43.37206402727171 0
15.72471431124832 -43.23676323240201 0
16.2044316275282 -43.09622366511474 0
16.68258232562654 -42.95044315504398 0
17.15910992962714 -42.79944137989246 0
17.63397704816841 -42.64329617668209 0
18.10712892143047 -42.48202797872485 0
18.57850778874748 -42.31564866279188 0
19.04805394613672 -42.14416544363412 0
19.51570553078752 -41.96758098358963 0
19.98140451371293 -41.78590945103378 0
20.44511936974688 -41.5992314184208 0
20.90679932083446 -41.40757609124192 0
21.36638843351308 -41.21095977508813 0
21.82382856871498 -41.00939430079377 0
22.27905916780114 -40.80288715402524 0
22.73202044211071 -40.59144878314895 0
23.18268449595121 -40.37515713211261 0
23.63100690799838 -40.15405270613142 0
24.0769339247003 -39.92815616542309 0
24.52040934507161 -39.6974838926785 0
24.96137434438018 -39.46204812454929 0
25.39976813626927 -39.22185864309127 0
25.83556219526329 -38.97698376222161 0
26.2687217442366 -38.72747825409421 0
26.69919552800474 -38.47336704856053 0
27.12692968021575 -38.21467096950861 0
27.55186753743638 -37.95140688920254 0
27.97394941997557 -37.68358788947017 0
28.39313948282676 -37.41126476831761 0
28.809416736339 -37.13450954961314 0
29.2227329037187 -36.85335132544896 0
29.63303685076916 -36.56781520645265 0
30.04027443007971 -36.27792258792711 0
30.44438837809011 -35.98369125448298 0
30.84533320983858 -35.68515578352682 0
31.24309991184331 -35.38239863205451 0
31.63764593632612 -35.07545618647731 0
32.02892324048387 -34.76435767572099 0
32.41688065294132 -34.44912879106249 0
32.80146369575075 -34.12979186688825 0
33.18261982871003 -33.80637235853597 0
33.56034347402191 -33.47895045770481 0
33.93460321153701 -33.14757468435785 0
34.30535446104184 -32.81227816495412 0
34.67254935830887 -32.47309070778375 0
35.03613663720052 -32.13003895518175 0
35.3960617069685 -31.78314688041281 0
35.75230979991586 -31.4324795438634 0
36.10486756380228 -31.07810221183582 0
36.4536942424624 -30.72005164946325 0
36.79874568308271 -30.35836149339358 0
37.13997416121943 -29.99306248782553 0
37.47732832900943 -29.62418257415944 0
37.81077415785754 -29.25176595884621 0
38.14031830035552 -28.87589238182195 0
38.46592631391487 -28.49660395548011 0
38.78755806110156 -28.11393790395502 0
39.10516976041743 -27.72792874568607 0
39.4187139172771 -27.33860841915141 0
39.72814442457803 -26.94601065724239 0
40.03347041335019 -26.55021230191168 0
40.33467302423821 -26.15126706794348 0
40.63171646630074 -25.74921544931159 0
40.9245612361653 -25.34409541880373 0
41.21316401967195 -24.93594261679655 0
41.49747759582547 -24.52479051737285 0
41.77749067223994 -24.11069755474574 0
42.05321103556647 -23.69373399283226 0
42.32460757887138 -23.27394327713032 0
42.59164537958033 -22.85136649819474 0
42.85428564416958 -22.42604262250583 0
43.11248562161289 -21.99800867593817 0
43.36621068288881 -21.56730705160021 0
43.61548389573251 -21.13401361061493 0
43.86028692743514 -20.69817898141389 0
44.10058971638816 -20.25984700585568 0
44.33635827023592 -19.81905962016303 0
44.56755462021506 -19.37585700010782 0
44.79413698395614 -18.93027792176219 0
45.01611169749109 -18.48238553317507 0
45.23348808966034 -18.03224348013509 0
45.44624122151869 -17.57989794951594 0
45.65434216853082 -17.12539344352328 0
45.85775801358959 -16.66877287723134 0
46.0564517470016 -16.21007785056988 0
46.25039778226695 -15.74935530197617 0
46.43962898174566 -15.28667619089228 0
46.62413220033628 -14.82209150364881 0
46.80388384894028 -14.35564780192913 0
46.97885627632733 -13.88739036598037 0
47.14901775381433 -13.41736331816857 0
47.31433267723051 -12.94560990438585 0
47.47481531244151 -12.47219071476792 0
47.63048335712327 -11.9971666412472 0
47.78131870192157 -11.52058600270175 0
47.92729918635763 -11.04249595383477 0
48.06839857425611 -10.56294267607541 0
48.20458651983991 -10.08197156420928 0
48.33584139562198 -9.599630888609656 0
48.46220410690717 -9.11598547396698 0
48.58367093151956 -8.631087307823817 0
48.70022536609157 -8.144984970357941 0
48.81184683509196 -7.657726250714835 0
48.91851067562246 -7.169358332244742 0
49.0201881127907 -6.679927974491111 0
49.11689028959222 -6.189490311514128 0
49.2086508710361 -5.698104067297453 0
49.29545920609508 -5.205818814043996 0
49.37730051075317 -4.712683519706913 0
49.45415595515783 -4.218746614224809 0
49.52600262725796 -3.724056344313413 0
49.59281935018262 -3.228661647391302 0
49.65464976609554 -2.732619838993176 0
49.71150526135045 -2.235983249991561 0
49.76337696888561 -1.738801405234517 0
49.81025197553384 -1.241123615117395 0
49.85211334241409 -0.7429990740298793 0
49.88894010471623 -0.244477047331392 0
49.92073215320957 0.2543913766376036 0
49.9475402956753 0.7535524705811995 0
49.96936461959663 1.252956299259696 0
49.98619821020065 1.752553247545558 0
49.99803016513723 2.252293638216908 0
50.00484561414142 2.752127606854042 0
50.00662596280928 3.252004820985773 0
50.00340298049402 3.751874915380576 0
49.99521229346468 4.251688292688192 0
49.98205301981945 4.751395535284571 0
49.96392032694568 5.250947026509159 0
49.94080546769823 5.750292778036857 0
49.91269580732527 6.249382258391742 0
49.87958147875247 6.748164651711893 0
49.84151646280525 7.246593754822152 0
49.79852053772365 7.744621735591756 0
49.75059493859502 8.2421995235834 0
49.69773703848689 8.739277522261647 0
49.63994038626262 9.235805500716632 0
49.57719474696785 9.731732370838536 0
49.50950644154563 10.22700885746774 0
49.43693553915558 10.72159350681859 0
49.35949354050659 11.21543889324648 0
49.27718389653879 11.70849635094352 0
49.19000630370946 12.2007163971495 0
49.09795674058939 12.6920486542061 0
49.00102753121842 13.18244157107593 0
48.89924643311753 13.67185054413105 0
48.79266676818222 14.1602369710623 0
48.68129817340683 14.6475537023449 0
48.5651464171339 15.1337525290719 0
48.44421361079824 15.61878426664101 0
48.31849829804801 16.10259846761221 0
48.18799654635523 16.58514355947478 0
48.05275731022374 17.06638249317036 0
47.91282120346556 17.5462767123599 0
47.76819994141744 18.02477985402453 0
47.61890166516648 18.50184438874873 0
47.46493100997174 18.97742149059236 0
47.30628918681737 19.4514608389194 0
47.14297927891146 19.92391229309601 0
46.97506259164723 20.39474620308143 0
46.80257123623945 20.86392347721396 0
46.62551922524948 21.33139878374903 0
46.44391714496921 21.79712537062233 0
46.25777223642205 22.26105492598062 0
46.06708846831248 22.7231374366843 0
45.87187786100039 23.18332582361997 0
45.67220713299493 23.64159670565556 0
45.46810368610371 24.09791061870302 0
45.25958387307993 24.55222338074076 0
45.04666078203563 25.00448915633931 0
44.82934430254876 25.45466036900231 0
44.60764123585772 25.90268750121009 0
44.3815730537199 26.34852801040692 0
44.15120735273129 26.79216326363389 0
43.91656961563565 27.23355396601871 0
43.67767856397324 27.67265722529763 0
43.4345497997408 28.10942833313441 0
43.18719591559046 28.5438206075146 0
42.93562659267987 28.97578524500264 0
42.67987212114991 29.40528525739944 0
42.41999846090464 29.83230549994326 0
42.15603111091051 30.25680741434235 0
41.88799115211988 30.67874959041484 0
41.61589671119034 31.09808862643357 0
41.33976309267815 31.51477895816511 0
41.05960287909287 31.92877272796673 0
40.77545370969512 32.3400388910492 0
40.48737899970875 32.74856504629889 0
40.19540548147418 33.15431387138045 0
39.89955654050496 33.5572456683301 0
39.59985281192048 33.95731854121465 0
39.29631230823777 34.3544882562439 0
38.98895050225616 34.74870815057145 0
38.67781035516467 35.13995289385701 0
38.3629530907811 35.52821255889975 0
38.04440717421535 35.91345164928742 0
37.72219827265923 36.29563233113802 0
37.39634950241821 36.67471440647255 0
37.06688153785842 37.050655213892 0
36.73381271457465 37.42340952475966 0
36.39718911609984 37.79295682000175 0
36.05707067452814 38.15929015858863 0
35.71348778316951 38.52237619313723 0
35.36646832312635 38.88217914723881 0
35.01603782032213 39.23866074290486 0
34.66221956046223 39.59178010867122 0
34.30503468119431 39.94149370002234 0
33.94453029382596 40.28778438672806 0
33.58076608162138 40.63064923282653 0
33.21377440932029 40.9700572270926 0
32.8435852503073 41.30597487468905 0
32.47022644604484 41.63836603520186 0
32.09372380896482 41.96719185615815 0
31.71410118800152 42.29241072751015 0
31.33140496740028 42.61400717048051 0
30.94569546798992 42.93198341800584 0
30.55700690441521 43.24631110208956 0
30.16537125400887 43.55695917376846 0
29.77081859048898 43.86389381613198 0
29.37337708621867 44.16707846617322 0
28.97307322592287 44.46647366079149 0
28.56995143915304 44.76206375811411 0
28.16407299966419 45.05385722810276 0
27.75547401034608 45.34182870030143 0
27.34418830955977 45.62594976474091 0
26.93024800367827 45.90618918040187 0
26.51368356109975 46.18251283430275 0
26.09452392381507 46.45488367880724 0
25.67281097883158 46.72328428591255 0
25.24860667197129 46.98772980933075 0
24.82194903688734 47.24819860640759 0
24.39287365211422 47.5046650616441 0
23.9614145250099 47.75710068273484 0
23.52760421788305 48.00547404729019 0
23.09147397010764 48.24975074421517 0
22.65306317341704 48.4899104302597 0
22.2124334637639 48.72597441292645 0
21.76962508140885 48.95792587497767 0
21.32467512181096 49.18574219516913 0
20.87761930766866 49.40939781563685 0
20.42849211553084 49.62886419926689 0
19.9773268989991 49.84410978138295 0
19.5241611234818 50.05511095474902 0
19.06905470809436 50.26189320214077 0
18.61205031951785 50.46444627875628 0
18.15318637519076 50.66275071190661 0
17.69250013386232 50.85678403887438 0
17.23002775607287 51.04652080253397 0
16.76580449076409 51.23193248591352 0
16.29986687963841 51.41299283750957 0
15.83227143283855 51.58972785442729 0
15.36306344956254 51.76213626452611 0
14.89228249549838 51.930201871692 0
14.41996703023358 52.09390550770985 0
13.94615475794123 52.25322492980758 0
13.47088255828078 52.40813485995866 0
12.99418718402413 52.55860818602882 0
12.5161202753955 52.70466582992817 0
12.03672975987156 52.846318615586 0
11.55605597401557 52.98355379898501 0
11.07413847397043 53.11635559308827 0
10.59101617543276 53.24470515315551 0
10.10672737621604 53.36858058570022 0
9.621309980991827 53.48795689632232 0
9.134810158391133 53.60284249883703 0
8.647277732769499 53.71326407555238 0
8.158753685930529 53.81921244509522 0
7.66927837252508 53.92067533765342 0
7.178891642613412 54.01763743638121 0
6.687632968834697 54.11008036789587 0
6.19554156707906 54.19798268789139 0
5.7026597871686 54.28133930429366 0
5.20903689875568 54.3601888854752 0
4.714714722479932 54.43452865045268 0
4.219734118318068 54.50434995046767 0
3.724135618461983 54.56964109711366 0
3.227959551571346 54.63038736319352 0
2.731246165621677 54.68657097774249 0
2.234036462450021 54.73817800962411 0
1.736376738055945 54.78524853832549 0
1.238309541690084 54.82779135068731 0
0.7398759503923023 54.86580149542468 0
0.2411168793779969 54.89927099779577 0
-0.2579267784287649 54.92818886926641 0
-0.7572140438936759 54.95254111359239 0
-1.256703699465016 54.97231124519436 0
-1.756352856722132 54.98752781493963 0
-2.25611938613496 54.9982171152088 0
-2.755962261975794 55.00437794326056 0
-3.255840416904509 55.0060060970683 0
-3.755712755436135 55.00309439608347 0
-4.255537868969319 54.99563269470064 0
-4.755274011833978 54.98360789164836 0
-5.254879779319624 54.96702730715369 0
-5.754315453529127 54.94593618795067 0
-6.253540494349666 54.92033873074506 0
-6.752514015684993 54.89023454804386 0
-7.251194987312884 54.85562030574017 0
-7.749541883491871 54.81648976072422 0
-8.24751274855231 54.7728337672598 0
-8.745065555774035 54.72464655328185 0
-9.242163725821991 54.67197516875277 0
-9.738768315528795 54.61483700489805 0
-10.23483897756806 54.55323550011144 0
-10.7303350592425 54.48717118403196 0
-11.22521530300629 54.41664173303811 0
-11.71943780464872 54.34164199011774 0
-12.21295988597 54.26216400337986 0
-12.70574489415573 54.17823655086783 0
-13.19775843063972 54.08989873052494 0
-13.68896104227509 53.99715778375633 0
-14.1793127033974 53.90001810844017 0
-14.66877275325325 53.79848129209552 0
-15.15729973126536 53.69254615943741 0
-15.64485128618865 53.58220880050686 0
-16.13138705435109 53.4674752727064 0
-16.61687824503964 53.34839883394645 0
-17.10128773746943 53.22499568121881 0
-17.5845765458702 53.09727403225831 0
-18.06670488294006 52.96523936301609 0
-18.54763205594551 52.82889445326879 0
-19.02731636215532 52.68823942684967 0
-19.50571516890738 52.54327248201053 0
-19.98279898152784 52.39403458777613 0
-20.45853740187938 52.24056190296976 0
-20.93289277836233 52.08286641193756 0
-21.40582657008509 51.92095740907173 0
-21.87729918455001 51.75484157383605 0
-22.3472699036333 51.58452301149491 0
-22.81569678465342 51.41000329618767 0
-23.28254230044526 51.23129646418806 0
-23.74778531495386 51.04845812055104 0
-24.21139112282283 50.86150735345674 0
-24.67332266179981 50.67045722555963 0
-25.13354182681291 50.47531821108826 0
-25.59200920801071 50.27609832171409 0
-26.04868409521731 50.07280311736784 0
-26.50352469651018 49.86543650957475 0
-26.95650779360508 49.65404301393942 0
-27.40760835349324 49.43866141417983 0
-27.85679114477895 49.21930842536998 0
-28.30401982563086 48.99599822340787 0
-28.74925661835527 48.76874262494318 0
-29.19246240911604 48.53755105317385 0
-29.63359651789255 48.30243066286165 0
-30.07262319485194 48.06339829705864 0
-30.50952917616502 47.82051125665576 0
-30.94428363092124 47.57379382244583 0
-31.37685227313631 47.32326375144687 0
-31.80719933297109 47.06893650454494 0
-32.23528754249477 46.81082527514539 0
-32.66107806496451 46.54894104216031 0
-33.08453039147246 46.28329274510963 0
-33.50562425788843 46.01392142332639 0
-33.92434308275178 45.74087291736016 0
-34.34065494515688 45.46416840985498 0
-34.75452637992962 45.18382685389582 0
-35.16592233174355 44.89986502783261 0
-35.57480607606632 44.61229760526597 0
-35.98113913779274 44.3211372208204 0
-36.38488549735845 44.02640037982597 0
-36.78603871483573 43.72814369019869 0
-37.18457480460497 43.42639885143117 0
-37.58046289600172 43.12118813355841 0
-37.97367044724271 42.81253171986002 0
-38.36416317433952 42.5004477830477 0
-38.75190497767572 42.18495255716796 0
-39.13685786736929 41.86606040441957 0
-39.51899799060416 41.54380293164108 0
-39.89832162111741 41.21823488580464 0
-40.27480131071374 40.88938231015418 0
-40.64840732187137 40.55726858822798 0
-41.01910810465242 40.22191518627488 0
-41.38687023183203 39.88334173058598 0
-41.75165833009292 39.54156608204482 0
-42.11343578376339 39.19660523804614 0
-42.47219680302072 38.8485082358167 0
-42.82792984231973 38.49731738694476 0
-43.18060820894192 38.14305908546698 0
-43.53020339883818 37.78575783175876 0
-43.87668494440207 37.42543640960384 0
-44.2200203676684 37.06211595402579 0
-44.5601751678516 36.69581597372358 0
-44.89711913805049 36.32656034108752 0
-45.23085776819195 35.95440512431025 0
-45.56137317363395 35.57938434034871 0
-45.88864004164778 35.20152540049212 0
-46.21263117124268 34.82085394832741 0
-46.53331724717237 34.43739414408586 0
-46.85066691383043 34.05116859533714 0
-47.16464663149576 33.6621985361133 0
-47.4752380770712 33.27051761370492 0
-47.78244917874261 32.87617977556844 0
-48.0862591925375 32.47921568276193 0
-48.38664432962469 32.07965368867252 0
-48.68357871841425 31.67752067051809 0
-48.97703439068718 31.27284206970604 0
-49.26698117404653 30.86564205224404 0
-49.553386757876 30.45594364540259 0
-49.83624929855429 30.04379099510581 0
-50.11557093953672 29.62923043265068 0
-50.39133158196384 29.21229268439888 0
-50.66350903173308 28.79300704454995 0
-50.93207892920706 28.37140151225666 0
-51.19701470386072 27.94750288563728 0
-51.4582875392565 27.5213368312942 0
-51.71586881777284 27.09292945831666 0
-51.96977009535413 26.66233084950735 0
-52.2199872706498 26.2295810469272 0
-52.46650200323923 25.79471150689329 0
-52.70929375693478 25.35775247708437 0
-52.94833977007418 24.91873308242108 0
-53.18361501976215 24.4776814126052 0
-53.41509218253436 24.03462460741526 0
-53.64274911860132 23.58959280416251 0
-53.86660543672944 23.14263710659441 0
-54.08665316033101 22.6937940963826 0
-54.30287577401481 22.24309593835976 0
-54.51525451125854 21.79057376617008 0
-54.72376832557348 21.33625777801763 0
-54.92839387516452 20.88017729232995 0
-55.12910547107531 20.42236087274746 0
-55.32588947851556 19.96284255254702 0
-55.5187690184213 19.50167172655662 0
-55.70773445385211 19.0388833059549 0
-55.8927711703362 18.57451012542705 0
-56.07386228444287 18.10858410567257 0
-56.25098858514471 17.64113643734283 0
-56.4241285230899 17.17219763649593 0
-56.59325818958042 16.7017976116112 0
-56.7583735175589 16.22997351990185 0
-56.91949792169408 15.75677166876734 0
-57.07662185445425 15.28222648436213 0
-57.22973270920002 14.80637133886179 0
-57.37881556374153 14.32923890644772 0
-57.5238531560766 13.85086128148355 0
-57.6648258687885 13.37127005768357 0
-57.80171170928886 12.89049640569317 0
-57.93451629677556 12.40857939760777 0
-58.06326143048295 11.92556204586167 0
-58.18793896305557 11.44147880568735 0
-58.30853837022479 10.95636350778232 0
-58.42504678995081 10.47024947789428 0
-58.53744901872963 9.983169602066729 0
-58.64572748811642 9.495156458384642 0
-58.74986234101724 9.006242382242274 0
-58.84986786154582 8.516466952299222 0
-58.94576389454893 8.025870343028252 0
-59.03754441429833 7.534487169402041 0
-59.12520105188396 7.042351630400958 0
-59.20872310262764 6.549497558814412 0
-59.28809751934885 6.055958522519496 0
-59.36330889774352 5.561767957176259 0
-59.43433989771717 5.066959262980255 0
-59.50121117718574 4.571571206162798 0
-59.56394193822954 4.075641835568254 0
-59.62252838366715 3.579205813780542 0
-59.67696437490439 3.082297560359041 0
-59.72724144242043 2.584951302010645 0
-59.77334878588391 2.08720117398291 0
-59.81527327340427 1.589081293686858 0
-59.85300016811853 1.090625933997638 0
-59.8865545155528 0.5918722842170867 0
-59.91595618100229 0.09285660918431121 0
-59.94120364256649 -0.4063864860052023 0
-59.96229305274063 -0.9058225051041883 0
-59.97921824970861 -1.405416974677983 0
-59.99197076481441 -1.905135359002822 0
-60.00053982630102 -2.404942976494872 0
-60.00491317726828 -2.904804904829574 0
-60.00511856068824 -3.404685961907854 0
-60.00117768834129 -3.904551521923219 0
-59.99309135602573 -4.404367210162778 0
-59.98085805631482 -4.904098596161917 0
-59.96447399549628 -5.403711115695486 0
-59.94393310639723 -5.903169993749606 0
-59.91922705732792 -6.402440165234689 0
-59.8903458870298 -6.901486213617971 0
-59.85731842846754 -7.400275052551711 0
-59.82016937639371 -7.898773874912254 0
-59.77890187417043 -8.396948655416075 0
-59.73351679123429 -8.894765204225161 0
-59.68401274926873 -9.392189033880197 0
-59.63038613804825 -9.889185308145846 0
-59.57263113058314 -10.38571875389646 0
-59.51073997274449 -10.88175360342523 0
-59.44474085758412 -11.37725864519207 0
-59.37466261609626 -11.87220326383916 0
-59.30051075301579 -12.36655398620884 0
-59.22228854174701 -12.86027700060673 0
-59.13999704998228 -13.35333808801951 0
-59.05363516493694 -13.84570253200092 0
-58.96319961299874 -14.3373350420754 0
-58.86868499057758 -14.82819966828111 0
-58.77011681739445 -15.31826645631186 0
-58.66752928528248 -15.80750764603193 0
-58.56093026239521 -16.29589047955344 0
-58.45032543290316 -16.78338172465398 0
-58.33571832957595 -17.26994759805369 0
-58.21711036144337 -17.75555369380856 0
-58.09450083837173 -18.24016490875775 0
-57.96788699468085 -18.72374535788171 0
-57.83728979423359 -19.2062653242919 0
-57.70274953795224 -19.68770074735115 0
-57.56427663501164 -20.16801981559836 0
-57.42187917528626 -20.64719005365129 0
-57.27556315790957 -21.12517830452202 0
-57.12533251741797 -21.60195068093813 0
-56.97118916400296 -22.07747245871064 0
-56.81313300197169 -22.55170802939887 0
-56.65118003850561 -23.02462703276511 0
-56.4853755586624 -23.49620951770875 0
-56.3157333453421 -23.96642508617406 0
-56.14226386946033 -24.43524221469406 0
-55.96497557402431 -24.90262858514973 0
-55.78387491471055 -25.36855100960877 0
-55.59896639236812 -25.83297536692085 0
-55.41025258199295 -26.29586653821691 0
-55.21774501394433 -26.75719286957415 0
-55.0214915818267 -27.21693819438329 0
-54.82151068460922 -27.67507443372988 0
-54.61781513775019 -28.1315711972177 0
-54.41041579886186 -28.58639718781256 0
-54.19932161038282 -29.03952013648236 0
-53.98453963902668 -29.49090673576328 0
-53.766075112115 -29.94052257220415 0
-53.54393639580039 -30.38833451734171 0
-53.3181704536392 -30.83432882142312 0
-53.08880191851546 -31.2784811120624 0
-52.85584589221884 -31.72076232705287 0
-52.61931559640298 -32.16114238612504 0
-52.37922241224712 -32.59959014333631 0
-52.13557592848226 -33.03607331629811 0
-51.8883839844481 -33.47055841843606 0
-51.63765384181445 -33.90301135489084 0
-51.38342703293186 -34.33341805018267 0
-51.12573631266353 -34.76175983039083 0
-50.86459899047179 -35.18800915944281 0
-50.60003058010467 -35.61213737497956 0
-50.33204483469926 -36.0341146574055 0
-50.0606538076063 -36.45390995077392 0
-49.78586788393135 -36.87149092412724 0
-49.50769583382477 -37.28682389284893 0
-49.22616873351568 -37.69989008605966 0
-48.94132933172539 -38.11067922836134 0
-48.65319710146209 -38.51916547787771 0
-48.36178975342125 -38.92532179470183 0
-48.06712333108187 -39.32911988106353 0
-47.76921226242776 -39.73053012760617 0
-47.46806940608245 -40.12952156175265 0
-47.16370609789551 -40.52606179003496 0
-46.85614344668457 -40.92012575927121 0
-46.54543028898003 -41.31171041342371 0
-46.2315900615777 -41.7007933355034 0
-45.91464257805688 -42.08734928045362 0
-45.59460606775009 -42.47135167066139 0
-45.27149723393755 -42.8527725430071 0
-44.94533130564403 -43.23158249884511 0
-44.61612208742591 -43.60775065153395 0
-44.28388524546681 -43.98124745852119 0
-43.94866773773376 -44.35207146565656 0
-43.61050001753344 -44.72020704766621 0
-43.26940386539751 -45.08563095367196 0
-42.92539957611037 -45.44831851517269 0
-42.57850601694332 -45.8082436025585 0
-42.22874066486621 -46.16537859844554 0
-41.87611967695002 -46.51969433180807 0
-41.52065800523238 -46.87116009322534 0
-41.16239290702124 -47.21976782825686 0
-40.80136461830217 -47.56551310173173 0
-40.43759674583162 -47.90837483141421 0
-40.07111152608599 -48.24833042647835 0
-39.70192983478211 -48.58535579766897 0
-39.33007127056869 -48.91942529265454 0
-38.9555542079494 -49.2505116565405 0
-38.57839584238646 -49.57858599491596 0
-38.19862147892263 -49.90362853585641 0
-37.8162786054563 -50.22564586691547 0
-37.43139409124314 -50.54462101298777 0
-37.04399193114874 -50.86053366045343 0
-36.65409487605989 -51.17336191882956 0
-36.26172448871912 -51.48308228961741 0
-35.86690120281572 -51.78966962843768 0
-35.46964438043441 -52.09309710473853 0
-35.06997396287323 -52.39333828371378 0
-34.66793404836264 -52.69039913709165 0
-34.26355855308801 -52.98427275397594 0
-33.85687308010412 -53.27494124183727 0
-33.4479020778978 -53.56238508341495 0
-33.03666890359159 -53.84658310668816 0
-32.6231958841554 -54.12751245258407 0
-32.20750437578867 -54.40514854039941 0
-31.78961481814554 -54.67946503316942 0
-31.36955947968112 -54.95045350696459 0
-30.94738162110391 -55.21812329154598 0
-30.52310845457068 -55.48245930913335 0
-30.09676593577214 -55.74344457385902 0
-29.66837903327691 -56.00106039872414 0
-29.23797178653295 -56.25528637232759 0
-28.80556735195065 -56.50610033876617 0
-28.37118808226549 -56.75347835453206 0
-27.93485827855802 -56.99739953042875 0
-27.49662191046157 -57.23787850826741 0
-27.05651092265057 -57.47490927576469 0
-26.61455261639457 -57.7084774982872 0
-26.17077336604017 -57.9385671236656 0
-25.72519871443461 -58.16516034434665 0
-25.27785343391848 -58.38823757517326 0
-24.82876157722836 -58.60777743279457 0
-24.3779465459894 -58.82375670305255 0
-23.92544291760986 -59.03617546424574 0
-23.47129048008336 -59.24504583768174 0
-23.01551764156008 -59.45035630407311 0
-22.55815198454913 -59.65209356939172 0
-22.09922035151463 -59.8502425604882 0
-21.63874890447931 -60.04478640936467 0
-21.17676318825361 -60.23570643268117 0
-20.71328819262033 -60.42298210874669 0
-20.24835066044297 -60.60659675747527 0
-19.78199179142423 -60.78657087790604 0
-19.31424340879772 -60.96290218786421 0
-18.84513408092114 -61.13558026720781 0
-18.37469172828041 -61.30459289558797 0
-17.90294367932049 -61.46992604373597 0
-17.42991673926534 -61.63156385693799 0
-16.95563725743759 -61.78948863639818 0
-16.4801311853476 -61.94368082098668 0
-16.00343179185012 -62.09414332219067 0
-15.52557680371309 -62.24089446362506 0
-15.04659557340702 -62.38392688116114 0
-14.56651687292315 -62.52323130737854 0
-14.08536895198554 -62.65879665950344 0
-13.60317965621392 -62.79061001498054 0
-13.11997644432157 -62.91865661328197 0
-12.63578648171919 -63.0429198333674 0
-12.15063763000108 -63.16338501077072 0
-11.66456715206002 -63.28007596396125 0
-11.17760708322984 -63.39299713805702 0
-10.68978680353443 -63.50214230430058 0
-10.2011352605207 -63.60750340757164 0
-9.711681068122907 -63.70907055533085 0
-9.221452566651188 -63.80683201307649 0
-8.730477877257274 -63.9007741979701 0
-8.238784967548586 -63.9908816674237 0
-7.74640475101585 -64.0771545641137 0
-7.253372522876245 -64.15961988430541 0
-6.759718200122919 -64.23827553356134 0
-6.265471173950713 -64.31311655476983 0
-5.770660587208948 -64.38413615330875 0
-5.275315392362002 -64.45132569823697 0
-4.779464413048816 -64.51467472012746 0
-4.283136406698762 -64.57417090612518 0
-3.786360225631048 -64.62980092991532 0
-3.289168533464605 -64.68158637622892 0
-2.79159289924645 -64.72954262582896 0
-2.293662910582706 -64.77366786944484 0
-1.795407980041806 -64.81395846305114 0
-1.296857410490976 -64.85040893350549 0
-0.7980404643723837 -64.88301198142558 0
-0.2989864216992462 -64.91175848242577 0
0.2002753600637512 -64.9366374855675 0
0.6997150680337824 -64.95764392970428 0
1.199301531847259 -64.97481039747963 0
1.699004994993352 -64.98814339024413 0
2.198796036615369 -64.99764244780569 0
2.698645267149475 -65.00330528923215 0
3.198523242403832 -65.00512782176067 0
3.698400443866348 -65.00310414775305 0
4.198247178140903 -64.99722656849649 0
4.698033542450903 -64.98748558583749 0
5.197729939430779 -64.97389054230703 0
5.69730771157774 -64.95647268952821 0
6.196737681956917 -64.93523522174083 0
6.695990638914308 -64.91017906561201 0
7.195037250135372 -64.88130335167961 0
7.693848002415105 -64.84860542683711 0
8.192393158103046 -64.81208086304417 0
8.690642685334156 -64.77172346505573 0
9.188566254983254 -64.72752595329824 0
9.68613661158647 -64.67951477883983 0
10.1833264721556 -64.62771154433212 0
10.68010706501138 -64.57212038072318 0
11.17644942376436 -64.51274363918137 0
11.67232433541437 -64.44958190821559 0
12.16770228202516 -64.38263402887017 0
12.66255338231477 -64.31189710746933 0
13.15684733292906 -64.23736652599398 0
13.65055412205541 -64.15904080929512 0
14.14364990004304 -64.07695611871488 0
14.63610773467613 -63.99112707283443 0
15.12789930064233 -63.90155922073854 0
15.61899595283909 -63.80825637073174 0
16.10936866792408 -63.71122061144359 0
16.59898799647892 -63.61045232831621 0
17.0878240009507 -63.50595022033588 0
17.57584619534843 -63.39771131422059 0
18.06302624550739 -63.28574285255858 0
18.54934329937188 -63.1700835795019 0
19.03477049348233 -63.05074460353568 0
19.51928001580467 -62.92773291270348 0
20.00284360936847 -62.80105380236985 0
20.4854325384979 -62.6707108931752 0
20.96701749657175 -62.53670616201885 0
21.44756858729322 -62.39903995109879 0
21.92705524489863 -62.25771099101759 0
22.40545244511189 -62.11273696319434 0
22.88274107256897 -61.96415392363348 0
23.35889451567243 -61.81197224677403 0
23.83388554586698 -61.65620037707887 0
24.30768640600149 -61.49684511042353 0
24.78026871332372 -61.33391163470092 0
25.25160341929336 -61.16740354990826 0
25.7216607674804 -60.99732288587698 0
26.19041027052377 -60.82367026743935 0
26.65783173941762 -60.64647393958569 0
27.12390620343415 -60.46576435051419 0
27.58860776784705 -60.28155300103121 0
28.05190990428554 -60.09384978857634 0
28.51378541591269 -59.90266303296588 0
28.97420638770513 -59.7079995052063 0
29.43314413625374 -59.50986445402442 0
29.89056915856166 -59.30826163038216 0
30.34645164005951 -59.10319456199763 0
30.80077621865785 -58.89469863924856 0
31.25352379836638 -58.68280007402043 0
31.70466935759044 -58.46751176198146 0
32.15418714807809 -58.24884505566751 0
32.60205064869675 -58.02680979796176 0
33.04823251875861 -57.80141435321703 0
33.49270455040462 -57.57266563631312 0
33.93543762105288 -57.34056913917031 0
34.37640320690524 -57.10513188485836 0
34.8155902733632 -56.86639332350806 0
35.25297975940799 -56.6243771612323 0
35.68854760961648 -56.37909767306954 0
36.12226895788194 -56.13056765343061 0
36.55411806802553 -55.87879846051223 0
36.98406828042263 -55.62380005542601 0
37.41209199295334 -55.36558101841421 0
37.8381605906043 -55.10414859267414 0
38.26224729265006 -54.83951331636687 0
38.68434482805296 -54.57171663660117 0
39.10443445398114 -54.30078105020243 0
39.52249320509202 -54.02672216940935 0
39.93849718816379 -53.74955421646828 0
40.35242155521821 -53.46929005280879 0
40.76424046713717 -53.18594121122727 0
41.17392703667279 -52.89951793958481 0
41.58145329819673 -52.61002922369421 0
41.98679442181057 -52.31748871621456 0
42.38994642112011 -52.02193862159434 0
42.79089124953343 -51.72340112331169 0
43.1896071091434 -51.4218931474642 0
43.58607119757454 -51.11743030527464 0
43.98025967637682 -50.81002692855044 0
44.372147631973 -50.49969610787124 0
44.76170903663181 -50.18644972803236 0
45.14891670704375 -49.87029850267992 0
45.53374769396966 -49.55125855034439 0
45.91620101643367 -49.22937214441277 0
46.29625967775426 -48.90466178502349 0
46.6739031519772 -48.5771456635258 0
47.04910983720941 -48.24684073535394 0
47.42185702117856 -47.91376276168415 0
47.79212084570029 -47.57792634918233 0
48.15987626984071 -47.23934498808575 0
48.52509703281968 -46.89803108768372 0
48.88776176417622 -46.55400248255112 0
49.24787232739183 -46.2073011838602 0
49.60541316714951 -45.8579504151759 0
49.96036513532992 -45.50596957155317 0
50.31270793170876 -45.15137690471795 0
50.66242009356596 -44.79418954546037 0
51.00947894192243 -44.43442356637613 0
51.35386055345946 -44.07209401630909 0
51.69553973162074 -43.70721495216143 0
52.03449621045339 -43.33980522561959 0
52.37073459373018 -42.96990637699373 0
52.70424120326734 -42.59754262729198 0
53.03499835891287 -42.22273451785386 0
53.36298719106362 -41.84550150767743 0
53.6881875831308 -41.4658620515228 0
54.01057816469942 -41.08383361732604 0
54.3301362617963 -40.69943275001879 0
54.646837879797 -40.31267509406118 0
54.96066331312778 -39.92357999216398 0
55.27161974049057 -39.53218821561802 0
55.57969584974934 -39.138525237068 0
55.88487554098256 -38.74261264981368 0
56.18714146846749 -38.34447105318477 0
56.48647499266956 -37.94412012862669 0
56.78285616098085 -37.541578675815 0
57.07626368139962 -37.13686465433285 0
57.3666748952184 -36.72999522318854 0
57.65407019717755 -36.32098991367926 0
57.93845884928195 -35.90988831320569 0
58.21983258731148 -35.49671734107881 0
58.49817699428714 -35.0814995389929 0
58.77347634341139 -34.66425656576263 0
59.04571357701166 -34.24500924444258 0
59.31487028398815 -33.82377760803782 0
59.58092667574173 -33.40058094391242 0
59.84386156045087 -32.97543783716274 0
60.1036551932471 -32.5483679644402 0
60.3603179266302 -32.11940913454075 0
60.61384546121138 -31.68858988328639 0
60.86422514543293 -31.25593360754822 0
61.11144297574941 -30.82146291392176 0
61.35548357848598 -30.38519966796572 0
61.59633019338536 -29.947165036315 0
61.83396465379446 -29.50737953044598 0
62.06836735973459 -29.06586305966011 0
62.29951854908961 -28.62263564160559 0
62.52742797018309 -28.17773258086941 0
62.75209650248308 -27.73118415513338 0
62.97351334103956 -27.28301450874579 0
63.19166629265119 -26.83324709063985 0
63.40654177368647 -26.38190467853606 0
63.61812477417223 -25.92900946854805 0
63.82639885985847 -25.47458308142142 0
64.03134614027927 -25.01864663572104 0
64.23294744126558 -24.56122086781612 0
64.4312093603161 -24.10233781223166 0
64.62613949979253 -23.64202955021497 0
64.81772897776852 -23.18032085425724 0
65.00596750834798 -22.71723586194415 0
65.19084337011712 -22.25279817626063 0
65.37234341112844 -21.78703087245562 0
65.55045302705824 -21.31995656516548 0
65.72515614668959 -20.85159745301905 0
65.89643521748852 -20.38197535733429 0
66.06429062589253 -19.91111868239114 0
66.22873814759497 -19.43906097828087 0
66.38977105406565 -18.96582757114249 0
66.54738102994051 -18.4914431784598 0
66.70155831115545 -18.01593206132542 0
66.85229168098216 -17.53931806047685 0
66.99956846035617 -17.0616246427114 0
67.1433744960996 -16.5828749477586 0
67.28369414744655 -16.10309183451397 0
67.42052165711956 -15.62230114799518 0
67.55387865165582 -15.14053629170052 0
67.68376214878971 -14.65782339410227 0
67.81016586703774 -14.17418761823012 0
67.93308206670756 -13.68965374882955 0
68.05250154537114 -13.20424624041272 0
68.16841363162879 -12.71798926442417 0
68.28080617709844 -12.23090675591645 0
68.38966554665851 -11.74302245976584 0
68.4949814559495 -11.25436101441602 0
68.59677688836766 -10.76495406533376 0
68.69505499569181 -10.27482869292909 0
68.78981159027401 -9.7840103367359 0
68.88104101577009 -9.29252415667758 0
68.96873614754185 -8.800395075791002 0
69.05288839255427 -8.307647813392228 0
69.13348768325609 -7.814306940525155 0
69.21052247083392 -7.320396930245558 0
69.28398054605736 -6.82594232837829 0
69.35388022246794 -6.330972108058194 0
69.42023372715175 -5.835514052689934 0
69.48303900883506 -5.33959371860167 0
69.5422925415691 -4.843236493874769 0
69.59798933496018 -4.346467588654911 0
69.65012293050646 -3.849312119969718 0
69.6986854042047 -3.351795128269552 0
69.74366736143241 -2.853941647635947 0
69.785057934325 -2.355776735862812 0
69.82286413503019 -1.857326975225918 0
69.85710993049648 -1.358619937586824 0
69.88779566309429 -0.8596811875031772 0
69.91491997544824 -0.3605361669502501 0
69.93848004941439 0.1387897841567197 0
69.95847160787108 0.6382713349236953 0
69.97488891861916 1.137883134475312 0
69.98772479545535 1.637599766847042 0
69.99697059754469 2.13739570869877 0
70.00262380134875 2.63724519508476 0
70.00471368097142 3.137122305605434 0
70.00324631664209 3.637001631579548 0
69.99822254277312 4.136857863112163 0
69.98964173999417 4.636665684614327 0
69.97750184328055 5.136399724207829 0
69.9617993483963 5.636034507320272 0
69.942529316503 6.135544414077763 0
69.91968537708877 6.634903634163868 0
69.89326078458843 7.134086173528963 0
69.8632797106859 7.633067768019613 0
69.82975860070674 8.131824055063833 0
69.79270048960315 8.630330017316565 0
69.75210697125121 9.128560546642625 0
69.70797820941213 9.62649040767743 0
69.66031294856717 10.12409418160792 0
69.60910852174212 10.62134622692395 0
69.55436085696148 11.11822063550385 0
69.49606448180816 11.61469119047154 0
69.43422890125103 12.110733376615 0
69.3688840015414 12.60632549475181 0
69.30003557064568 13.10144305891969 0
69.22768741659243 13.59606134059141 0
69.15184193379577 14.0901554257103 0
69.07250012166415 14.58370013422828 0
68.98966159529809 15.07666998521336 0
68.90332459245413 15.56903917141501 0
68.81348598527433 16.06078149514328 0
68.72014529385737 16.5518710978825 0
68.62333438744113 17.04228843045625 0
68.52306710012331 17.53201077849612 0
68.41934943376378 18.02101400712819 0
68.31218600611616 18.50927368045709 0
68.20158006205646 18.99676504661488 0
68.08753349017769 19.48346298805545 0
67.97004683811339 19.96934197157727 0
67.84911931998658 20.4543760243096 0
67.72474883066172 20.93853867412544 0
67.5969542973458 21.42180884816048 0
67.46576377371336 21.90416822243233 0
67.33118543936467 22.38559338747406 0
67.19322610511712 22.86606059223579 0
67.05189123643413 23.34554570084483 0
66.90718497681475 23.82402413480105 0
66.75911016158113 24.30147084290724 0
66.60766833289692 24.77786026067352 0
66.45285975257084 25.25316627138299 0
66.29468918914499 25.7273640888106 0
66.13319149985323 26.20043915443057 0
65.96838130448086 26.67237042324252 0
65.80026756636349 27.14313500772812 0
65.62885793656663 27.61270956058029 0
65.45415877523703 28.08107023680507 0
65.27617517131135 28.54819265554032 0
65.09491096063995 29.01405186151735 0
64.9103687426489 29.478622285916 0
64.7225499140811 29.94187770062479 0
64.53147744443703 30.40380067941886 0
64.33717999660384 30.86437643948529 0
64.139668631058 31.32358313686262 0
63.93895312889008 31.78139840314196 0
63.73504201830854 32.23779930504234 0
63.52794258956271 32.692762325809 0
63.31766092406801 33.14626331059281 0
63.10420191197885 33.59827743434937 0
62.88756926937339 34.04877916646961 0
62.6677705673149 34.49774468825687 0
62.44484173448632 34.94516425584828 0
62.21880021422997 35.39101935761146 0
61.98965785782894 35.83528876809892 0
61.75742528140673 36.27795067652833 0
61.52211192026663 36.718982596844 0
61.2837260380601 37.15836136252701 0
61.04227475001362 37.59606309009789 0
60.79776404905605 38.03206313450736 0
60.55019882193121 38.46633605977421 0
60.29960087535849 38.89886605546274 0
60.04600244863106 39.32964370506438 0
59.78941742073975 39.75864913496795 0
59.52985842441026 40.18586181288958 0
59.26733695990662 40.6112604687322 0
59.00186338713298 41.03482312006145 0
58.73344697378929 41.45652700212484 0
58.46209591112543 41.87634854817387 0
58.18781733485455 42.29426335804992 0
57.91061980845071 42.71024779700804 0
57.63053824358786 43.12429593033752 0
57.34759462612601 43.53639356055451 0
57.06180352507021 43.9465215852133 0
56.773178401233 44.35466014278629 0
56.4817316274501 44.76078859620449 0
56.18747452532216 45.16488549013791 0
55.89041739160533 45.56692852071344 0
55.59056952176427 45.96689450647286 0
55.28793923441901 46.36475935552416 0
54.98254413520103 46.76050596161713 0
54.67442034346792 47.1541317704251 0
54.36358513162263 47.54561998495416 0
54.05005381459915 47.93495231738611 0
53.73384067101617 48.32210964857209 0
53.41495897354596 48.70707200072901 0
53.09342101791268 49.08981850941195 0
52.76923815073859 49.47032739453907 0
52.44242079619585 49.84857593055998 0
52.11297872493584 50.2245406294448 0
51.7809416407669 50.59821552506096 0
51.44633812761531 50.9695940966181 0
51.10918523637026 51.33865978749149 0
50.76949902751009 51.70539516506547 0
50.4272946035318 52.06978189657237 0
50.08258614016806 52.43180072399492 0
49.73538691759241 52.79143143684515 0
49.38570934129475 53.1486528534405 0
49.03356498123401 53.50344278117729 0
48.67896776316353 53.85578119704389 0
48.32195347647553 54.20567025633643 0
47.96254466875276 54.55309920152155 0
47.60075905120258 54.89805243962603 0
47.23661343585255 55.2405134282775 0
46.87012373127151 55.58046468892843 0
46.50130501917322 55.91788774171356 0
46.13017155810298 56.25276310708529 0
45.75673682363131 56.58507027121035 0
45.38101353460283 56.91478766241104 0
45.0030220852854 57.24190235680311 0
44.62279774270147 57.56641893732264 0
44.24036041439421 57.888324612925 0
43.85572846741024 58.20760479001304 0
43.46891941593776 58.52424390121509 0
43.07994999007869 58.83822535615 0
42.68883615835023 59.14953152929517 0
42.29559315168488 59.45814374416871 0
41.90023550737335 59.76404223989766 0
41.50277712367557 60.0672061775707 0
41.10324580588064 60.36763304773005 0
40.70167198155121 60.66532422639297 0
40.29807539817843 60.96026722061353 0
39.89247501957303 61.25244851399314 0
39.4848890717029 61.54185354258964 0
39.07533506921298 61.82846668310883 0
38.66382985035188 62.11227123312034 0
38.25038960341028 62.39324939539485 0
37.83502990788483 62.67138225042531 0
37.41776674245081 62.94665121018733 0
36.99863246818947 63.21906273966486 0
36.57765309767566 63.48861412919468 0
36.15484888024115 63.75529404064133 0
35.73023936929433 64.01909006683778 0
35.30384345837285 64.27998871710271 0
34.87567941622995 64.53797540168269 0
34.4457649208585 64.79303441520325 0
34.01411709296087 65.04514891884669 0
33.58075252861896 65.2943009214317 0
33.14569006031149 65.54047608688239 0
32.70896311602445 65.78368620247957 0
32.27059522611972 66.02392603855941 0
31.83060709716038 66.26118546061367 0
31.3890188266462 66.49545322781989 0
30.94584993915607 66.72671698101507 0
30.50111942461373 66.95496322801664 0
30.05484575933322 67.1801773361739 0
29.60704695669178 67.40234350814735 0
29.15774059395537 67.62144476859174 0
28.70694842793305 67.83747254823018 0
28.25470280896717 68.05044082446803 0
27.80102611539732 68.2603433047334 0
27.34593946798169 68.46717110199438 0
26.88946346576422 68.67091419275387 0
26.43161820409741 68.87156141531391 0
25.97242334496432 69.06910044337471 0
25.51189812228582 69.26351778703417 0
25.05006139275942 69.45479877224773 0
24.5869316625396 69.64292752938084 0
24.1225331579557 69.82790217436134 0
23.65689610425062 70.00973650137286 0
23.19004254342439 70.18842437571 0
22.72199396863193 70.36395819896707 0
22.25277139144488 70.53632923048532 0
21.782395455424 70.70552755075022 0
21.31088641928243 70.8715420723218 0
20.83826422059365 71.03436051951621 0
20.36454850011011 71.19396942113248 0
19.88975864060023 71.35035409779741 0
19.41392052480918 71.50351963369484 0
18.93706201137978 71.65347815502426 0
18.45920524275558 71.80022458555337 0
17.98037198277607 71.94375267391787 0
17.5005836359524 72.08405499520813 0
17.01986128665399 72.2211229447699 0
16.53822574695696 72.35494672838188 0
16.05569758450882 72.4855153569443 0
15.57229715658433 72.612816637905 0
15.08804472007988 72.7368374138036 0
14.60296664043634 72.85758865518437 0
14.11708891458337 72.97508097051863 0
13.63043381751418 73.08931067703799 0
13.14302332083253 73.20027290674632 0
12.65487912955151 73.30796160485504 0
12.16602271829998 73.41236952698962 0
11.67647536702169 73.51348823517083 0
11.18625819636411 73.61130809254919 0
10.69539220278979 73.70581825690618 0
10.20389843096672 73.79700740177589 0
9.711802791111724 73.88489080120917 0
9.219129941124512 73.9694784720821 0
8.725902205759485 74.0507681571266 0
8.232141691632329 74.12875640639723 0
7.737870323374516 74.20343857812422 0
7.243109879256963 74.27480883831591 0
6.747882026425928 74.34286015910934 0
6.252208355883003 74.40758431587048 0
5.75611041489198 74.46897188333951 0
5.259609892172832 74.5270134011347 0
4.762731622297276 74.58172722647529 0
4.265499245321464 74.6331235852505 0
3.767935063131284 74.68120167032403 0
3.270061229525511 74.72595948175065 0
2.771899795782093 74.76739382871804 0
2.273472759835911 74.80550033033136 0
1.774802082264269 74.84027341789051 0
1.275909727269802 74.87170633365832 0
0.7768177015663995 74.89979112875449 0
0.2775481621644706 74.92452006049298 0
-0.2218754524793984 74.94591359082342 0
-0.7214303716083137 74.9639828655519 0
-1.221094452618223 74.97872855115334 0
-1.72084555768158 74.99015012214423 0
-2.2206616087609 74.99824586933924 0
-2.720520482299534 75.00301290224641 0
-3.220400030373824 75.00444715297708 0
-3.720278005575879 75.00254337738635 0
-4.220132051222532 74.99729515572601 0
-4.719939672374353 74.98869622413694 0
-5.219678956513767 74.97676829220879 0
-5.719328080324363 74.96152408773251 0
-6.218865078931982 74.94296576236763 0
-6.718267991274505 74.92109428551205 0
-7.21751477835202 74.89590945361591 0
-7.716583309540241 74.86740989602583 0
-8.215451342046912 74.83559307924534 0
-8.714096464393617 74.80045531209964 0
-9.21249607339289 74.76199174791202 0
-9.710627415657402 74.72019737968813 0
-10.20847010486873 74.67509428253972 0
-10.70600340066891 74.62669742223139 0
-11.2032056668426 74.57501044290076 0
-11.7000551646874 74.52003582140836 0
-12.19653003170317 74.46177487584835 0
-12.69260823644438 74.40022777537098 0
-13.18826754672574 74.33539354747249 0
-13.68348549857813 74.26727008391921 0
-14.1782393627494 74.19585414575616 0
-14.67250617725333 74.1211418793733 0
-15.16626688338249 74.04315467835399 0
-15.65950213550971 73.96191044596567 0
-16.152190722514 73.87741431794986 0
-16.64431125964573 73.78967028049399 0
-17.13584215638263 73.69868118223266 0
-17.62676158443082 73.60444874497757 0
-18.11704744564339 73.50697357323645 0
-18.60667733986074 73.40625516253895 0
-19.09562853234695 73.30229190665229 0
-19.58387794183576 73.19508120322823 0
-20.07140734632492 73.08464244617764 0
-20.55819930285286 72.97099724808044 0
-21.04423313292769 72.85415222654984 0
-21.52948791025478 72.73411287254159 0
-22.01394243214579 72.6108835639379 0
-22.49757518426233 72.4844675795533 0
-22.9803643271338 72.35486710617336 0
-23.46228764651708 72.22208325372669 0
-23.94332252659507 72.08611606350274 0
-24.42344592350711 71.9469645148851 0
-24.90263965489195 71.80464444136383 0
-25.380888867986 71.6591819154292 0
-25.8581734985369 71.51058506662046 0
-26.33447321415059 71.35886086939358 0
-26.80976730678828 71.20401522318278 0
-27.28403470798252 71.04605295334503 0
-27.75725394903307 70.88497782783878 0
-28.22940312413207 70.72079257208486 0
-28.70045987022292 70.55349887691361 0
-29.17040133042005 70.38309741087822 0
-29.6392086692556 70.20960007459128 0
-30.106869893131 70.03303670332026 0
-30.57336595971175 69.85341744014076 0
-31.03867717556139 69.67075074214064 0
-31.50278347795292 69.48504399826791 0
-31.96566435192342 69.2963035672332 0
-32.42729882138349 69.10453478560441 0
-32.88766542662139 68.90974197957384 0
-33.34674218009174 68.71192848464355 0
-33.80450654812394 68.51109665332218 0
-34.26093859452926 68.30725497360685 0
-34.7160289404872 68.10043516481642 0
-35.16976011567569 67.89065033008767 0
-35.62211325331619 67.6779103488968 0
-36.07306901279882 67.46222408449516 0
-36.52260755849044 67.24359940012499 0
-36.97070854290968 67.0220431715139 0
-37.41735106937141 66.79756130800845 0
-37.86251366380164 66.57015876821949 0
-38.30617424864566 66.33983957335107 0
-38.7483117313559 66.10660987069598 0
-39.18891823322126 65.87050064148332 0
-39.62797889233406 65.6315290965279 0
-40.06547574873512 65.38970650832397 0
-40.50139031954402 65.14504316646631 0
-40.93570357376405 64.89754839807446 0
-41.36839590686015 64.64723058704267 0
-41.79944711473175 64.39409719234968 0
-42.22883636741169 64.13815476525862 0
-42.65654218198944 63.87940896571415 0
-43.0825427445613 63.61786516787524 0
-43.50682961680699 63.35355035940324 0
-43.92939196132151 63.08648719349647 0
-44.35021284512363 62.81668827878221 0
-44.76927475758177 62.54416528092212 0
-45.18655958495621 62.26892894607656 0
-45.6020485938071 61.99098911716403 0
-46.01572240241716 61.71035475656715 0
-46.42756095355144 61.42703396683406 0
-46.83754349141969 61.14103400725987 0
-47.24564853572659 60.85236131110648 0
-47.65186393579116 60.5610355249373 0
-48.05618468969848 60.26708587360667 0
-48.45859504983893 59.97052630675687 0
-48.85907859036197 59.67136980574555 0
-49.25761822742861 59.36962848049859 0
-49.65419622454458 59.06531357142382 0
-50.04879414178843 58.75843549217547 0
-50.44139281996316 58.44900384509089 0
-50.83197236712336 58.13702743291391 0
-51.22051212134911 57.82251428786681 0
-51.60699565075576 57.50547778964086 0
-51.99142230744603 57.18595028502371 0
-52.37377891019825 56.86394856720035 0
-52.75405023190238 56.53948685960201 0
-53.13222035043728 56.21257855258836 0
-53.50827262343689 55.88323623204689 0
-53.88218968056964 55.55147169126259 0
-54.25395339040254 55.21729596345572 0
-54.62354484628238 54.88071933629676 0
-54.99094434004403 54.54175137576314 0
-55.35613265361926 54.20040235877367 0
-55.71910918008393 53.85670230351072 0
-56.07986578252167 53.5106728950643 0
-56.43838854749622 53.16232950901931 0
-56.79466279957862 52.81168675824998 0
-57.14867312485454 52.4587584781808 0
-57.50040333303917 52.10355776974097 0
-57.84983643686238 51.74609702450707 0
-58.19695464209978 51.38638793735814 0
-58.54173932047274 51.02444153493771 0
-58.88417098819577 50.66026819710005 0
-59.22424306813651 50.29389044602258 0
-59.56195560454675 49.92533661087353 0
-59.89729607547819 49.55462316504612 0
-60.2302511794329 49.18176583332988 0
-60.56080682175998 48.8067796294193 0
-60.88894810698831 48.42967887140773 0
-61.21465931237655 48.05047721688166 0
-61.53792387154598 47.66918768527346 0
-61.85872435710272 47.28582267970169 0
-62.17704246102122 46.90039400983453 0
-62.4928642652614 46.51291721772999 0
-62.80619549388942 46.12342365572884 0
-63.11702715998254 45.73193244435993 0
-63.42534742640142 45.33846032976015 0
-63.73114363289298 44.943023391911 0
-64.03440227838688 44.54563707556788 0
-64.33510900836498 44.14631621302041 0
-64.63324859890346 43.74507504938439 0
-64.92880493959413 43.34192726773242 0
-65.22176101640368 42.93688601265723 0
-65.51209946549309 42.52996433254183 0
-65.79982312084614 42.12118958678596 0
-66.08493078222475 41.71058598514723 0
-66.36741216801344 41.29817118850577 0
-66.64725614103563 40.88396224410926 0
-66.92445069650525 40.46797561307859 0
-67.19898294765215 40.05022719958319 0
-67.47083911870209 39.63073236691081 0
-67.74000452419605 39.20950597233808 0
-68.00646355435104 38.78656239129629 0
-68.27019966046851 38.36191553952685 0
-68.53120485597216 37.93558471020533 0
-68.78948819055421 37.50759940894969 0
-69.04504179691033 37.07797857681305 0
-69.29785614543832 36.64674011889927 0
-69.54792081818198 36.21390139791411 0
-69.79522449813288 35.77947926146501 0
-70.03975494608277 35.34349008963333 0
-70.28149900239779 34.90594979692217 0
-70.52044256563946 34.46687387274773 0
-70.75657058190795 34.02627740108347 0
-70.98986852369053 33.58417588362845 0
-71.22034513107461 33.14059698742432 0
-71.44800018969958 32.69556341654236 0
-71.67282586660494 32.24909379420135 0
-71.89481340915532 31.80120626863184 0
-72.1139531477717 31.35191851939928 0
-72.33023447599609 30.90124780683711 0
-72.54364584773165 30.44921098466277 0
-72.75417476383336 29.99582453192479 0
-72.96180776056003 29.54110457906632 0
-73.16653039664884 29.08506693473586 0
-73.36833880967706 28.62773219873298 0
-73.56724515772707 28.16912781736058 0
-73.76324386138742 27.70927325491526 0
-73.9563279136778 27.24818730052726 0
-74.14648936869997 26.78588833441741 0
-74.33371932794878 26.32239437307699 0
-74.51800794109906 25.85772307683743 0
-74.69934439583206 25.39189178088583 0
-74.87771690526552 24.92491753037373 0
-75.05311270108085 24.45681709844902 0
-75.225519538299 23.98760758316853 0
-75.39494954349917 23.51731491942132 0
-75.56140561319346 23.04596144645556 0
-75.72488254146838 22.57356647670801 0
-75.88537417179649 22.10014895525769 0
-76.0428733864172 21.62572750599055 0
-76.1973721015778 21.15032045866887 0
-76.34886126272256 20.67394587283631 0
-76.49733083747527 20.1966215651798 0
-76.64276980778911 19.71836513643531 0
-76.78516616117111 19.23919399816509 0
-76.92451708170543 18.75912834345221 0
-77.060838855529 18.27819374257917 0
-77.19412906923237 17.79641014223697 0
-77.32438340961389 17.31379691569732 0
-77.45159659346274 16.83037316219233 0
-77.57576236479385 16.34615773500645 0
-77.69687349119445 15.86116926916069 0
-77.81492175919703 15.37542620909999 0
-77.92989796934322 14.88894683365318 0
-78.04179192911423 14.40174928586475 0
-78.15059301479695 13.91385173458894 0
-78.2563136994651 13.42527742288934 0
-78.35896245903621 12.93604848344521 0
-78.45853687132195 12.44618456232215 0
-78.55503353580603 11.95570508286725 0
-78.64844807333907 11.46462927373274 0
-78.73877512419249 10.9729762005796 0
-78.8260083487412 10.48076477806151 0
-78.91014042129322 9.988013813510026 0
-78.99116302699449 9.494742029744099 0
-79.06906685746097 9.000968089116482 0
-79.14384762348705 8.506711530297343 0
-79.21552534405208 8.011995418657438 0
-79.28410227779973 7.516839951062233 0
-79.34957694134134 7.021264734409807 0
-79.41194687147312 6.525289212302157 0
-79.47120862352233 6.028932711970112 0
-79.52735777023877 5.532214484336807 0
-79.58038890479641 5.035153700070105 0
-79.63029563617224 4.537769502468161 0
-79.67707058802851 4.040081022670475 0
-79.72070539484338 3.542107411579547 0
-79.76120749064376 3.043869214588739 0
-79.79859424437535 2.545387556870705 0
-79.83286615509088 2.046682062227369 0
-79.86402269988479 1.547772249360861 0
-79.89206237567591 1.04867755879338 0
-79.9169827007357 0.549417397419631 0
-79.93878021721396 0.05001115185064975 0
-79.95745049159152 -0.4495217791460542 0
-79.97298811458423 -0.9491619570364597 0
-79.98538670025162 -1.448889878563176 0
-79.99464036427608 -1.948685916404924 0
-80.00076836769807 -2.448530081298681 0
-80.00378073857497 -2.94840272402856 0
-80.0036789106275 -3.448284436074492 0
-80.00046333855121 -3.948155821373142 0
-79.9941335033991 -4.447997462910201 0
-79.98468791627428 -4.947789935666809 0
-79.97212412174026 -5.447513745232364 0
-79.95643870010318 -5.947149311156183 0
-79.93762726859416 -6.446676946712622 0
-79.9156844820515 -6.946076825826827 0
-79.89061053970391 -7.44532929287455 0
-79.86242931850015 -7.944416012946936 0
-79.83114665204943 -8.443317940652234 0
-79.79676495758697 -8.94201588641266 0
-79.75928568433423 -9.440490606910533 0
-79.71870931969647 -9.938722782408497 0
-79.67503539479371 -10.43669299005917 0
-79.62826248892304 -10.93438167931807 0
-79.5783882330992 -11.43176914727149 0
-79.52540931340869 -11.92883550728802 0
-79.46932147278692 -12.42556066555863 0
-79.41013384185302 -12.92192600911095 0
-79.34786866657254 -13.41791471252894 0
-79.28253051249041 -13.91350796509963 0
-79.21412279049797 -14.40868685168125 0
-79.14264795873619 -14.90343233567023 0
-79.06810753037561 -15.39772523369681 0
-78.99050208049142 -15.89154619037409 0
-78.90983125206643 -16.38487565297041 0
-78.82609376113747 -16.87769384598287 0
-78.73928740109733 -17.36998074560185 0
-78.64940940390851 -17.8617161057393 0
-78.55647867762495 -18.35288372360013 0
-78.46051206500893 -18.84346721259636 0
-78.36151492011679 -19.33344814799966 0
-78.25949165436869 -19.82280793966995 0
-78.15444574739352 -20.31152780393687 0
-78.04637975371897 -20.79958875057498 0
-77.93529531258187 -21.28697155049074 0
-77.82119315594746 -21.77365670850833 0
-77.70407311440785 -22.25962444168446 0
-77.58393412246815 -22.74485465613311 0
-77.46077654405363 -23.22932750425732 0
-77.33462518791529 -23.71302946511201 0
-77.20549303128116 -24.19594420200762 0
-77.07338641065162 -24.67805372979951 0
-76.938310742539 -25.15933983403532 0
-76.8002705309582 -25.63978406044711 0
-76.65926938615225 -26.11936766185086 0
-76.51531002932028 -26.5980715920361 0
-76.36839429979725 -27.0758764866485 0
-76.21852316717244 -27.55276262515525 0
-76.06569673522132 -28.02870991711328 0
-75.90991967469475 -28.5036996542315 0
-75.75121924640999 -28.9777206723221 0
-75.58960631179714 -29.45075663101291 0
-75.42508818383901 -29.92279004602851 0
-75.25767128166537 -30.39380314315138 0
-75.08736114164913 -30.86377783937425 0
-74.91416243508678 -31.33269570353036 0
-74.73807897248535 -31.80053795165701 0
-74.55911371867062 -32.26728541011182 0
-74.37726879912083 -32.73291850019896 0
-74.19254550987742 -33.19741721085135 0
-74.00495335811949 -33.66076473771475 0
-73.8145196400818 -34.12295167364879 0
-73.62125445510937 -34.58396178878694 0
-73.42516607414431 -35.04377818067591 0
-73.22626191940432 -35.50238356227251 0
-73.02454855336073 -35.95976029878727 0
-72.82003170771625 -36.41589034834644 0
-72.61271629295652 -36.87075524656136 0
-72.40260640281421 -37.32433609945728 0
-72.18970533262913 -37.77661354379971 0
-71.97401558428156 -38.22756773503063 0
-71.75555144750584 -38.67718442913338 0
-71.53433883684144 -39.12545527408824 0
-71.31038801019375 -39.57236443219746 0
-71.08370819851571 -40.01789560450758 0
-70.85430779857876 -40.46203209484328 0
-70.62219439894353 -40.90475676762071 0
-70.38737478869075 -41.34605203797499 0
-70.14985497077694 -41.78589985076111 0
-69.90964017430746 -42.22428165985927 0
-69.66673486581216 -42.66117840758622 0
-69.42114276448635 -43.0965704957172 0
-69.17288240159557 -43.53044668858283 0
-68.92197775015794 -43.96279912294607 0
-68.66843978412537 -44.39361262288745 0
-68.41227866392828 -44.82287157960072 0
-68.15350375881351 -45.25055992270875 0
-67.8921236627602 -45.6766611011892 0
-67.62814620963236 -46.10115806397874 0
-67.36157848760801 -46.52403324021518 0
-67.0924268529302 -46.94526851906492 0
-66.82069694294336 -47.3648452292081 0
-66.54639379500354 -47.78274418652164 0
-66.26953898147353 -48.19895709393645 0
-65.99015495653869 -48.61347650084485 0
-65.7082535538846 -49.02628804511944 0
-65.42384583772626 -49.43737687190432 0
-65.13694212149431 -49.84672761468229 0
-64.84755198434911 -50.25432437808377 0
-64.55568428730562 -50.6601507198135 0
-64.26134718865768 -51.06418963218212 0
-63.96454815872566 -51.46642352322532 0
-63.66529399365722 -51.86683419778117 0
-63.36359110774001 -52.26540304037406 0
-63.05946283022455 -52.66212430827436 0
-62.75293082370038 -53.05699125602145 0
-62.44400775253978 -53.44999038710031 0
-62.13270555483901 -53.84110766299057 0
-61.81903546332769 -54.23032848429655 0
-61.50300800722008 -54.61763769402418 0
-61.18463304967285 -55.00301953533046 0
-60.86391979699092 -55.38645764346384 0
-60.54087680931354 -55.76793503411123 0
-60.21551202258734 -56.14743407703642 0
-59.88783313673913 -56.5249368023538 0
-59.55786429890084 -56.90043958588685 0
-59.22562694005851 -57.273936737097 0
-58.89113452102053 -57.64541567988879 0
-58.5543998123926 -58.0148632616746 0
-58.2154349108636 -58.38226574162883 0
-57.87425128527581 -58.74760874585039 0
-57.5308597553185 -59.11087729436377 0
-57.18527054458765 -59.47205574671453 0
-56.83749327503806 -59.83112780934538 0
-56.48753699328223 -60.18807650790841 0
-56.13541054377328 -60.5428845157437 0
-55.78113814253362 -60.89554986998419 0
-55.42474144988435 -61.24606831642055 0
-55.06623465604321 -61.59442828247987 0
-54.70563131894551 -61.94061756617979 0
-54.34294437630837 -62.284623330892 0
-53.9781861603246 -62.62643209601896 0
-53.61136843410506 -62.96602970628646 0
-53.24250238451911 -63.30340134082545 0
-52.87159866241912 -63.63853147698631 0
-52.49866738716029 -63.97140388632449 0
-52.12371840373273 -64.30200187479399 0
-51.74677541494651 -64.63032452515743 0
-51.36786060736797 -64.95636955097065 0
-50.98698886565837 -65.28012642379812 0
-50.60417449232123 -65.60158394844137 0
-50.21943119195132 -65.92073028183324 0
-49.83277213262879 -66.2375528858849 0
-49.44420995044349 -66.55203852760313 0
-49.05375676647878 -66.86417326743178 0
-48.66142420411494 -67.17394244627449 0
-48.26722341391317 -67.48133066564054 0
-47.87116517058347 -67.78632188311273 0
-47.47327208326745 -68.08891546454502 0
-47.07356715304822 -68.3891116665871 0
-46.67206588972292 -68.68690107176492 0
-46.26878325799293 -68.98227357280614 0
-45.8637336988242 -69.27521836239185 0
-45.45693115032567 -69.56572392231197 0
-45.04838906838665 -69.85377801187424 0
-44.63812044496861 -70.13936765705404 0
-44.22613782790684 -70.42247913764579 0
-43.81245334162632 -70.7030979729503 0
-43.39707871637456 -70.98120890251057 0
-42.98003489891983 -71.25681051709346 0
-42.56134591551729 -71.52990634733091 0
-42.14102783325958 -71.80048814244572 0
-41.71909622369552 -72.06854693294018 0
-41.29556618454197 -72.33407302202524 0
-40.87045236094242 -72.59705597643301 0
-40.44376896614651 -72.8574846167084 0
-40.01552980173251 -73.11534700691219 0
-39.58574827744025 -73.37063044370642 0
-39.15443743065988 -73.62332144480489 0
-38.72160994561983 -73.87340573677228 0
-38.28728488531615 -74.12088005523972 0
-37.85148714741704 -74.36575171394426 0
-37.41423336532383 -74.60801382038929 0
-36.97553964458042 -74.84765859814638 0
-36.53542166872893 -75.08467751921212 0
-36.09389471971809 -75.31906129713214 0
-35.65097369881101 -75.55079987897608 0
-35.20667314867671 -75.77988243587517 0
-34.76100726604139 -76.00629735757482 0
-34.31398993178242 -76.23003223717753 0
-33.86563472737982 -76.45107386222803 0
-33.41595907186135 -76.66941671448348 0
-32.96498808103329 -76.88507144565946 0
-32.51273909629157 -77.0980330853676 0
-32.05922868282529 -77.30829509886776 0
-31.60447304149797 -77.51585017699075 0
-31.14848800718961 -77.72069024099167 0
-30.69128908707168 -77.92280642807924 0
-30.23289148830528 -78.12218908144453 0
-29.77331012024208 -78.31882775061298 0
-29.31255963041582 -78.51271117614277 0
-28.8506544141554 -78.70382728504637 0
-28.3876107412632 -78.89216832264492 0
-27.92345307756418 -79.07774707848662 0
-27.45819966325696 -79.26056136784165 0
-26.99186741730339 -79.44060595257282 0
-26.52447297816095 -79.61787479137563 0
-26.05603263903731 -79.79236106892473 0
-25.58656245147993 -79.96405715971997 0
-25.11607818305811 -80.13295464638188 0
-24.64459538257695 -80.29904429710504 0
-24.17212937353002 -80.46231606871146 0
-23.69869528566451 -80.62275909508436 0
-23.22430882666313 -80.78036392995121 0
-22.74899301689522 -80.93514339527086 0
-22.27276701266511 -81.08709934356165 0
-21.79564805689388 -81.23622785146173 0
-21.31765308896987 -81.3825242057306 0
-20.83879880776642 -81.52598288742763 0
-20.35910169518002 -81.66659756837765 0
-19.87857800621812 -81.80436111644565 0
-19.3972438247139 -81.93926558069019 0
-18.91511506649406 -82.07130219135104 0
-18.43220750366237 -82.20046135285897 0
-17.9485368923119 -82.32673302328604 0
-17.46412413812126 -82.45012707264949 0
-16.97898929577216 -82.57065093797667 0
-16.49314978079599 -82.68830206451064 0
-16.00662279591358 -82.80307708555782 0
-15.51942531943253 -82.91497182936568 0
-15.03157416426882 -83.02398130844827 0
-14.54308598825059 -83.13009972001522 0
-14.05397731424041 -83.23332044323007 0
-13.56426454961516 -83.33363603585377 0
-13.07396400820507 -83.43103822965368 0
-12.58309193502903 -83.52551792463156 0
-12.09166700750642 -83.61707854830465 0
-11.59970976913031 -83.70573461935358 0
-11.10723776532528 -83.79148509503432 0
-10.61426832246424 -83.87432799570425 0
-10.12081861908571 -83.95426052493934 0
-9.62690570882126 -84.03127906934088 0
-9.132546538506737 -84.1053791983886 0
-8.637757969593991 -84.17655566301188 0
-8.142556799470736 -84.24480239349161 0
-7.646959782644657 -84.31011249670738 0
-7.150983652002254 -84.37247825270829 0
-6.654645881572629 -84.43189727926115 0
-6.157966289471177 -84.48838803830523 0
-5.660962623255971 -84.54195276029446 0
-5.16365225159652 -84.59259087080183 0
-4.66605244264942 -84.64030097651001 0
-4.168180385619269 -84.68508086677286 0
-3.670053212096801 -84.72692751450286 0
-3.171688017239735 -84.7658370763871 0
-2.673101880817776 -84.80180489243821 0
-2.174311888268953 -84.83482548487656 0
-1.67533515077922 -84.8648925564093 0
-1.176188912352368 -84.8920004870693 0
-0.6768915650066042 -84.91616620173436 0
-0.1774608429096135 -84.9373977615022 0
0.3220859534232819 -84.95569601305111 0
0.8217315750480788 -84.97106098434411 0
1.321458803422366 -84.9834918878298 0
1.821250423612427 -84.99298712286515 0
2.321089225859649 -84.99954427795365 0
2.820957958118715 -85.00316013131133 0
3.320839315418851 -85.00383065165344 0
3.820715922262269 -85.00155099802005 0
4.320570307379701 -84.99631551894136 0
4.820385140157636 -84.98813326983252 0
5.320143434758422 -84.97702092402835 0
5.819828033306843 -84.96298076741482 0
6.319421836513548 -84.94601425844331 0
6.818907707572547 -84.92612204483274 0
7.318268460502466 -84.90330396785323 0
7.817486879320844 -84.87755906394113 0
8.316545652250737 -84.84888556937993 0
8.815427373332732 -84.81728092145478 0
9.314114518765589 -84.78274176000001 0
9.812589426224392 -84.74526392817943 0
10.31083473040015 -84.70484819587608 0
10.80883491490871 -84.66151628306488 0
11.30657328492288 -84.61527405726051 0
11.80403298514572 -84.56612440731112 0
12.3011970495389 -84.51406942227115 0
12.79804847907546 -84.45911038738201 0
13.29457013046904 -84.40124779849525 0
13.790744770331 -84.34048135832202 0
14.28655500171444 -84.27680998615143 0
14.78198327613593 -84.2102318170826 0
15.27701185893154 -84.14074420615128 0
15.7716228963021 -84.06834437562438 0
16.26580163097686 -83.99305020144659 0
16.75953280296246 -83.9148749710612 0
17.25279989089355 -83.83382299942814 0
17.74558625015055 -83.74989780866812 0
18.2378751387669 -83.66310212760348 0
18.7296496448259 -83.57343790724374 0
19.22089270102843 -83.48090632083995 0
19.71158705770089 -83.38550777025415 0
20.20171525462912 -83.28724189218437 0
20.69125961155275 -83.1861075601427 0
21.18020220009593 -83.08210288942195 0
21.66852691616251 -82.97523473647242 0
22.15622123142225 -82.86552562229787 0
22.64326923250083 -82.75298191133264 0
23.12965470873075 -82.63760854317719 0
23.61536127611422 -82.51940968252076 0
24.10037237527561 -82.39838872304406 0
24.58467123873638 -82.27454829796817 0
25.06824086940052 -82.1478902874823 0
25.55106402577369 -82.0184158237855 0
26.03312320314011 -81.88612529644011 0
26.51440061531581 -81.7510183569011 0
26.99487861172705 -81.61309550365445 0
27.47454575957175 -81.47237851274242 0
27.95338819901076 -81.32888020395824 0
28.43139026077676 -81.18260691202701 0
28.90853606590568 -81.03356420960229 0
29.3848095067705 -80.8817569169972 0
29.86019423066571 -80.72718911043366 0
30.33467362177589 -80.56986413009456 0
30.80823077916591 -80.4097845888621 0
31.28084850039328 -80.24695237858364 0
31.75250926250834 -80.08136867652688 0
32.22319520291233 -79.91303395124675 0
32.69289199498063 -79.74195865750652 0
33.16159006996421 -79.56816578633176 0
33.62927450936631 -79.39166333936603 0
34.0959300477998 -79.21245826793556 0
34.56154115252413 -79.03055678809093 0
35.02609200607348 -78.84596439084568 0
35.48956648891033 -78.65868585172468 0
35.95194816127371 -78.46872523996822 0
36.41322024776308 -78.27608592593889 0
36.87336561724999 -78.08077058976727 0
37.3323667636816 -77.88278122903603 0
37.79020646483535 -77.68212073572522 0
38.24687642929995 -77.47881211759642 0
38.70236469016633 -77.27286965687429 0
39.15665670929663 -77.06430164357982 0
39.60973764033927 -76.85311565262006 0
40.06159231692357 -76.63931855329196 0
40.51220524283058 -76.42291651693982 0
40.96156056019989 -76.20391503441854 0
41.40964203953608 -75.98231892266037 0
41.8564330634091 -75.75813233345569 0
42.30191661109736 -75.53135876103988 0
42.74607523472988 -75.3020010533393 0
43.18889567867282 -75.07007024585242 0
43.6303718478591 -74.83559073189808 0
44.0704902939674 -74.5985725779409 0
44.50923698109198 -74.35902466453281 0
44.94659750466199 -74.1169551950362 0
45.38255709577203 -73.87237169711268 0
45.81710060394952 -73.62528103494799 0
46.25021246332368 -73.3756894304678 0
46.68187669758204 -73.12360246188118 0
47.11207688985128 -72.86902508144574 0
47.54079617379425 -72.61196162037521 0
47.96801761395525 -72.35241649030476 0
48.39373509221298 -72.09041174250356 0
48.81793973970489 -71.82596463876281 0
49.24061844407483 -71.55908530554565 0
49.66175766650993 -71.28978323068779 0
50.08134350585414 -71.01806722716398 0
50.49936160449052 -70.74394549669729 0
50.91579720022241 -70.46742559899988 0
51.33063506067163 -70.18851449646547 0
51.74385950290574 -69.90721854228907 0
52.15545435789883 -69.62354350436453 0
52.56540295861734 -69.33749457288974 0
52.97369169532693 -69.04908141265909 0
53.38031837152187 -68.75832960587911 0
53.78527186169844 -68.46525192371288 0
54.1885396488622 -68.16985904177551 0
54.59010876407162 -67.8721610238408 0
54.98996578797208 -67.5721673252859 0
55.38809685172358 -67.26988679544881 0
55.78448759679085 -66.96532771023185 0
56.17912318154458 -66.65849776877988 0
56.57198825709455 -66.34940411261887 0
56.96306695433017 -66.0380533356072 0
57.35234285918681 -65.72445150719685 0
57.73980926036361 -65.40861664732691 0
58.12546264786126 -65.09057054246668 0
58.50929159354652 -64.77032500650867 0
58.89128419557764 -64.44789126185252 0
59.27142807038564 -64.12327995134103 0
59.64971034215549 -63.79650115133664 0
60.02611764590606 -63.46756437194664 0
60.40063609297836 -63.13647858892605 0
60.77325126636 -62.8032522492702 0
61.14394820731383 -62.46789328341128 0
61.51271140215654 -62.13040911647594 0
61.8795260627123 -61.79080810424696 0
62.24439216262135 -61.44911438437305 0
62.60730297183937 -61.10534467089912 0
62.96824774748645 -60.75951127109958 0
63.3272152399152 -60.4116259384686 0
63.68419369472011 -60.06169987544132 0
64.03917082484659 -59.70974376421015 0
64.39213380541798 -59.35576777490834 0
64.74306926148495 -58.99978157974373 0
65.09196325543346 -58.64179436667249 0
65.43880127383552 -58.2818148528407 0
65.78356821406874 -57.91985129746995 0
66.12625346708757 -57.55591631417274 0
66.46685985421577 -57.19003496628806 0
66.80537884895871 -56.82222147826472 0
67.14180043747359 -56.45248862008354 0
67.47611406709179 -56.08084864852498 0
67.80830863621834 -55.70731332308077 0
68.13837248376014 -55.33189392152245 0
68.46629337844794 -54.95460125472563 0
68.79205850758723 -54.57544568127893 0
69.11565446540448 -54.19443712170499 0
69.43706724097514 -53.81158507231682 0
69.75628220395591 -53.42689862086855 0
70.07329540433867 -53.04039571892361 0
70.38810848065179 -52.6520986637506 0
70.70071273919079 -52.26202116495405 0
71.01109892380572 -51.87017643555029 0
71.31925720921745 -51.47657721930341 0
71.62517719516913 -51.08123580276073 0
71.92884788895938 -50.68416404132794 0
72.23025769925479 -50.28537337013208 0
72.52939442596097 -49.88487481892331 0
72.82624525063314 -49.48267902529683 0
73.12079672461486 -49.07879625000704 0
73.41303539836825 -48.67323687277894 0
73.7029642352683 -48.26602298595846 0
73.99058180691989 -47.85717336187886 0
74.27588023478789 -47.44670207295596 0
74.55885106694043 -47.03462272895468 0
74.83948524317424 -46.62094853299292 0
75.11777309406023 -46.20569228850714 0
75.39370434306153 -45.78886639979108 0
75.66726808938662 -45.37048289998686 0
75.93845279752672 -44.9505534685725 0
76.20724629288404 -44.52908943837198 0
76.47363574660551 -44.10610181816766 0
76.73761040684666 -43.68160300569745 0
76.99917751440437 -43.25561647500732 0
77.25833367592185 -42.82815890840518 0
77.51507186022474 -42.39924471939712 0
77.76938444061082 -41.96888789775443 0
78.0212631574265 -41.53710207801878 0
78.27069912465173 -41.10390053403372 0
78.51768282388591 -40.66929619287141 0
78.76220408856891 -40.23330166496412 0
79.00425210459369 -39.79592924442937 0
79.24381539591667 -39.35719093465708 0
79.48088181499085 -38.91709846458254 0
79.71544451849975 -38.47566647057509 0
79.94751269318289 -38.03291794942845 0
80.17708200084009 -37.58886861571169 0
80.40414631437143 -37.14353313641151 0
80.62869884597583 -36.6969258826885 0
80.85073218838249 -36.24906085604992 0
81.0702382710825 -35.7999517804876 0
81.28720837880061 -35.34961206982671 0
81.5016331328613 -34.89805486814412 0
81.71350248745459 -34.44529305899703 0
81.92280572192496 -33.99133928143863 0
82.12953143370324 -33.53620594333533 0
82.33367751122536 -33.07990971174248 0
82.53525319924279 -32.62247213680726 0
82.73425415134618 -32.16390861668049 0
82.93067514555456 -31.70423407705616 0
83.12451029562158 -31.24346317265785 0
83.31575305586527 -30.78161028463959 0
83.50439622659569 -30.31868951307595 0
83.690431934998 -29.85471472727958 0
83.87385163513341 -29.389699569146 0
84.05464610343709 -28.92365746538001 0
84.23280542953447 -28.45660165019373 0
84.40831900949135 -27.98854518242508 0
84.58118985698832 -27.51950621632614 0
84.75142597810742 -27.04950456755367 0
84.919023743769 -26.57855565259632 0
85.0839788592464 -26.10667462574196 0
85.24628636265717 -25.63387639385182 0
85.40594062031509 -25.16017563847567 0
85.56293532877308 -24.68558681635059 0
85.71726350389157 -24.21012419658566 0
85.86891747899406 -23.73380186966984 0
86.01788889982801 -23.25663376411543 0
86.16416871901134 -22.77863366302664 0
86.30774740277467 -22.29981528550857 0
86.4486323816148 -21.82019740481124 0
86.58683042403949 -21.33979841293629 0
86.72233887424242 -20.85863383347801 0
86.85515439960611 -20.37671897591484 0
86.98527298990399 -19.89406895105909 0
87.11268995533105 -19.41069868855485 0
87.23739992405864 -18.9266229541039 0
87.3593968393013 -18.4418563664831 0
87.47867395587623 -17.95641341445332 0
87.59522383628087 -17.47030847348429 0
87.709038346244 -16.98355582249154 0
87.82010929619405 -16.49616982179224 0
87.92844737821073 -16.00816904734014 0
88.03405877359536 -15.51957091982648 0
88.13694181821434 -15.03039101732411 0
88.23709416364743 -14.54064475030833 0
88.33451277688209 -14.05034737919671 0
88.42919393952307 -13.55951403159166 0
88.52113324617498 -13.06815972109918 0
88.61032560382677 -12.57629935791068 0
88.69676522831817 -12.08394777198658 0
88.78044564167688 -11.5911197292523 0
88.86135966901273 -11.09782994724933 0
88.93950053374741 -10.60409329608512 0
89.01488129127245 -10.10992769285909 0
89.08750810311552 -9.615349843392355 0
89.15738031179595 -9.12037532960098 0
89.22449657381222 -8.625019593091498 0
89.28885485571244 -8.129297985354853 0
89.35045243621019 -7.633225772976464 0
89.40928590571066 -7.13681815721119 0
89.46535116680852 -6.640090280837458 0
89.51864343204876 -6.143057253089073 0
89.56915722204755 -5.645734168627341 0
89.61688636405215 -5.148136117229033 0
89.66182539462712 -4.650278344551705 0
89.70398905768398 -4.152177823780488 0
89.74338398301218 -3.653850672358406 0
89.78001053295242 -3.155312417031749 0
89.81386838257868 -2.656578470704431 0
89.84495651666484 -2.157664213773359 0
89.87327323237501 -1.658584999591491 0
89.89881614241227 -1.159356131917756 0
89.9215821726483 -0.6599929287191043 0
89.9415675635086 -0.1605107139135883 0
89.95876786906224 0.3390751603921812 0
89.97317795600271 0.8387492992423095 0
89.98479347623973 1.338496196823518 0
89.99363031760362 1.838299979143791 0
89.99969601411262 2.33814506146336 0
90.00299195825731 2.83801609461792 0
90.00351885324234 3.337897703391627 0
90.00127671674409 3.837774571014771 0
89.99626488320764 4.337631334717273 0
89.98848200571109 4.837452636441576 0
89.97792605785358 5.337223057949998 0
89.9645943343493 5.836927137756465 0
89.94848345187181 6.336549335078992 0
89.92958934909849 6.836074017563457 0
89.90790857069892 7.335485500248434 0
89.88345763178705 7.834769055867312 0
89.85624539362958 8.333909711489834 0
89.826274278764 8.832892321571862 0
89.79354602805518 9.331701673390031 0
89.75806170086786 9.830322542196145 0
89.7198216800157 10.32873964992202 0
89.67882567609102 10.82693763506079 0
89.63507272709501 11.32490107403539 0
89.58856120343469 11.82261442862742 0
89.53928880802043 12.32006204867923 0
89.48725257802678 12.81722814888876 0
89.43244977935154 13.31409688893015 0
89.37489696439587 13.810654618636 0
89.31460475595908 14.3068871902781 0
89.25157661024342 14.80277968507218 0
89.1858153054976 15.29831712989092 0
89.1173229464505 15.79348448490982 0
89.04610097225543 16.28826660305554 0
88.97215015942301 16.78264822452024 0
88.89547062411054 17.27661397000771 0
88.81606182644038 17.77014831669989 0
88.73392257360474 18.26323558014656 0
88.64905102153472 18.75585990201148 0
88.56144510662146 19.24800530257644 0
88.47112065372652 19.7396590473635 0
88.3780905403689 20.23080802086612 0
88.28235924588294 20.72143765453862 0
88.18393058247888 21.2115332739222 0
88.08280770219348 21.70108007972114 0
87.97899309922744 22.19006314852689 0
87.87248861941261 22.67846739648724 0
87.76329546323579 23.16627757239848 0
87.65141419011509 23.65347824202976 0
87.53684472219022 24.14005377246656 0
87.41958634769705 24.62598831617975 0
87.29963779745725 25.11126580654195 0
87.17701316707134 25.59587401888997 0
87.05172814868453 26.07980126502262 0
86.9237882320181 26.56303339740532 0
86.7931982530167 27.04555611669847 0
86.659962400381 27.5273549598406 0
86.52408422188171 28.00841528675285 0
86.38556663059006 28.48872226541214 0
86.24441191062411 28.96826085688257 0
86.10062172241491 29.44701580030059 0
85.95419710754214 29.92497159766225 0
85.80513849313782 30.40211249843906 0
85.65344569576516 30.87842248432233 0
85.4991299356448 31.35388916283595 0
85.3422102200184 31.82850281671358 0
85.18269307581215 32.30224979468139 0
85.02058434772511 32.77511624485432 0
84.85588924852091 33.24708811332535 0
84.68861236670266 33.71815113000533 0
84.51875767369442 34.18829079441067 0
84.34632853055392 34.6574923613481 0
84.1713276942218 35.12574082649391 0
83.99375732304821 35.59302091255534 0
83.81361898195219 36.05931705502637 0
83.63091364869923 36.52461338381987 0
83.44564957201297 36.98889683907583 0
83.25784831321374 37.4521598446584 0
83.06751789995769 37.91438950823677 0
82.87466516744686 38.37557249288132 0
82.67929633077392 38.83569523613779 0
82.48141700002112 39.29474392054175 0
82.28103218972045 39.75270445714788 0
82.07814632573057 40.20956247393662 0
81.87276324782341 40.66530331236905 0
81.66488622114029 41.11991200268741 0
81.45451794230596 41.57337325047354 0
81.24166054157345 42.02567143045875 0
81.02631983440537 42.476792573247 0
80.80851836944497 42.92673084952794 0
80.58826641121723 43.3754746525745 0
80.36557174924991 43.82301125540867 0
80.14044157477289 44.26932766239562 0
79.91288250379789 44.71441056963625 0
79.68290056757627 45.15824638900602 0
79.45050123154442 45.60082121441263 0
79.21568940541633 46.04212080521238 0
78.97846944139197 46.48213059084033 0
78.73884515064584 46.92083563986301 0
78.49681980554898 47.35822065504868 0
78.25239771091336 47.79427082943272 0
78.00560032355402 48.22898104064539 0
77.75644101432734 48.66234182909011 0
77.50492851038419 49.09434111854401 0
77.25107094559108 49.52496655758018 0
76.99487590307599 49.95420545187674 0
76.73635040444145 50.38204478739149 0
76.47550093311158 50.80847119464998 0
76.21233343302228 51.23347095343254 0
75.94685332521011 51.65702996700387 0
75.67906551090122 52.07913375759468 0
75.40897438037254 52.49976745153437 0
75.13658398246507 52.91891585672391 0
74.86191219391843 53.33657280894509 0
74.5849764928262 53.75273210204189 0
74.30578649584341 54.16738240182415 0
74.02435123783793 54.58051207887232 0
73.74067923260675 54.99210912322032 0
73.45477846076099 55.40216116714787 0
73.16665637884327 55.8106554749473 0
72.87631994279604 56.21757891182371 0
72.58377560272825 56.62291795289179 0
72.28902932143471 57.02665865766456 0
71.99208657842145 57.42878666421646 0
71.69295238212426 57.82928717126997 0
71.39163911232946 58.22815085896021 0
71.0881686218393 58.62537571517715 0
70.78255157595808 59.02095144262812 0
70.47479788610877 59.41486717786461 0
70.16491695374401 59.80711166925395 0
69.85291766549132 60.19767328716599 0
69.53880841860106 60.58653999478204 0
69.22259713140696 60.97369933765219 0
68.90429125104433 61.35913843584114 0
68.58389776018404 61.74284397635697 0
68.26142319104515 62.12480219608527 0
67.93687363432726 62.50499887032952 0
67.61025767177706 62.88342183318424 0
67.28159810241154 63.26007129599396 0
66.95090803658924 63.63493929436831 0
66.61819819338717 64.00801582683266 0
66.2834788030919 64.37929048221874 0
65.94675961923006 64.74875243027076 0
65.60804993077173 65.11639041139914 0
65.26735857330181 65.48219272692228 0
64.92469393679556 65.84614723224551 0
64.58006398198575 66.20824132021519 0
64.23347624812575 66.56846191313926 0
63.88493786302656 66.9267954516947 0
63.53445595057001 67.28322825600067 0
63.18205031114985 67.63775922307495 0
62.8277379567024 67.99038465791313 0
62.47153035579091 68.34109548858933 0
62.11343851556806 68.68988220745673 0
61.75347299456895 69.03673486260892 0
61.39164391498765 69.38164304922013 0
61.0279609747278 69.72459590048949 0
60.66243345903095 70.06558207838731 0
60.29507025176994 70.40458976412343 0
59.92587984648286 70.74160664827217 0
59.55487035719374 71.07661992051955 0
59.18204952894268 71.40961625910923 0
58.8074311840141 71.74058910959297 0
58.4310368256092 72.06954082084879 0
58.05287880634942 72.39646352507286 0
57.67296884768072 72.72134868347423 0
57.2913182513194 73.04418728994288 0
56.90793791212218 73.36496986338607 0
56.52283833062996 73.68368643976365 0
56.13602962520922 74.00032656389286 0
55.74752154390718 74.31487928092916 0
55.35732347572858 74.62733312776199 0
54.96544446105024 74.9376761245348 0
54.57189320557129 75.24589576283134 0
54.17667975009625 75.55198112206887 0
53.77982577773572 75.85593649856001 0
53.38134616420729 76.15775754929908 0
52.98125327785921 76.45743676510622 0
52.57955910281284 76.75496614405928 0
52.17627522884385 77.05033720223713 0
51.77141289224663 77.34354094605283 0
51.36498297827004 77.63456787279034 0
50.95699603516515 77.92340796193933 0
50.54746227749337 78.21005067356667 0
50.13639160967872 78.49448493182886 0
49.72379363382886 78.77669911923692 0
49.30967767396304 79.05668108053122 0
48.89406093799404 79.33443037970137 0
48.47696237909504 79.60994942434951 0
48.05839494137138 79.88323179034961 0
47.63837120771736 80.15427054689385 0
47.21690339689557 80.42305826152867 0
46.79400341242026 80.68958697147359 0
46.36968283353384 80.9538481918769 0
45.94395292446433 81.21583291139605 0
45.51682466483093 81.4755315743505 0
45.08830874558758 81.73293408374914 0
44.65841559218934 81.98802978705979 0
44.22715536528022 82.24080747507804 0
43.7945402818324 82.49125931197543 0
43.36059137307713 82.7393929406683 0
42.92532306115064 82.98520474567312 0
42.48874842811636 83.22868893235245 0
42.05088027986247 83.46983915476126 0
41.6117310744713 83.70864855847483 0
41.17131301983216 83.94510972909669 0
40.72963802122439 84.17921472277752 0
40.28671773987652 84.41095503587306 0
39.84256357640729 84.64032161454107 0
39.39718669958467 84.86730483973707 0
38.95059805497406 85.09189452245737 0
38.5028084581624 85.3140800436388 0
38.05383571258238 85.53386501360364 0
37.60369746331718 85.75125292533113 0
37.15240722251144 85.96623915808499 0
36.69997826586611 86.17881852436122 0
36.24642355089352 86.38898531197273 0
35.79175581448388 86.59673324058666 0
35.33598752923246 86.80205548422029 0
34.87913094446936 87.0049446537289 0
34.42119809583066 87.20539279358101 0
33.96220080872205 87.40339138066686 0
33.50215072156338 87.59893131396169 0
33.04105929291317 87.79200291084867 0
32.57893967693702 87.98260041041696 0
32.11581155257294 88.17073410512482 0
31.65168945066743 88.35640217431776 0
31.18658700519552 88.53960064240117 0
30.7205176234023 88.72032497025533 0
30.25349445352737 88.89857007036321 0
29.78553045193636 89.07433028276779 0
29.31663837931351 89.24759937853514 0
28.84683080389641 89.418370559609 0
28.3761201244653 89.58663645086646 0
27.90451858494931 89.75238909502193 0
27.43203828003944 89.91561995024325 0
26.95869121767829 90.07631995413209 0
26.48449414800159 90.23449422576586 0
26.00946413964189 90.39014915434674 0
25.5336151242364 90.54328200068832 0
25.05696079577635 90.69388946650859 0
24.57951466965907 90.84196767814205 0
24.10129008209419 90.98751218936533 0
23.6223002028539 91.13051797934027 0
23.142558049715 91.2709794496083 0
22.66207649969178 91.40889042160789 0
22.1808683030799 91.54424413291898 0
21.69894610051734 91.67703323229998 0
21.21632243391256 91.80724977608598 0
20.73301064971426 91.93488857324651 0
20.24902865335285 92.05996212008824 0
19.76439123338461 92.18247144353491 0
19.27911232187193 92.30241450228628 0
18.79320568111005 92.4197886792049 0
18.30668493128577 92.5345907770857 0
17.81956355790982 92.64681701906623 0
17.33185492569391 92.75646304697617 0
16.84357229220672 92.86352391933083 0
16.35472882151478 92.9679941089266 0
15.86533759763056 93.06986750008024 0
15.37541163806026 93.16913738545284 0
14.88496390724464 93.26579646250738 0
14.39400950579205 93.35984816490884 0
13.90256486967051 93.45130380512431 0
13.41064407735007 93.5401626777153 0
12.91826105019327 93.62642344596325 0
12.42542959253524 93.71008419000542 0
11.93216340565037 93.79114240675069 0
11.43847610154434 93.86959500941838 0
10.9443812166034 93.94543832669778 0
10.44989222518077 94.01866810152033 0
9.955022553084721 94.08927948945346 0
9.459785589762779 94.15726705688051 0
8.964194704026687 94.22262477829625 0
8.468263422586608 94.28534726083387 0
7.972007481353581 94.34544722272285 0
7.475441608251167 94.4029302652056 0
6.97857977558607 94.45779635292403 0
6.481435869986298 94.51004486406663 0
5.984023706242954 94.55967459146524 0
5.486357045516393 94.6066837428896 0
4.988449593681135 94.6510699428058 0
4.490315029222065 94.6928302308575 0
3.991967015079585 94.73196106163491 0
3.493419209981768 94.76845830404358 0
2.994685278972554 94.80231724027743 0
2.495778910913071 94.83353256390234 0
1.996683294741176 94.86153966999936 0
1.497346078365354 94.88484509291686 0
0.9978293454773419 94.90393180656625 0
0.4981878818983821 94.91942654298143 0
-0.001537042739339578 94.93195472286668 0
-0.5013154544536655 94.94214017976066 0
-1.001126142611646 94.95060516636069 0
-1.500954356204054 94.95797059475636 0
-2.000789458311072 94.96485644018456 0
-2.500622596664587 94.97188224970553 0
-3.000444404461263 94.97966769665389 0
-3.50024266555289 94.98883312133712 0
1 2 0 2839
2809
2810
2811
2812
2813
2814
2815
2816
2817
2818
2819
2820
2821
2822
2823
2824
2825
2826
2827
2828
2829
2830
2831
2832
2833
2834
2835
2836
2837
2838
2839
2840
2841
2842
2843
2844
2845
2846
2847
2848
2849
2850
2851
2852
2853
2854
2855
2856
2857
2858
2859
2860
2861
2862
2863
2864
2865
2866
2867
2868
2869
2870
2871
2872
2873
2874
2875
2876
2877
2878
2879
2880
2881
2882
2883
2884
2885
2886
2887
2888
2889
2890
2891
2892
2893
2894
2895
2896
2897
2898
2899
2900
2901
2902
2903
2904
2905
2906
2907
2908
2909
2910
2911
2912
2913
2914
2915
2916
2917
2918
2919
2920
2921
2922
2923
2924
2925
2926
2927
2928
2929
2930
2931
2932
2933
2934
2935
2936
2937
2938
2939
2940
2941
2942
2943
2944
2945
2946
2947
2948
2949
2950
2951
2952
2953
2954
2955
2956
2957
2958
2959
2960
2961
2962
2963
2964
2965
2966
2967
2968
2969
2970
2971
2972
2973
2974
2975
2976
2977
2978
2979
2980
2981
2982
2983
2984
2985
2986
2987
2988
2989
2990
2991
2992
2993
2994
2995
2996
2997
2998
2999
3000
3001
3002
3003
3004
3005
3006
3007
3008
3009
3010
3011
3012
3013
3014
3015
3016
3017
3018
3019
3020
3021
3022
3023
3024
3025
3026
3027
3028
3029
3030
3031
3032
3033
3034
3035
3036
3037
3038
3039
3040
3041
3042
3043
3044
3045
3046
3047
3048
3049
3050
3051
3052
3053
3054
3055
3056
3057
3058
3059
3060
3061
3062
3063
3064
3065
3066
3067
3068
3069
3070
3071
3072
3073
3074
3075
3076
3077
3078
3079
3080
3081
3082
3083
3084
3085
3086
3087
3088
3089
3090
3091
3092
3093
3094
3095
3096
3097
3098
3099
3100
3101
3102
3103
3104
3105
3106
3107
3108
3109
3110
3111
3112
3113
3114
3115
3116
3117
3118
3119
3120
3121
3122
3123
3124
3125
3126
3127
3128
3129
3130
3131
3132
3133
3134
3135
3136
3137
3138
3139
3140
3141
3142
3143
3144
3145
3146
3147
3148
3149
3150
3151
3152
3153
3154
3155
3156
3157
3158
3159
3160
3161
3162
3163
3164
3165
3166
3167
3168
3169
3170
3171
3172
3173
3174
3175
3176
3177
3178
3179
3180
3181
3182
3183
3184
3185
3186
3187
3188
3189
3190
3191
3192
3193
3194
3195
3196
3197
3198
3199
3200
3201
3202
3203
3204
3205
3206
3207
3208
3209
3210
3211
3212
3213
3214
3215
3216
3217
3218
3219
3220
3221
3222
3223
3224
3225
3226
3227
3228
3229
3230
3231
3232
3233
3234
3235
3236
3237
3238
3239
3240
3241
3242
3243
3244
3245
3246
3247
3248
3249
3250
3251
3252
3253
3254
3255
3256
3257
3258
3259
3260
3261
3262
3263
3264
3265
3266
3267
3268
3269
3270
3271
3272
3273
3274
3275
3276
3277
3278
3279
3280
3281
3282
3283
3284
3285
3286
3287
3288
3289
3290
3291
3292
3293
3294
3295
3296
3297
3298
3299
3300
3301
3302
3303
3304
3305
3306
3307
3308
3309
3310
3311
3312
3313
3314
3315
3316
3317
3318
3319
3320
3321
3322
3323
3324
3325
3326
3327
3328
3329
3330
3331
3332
3333
3334
3335
3336
3337
3338
3339
3340
3341
3342
3343
3344
3345
3346
3347
3348
3349
3350
3351
3352
3353
3354
3355
3356
3357
3358
3359
3360
3361
3362
3363
3364
3365
3366
3367
3368
3369
3370
3371
3372
3373
3374
3375
3376
3377
3378
3379
3380
3381
3382
3383
3384
3385
3386
3387
3388
3389
3390
3391
3392
3393
3394
3395
3396
3397
3398
3399
3400
3401
3402
3403
3404
3405
3406
3407
3408
3409
3410
3411
3412
3413
3414
3415
3416
3417
3418
3419
3420
3421
3422
3423
3424
3425
3426
3427
3428
3429
3430
3431
3432
3433
3434
3435
3436
3437
3438
3439
3440
3441
3442
3443
3444
3445
3446
3447
3448
3449
3450
3451
3452
3453
3454
3455
3456
3457
3458
3459
3460
3461
3462
3463
3464
3465
3466
3467
3468
3469
3470
3471
3472
3473
3474
3475
3476
3477
3478
3479
3480
3481
3482
3483
3484
3485
3486
3487
3488
3489
3490
3491
3492
3493
3494
3495
3496
3497
3498
3499
3500
3501
3502
3503
3504
3505
3506
3507
3508
3509
3510
3511
3512
3513
3514
3515
3516
3517
3518
3519
3520
3521
3522
3523
3524
3525
3526
3527
3528
3529
3530
3531
3532
3533
3534
3535
3536
3537
3538
3539
3540
3541
3542
3543
3544
3545
3546
3547
3548
3549
3550
3551
3552
3553
3554
3555
3556
3557
3558
3559
3560
3561
3562
3563
3564
3565
3566
3567
3568
3569
3570
3571
3572
3573
3574
3575
3576
3577
3578
3579
3580
3581
3582
3583
3584
3585
3586
3587
3588
3589
3590
3591
3592
3593
3594
3595
3596
3597
3598
3599
3600
3601
3602
3603
3604
3605
3606
3607
3608
3609
3610
3611
3612
3613
3614
3615
3616
3617
3618
3619
3620
3621
3622
3623
3624
3625
3626
3627
3628
3629
3630
3631
3632
3633
3634
3635
3636
3637
3638
3639
3640
3641
3642
3643
3644
3645
3646
3647
3648
3649
3650
3651
3652
3653
3654
3655
3656
3657
3658
3659
3660
3661
3662
3663
3664
3665
3666
3667
3668
3669
3670
3671
3672
3673
3674
3675
3676
3677
3678
3679
3680
3681
3682
3683
3684
3685
3686
3687
3688
3689
3690
3691
3692
3693
3694
3695
3696
3697
3698
3699
3700
3701
3702
3703
3704
3705
3706
3707
3708
3709
3710
3711
3712
3713
3714
3715
3716
3717
3718
3719
3720
3721
3722
3723
3724
3725
3726
3727
3728
3729
3730
3731
3732
3733
3734
3735
3736
3737
3738
3739
3740
3741
3742
3743
3744
3745
3746
3747
3748
3749
3750
3751
3752
3753
3754
3755
3756
3757
3758
3759
3760
3761
3762
3763
3764
3765
3766
3767
3768
3769
3770
3771
3772
3773
3774
3775
3776
3777
3778
3779
3780
3781
3782
3783
3784
3785
3786
3787
3788
3789
3790
3791
3792
3793
3794
3795
3796
3797
3798
3799
3800
3801
3802
3803
3804
3805
3806
3807
3808
3809
3810
3811
3812
3813
3814
3815
3816
3817
3818
3819
3820
3821
3822
3823
3824
3825
3826
3827
3828
3829
3830
3831
3832
3833
3834
3835
3836
3837
3838
3839
3840
3841
3842
3843
3844
3845
3846
3847
3848
3849
3850
3851
3852
3853
3854
3855
3856
3857
3858
3859
3860
3861
3862
3863
3864
3865
3866
3867
3868
3869
3870
3871
3872
3873
3874
3875
3876
3877
3878
3879
3880
3881
3882
3883
3884
3885
3886
3887
3888
3889
3890
3891
3892
3893
3894
3895
3896
3897
3898
3899
3900
3901
3902
3903
3904
3905
3906
3907
3908
3909
3910
3911
3912
3913
3914
3915
3916
3917
3918
3919
3920
3921
3922
3923
3924
3925
3926
3927
3928
3929
3930
3931
3932
3933
3934
3935
3936
3937
3938
3939
3940
3941
3942
3943
3944
3945
3946
3947
3948
3949
3950
3951
3952
3953
3954
3955
3956
3957
3958
3959
3960
3961
3962
3963
3964
3965
3966
3967
3968
3969
3970
3971
3972
3973
3974
3975
3976
3977
3978
3979
3980
3981
3982
3983
3984
3985
3986
3987
3988
3989
3990
3991
3992
3993
3994
3995
3996
3997
3998
3999
4000
4001
4002
4003
4004
4005
4006
4007
4008
4009
4010
4011
4012
4013
4014
4015
4016
4017
4018
4019
4020
4021
4022
4023
4024
4025
4026
4027
4028
4029
4030
4031
4032
4033
4034
4035
4036
4037
4038
4039
4040
4041
4042
4043
4044
4045
4046
4047
4048
4049
4050
4051
4052
4053
4054
4055
4056
4057
4058
4059
4060
4061
4062
4063
4064
4065
4066
4067
4068
4069
4070
4071
4072
4073
4074
4075
4076
4077
4078
4079
4080
4081
4082
4083
4084
4085
4086
4087
4088
4089
4090
4091
4092
4093
4094
4095
4096
4097
4098
4099
4100
4101
4102
4103
4104
4105
4106
4107
4108
4109
4110
4111
4112
4113
4114
4115
4116
4117
4118
4119
4120
4121
4122
4123
4124
4125
4126
4127
4128
4129
4130
4131
4132
4133
4134
4135
4136
4137
4138
4139
4140
4141
4142
4143
4144
4145
4146
4147
4148
4149
4150
4151
4152
4153
4154
4155
4156
4157
4158
4159
4160
4161
4162
4163
4164
4165
4166
4167
4168
4169
4170
4171
4172
4173
4174
4175
4176
4177
4178
4179
4180
4181
4182
4183
4184
4185
4186
4187
4188
4189
4190
4191
4192
4193
4194
4195
4196
4197
4198
4199
4200
4201
4202
4203
4204
4205
4206
4207
4208
4209
4210
4211
4212
4213
4214
4215
4216
4217
4218
4219
4220
4221
4222
4223
4224
4225
4226
4227
4228
4229
4230
4231
4232
4233
4234
4235
4236
4237
4238
4239
4240
4241
4242
4243
4244
4245
4246
4247
4248
4249
4250
4251
4252
4253
4254
4255
4256
4257
4258
4259
4260
4261
4262
4263
4264
4265
4266
4267
4268
4269
4270
4271
4272
4273
4274
4275
4276
4277
4278
4279
4280
4281
4282
4283
4284
4285
4286
4287
4288
4289
4290
4291
4292
4293
4294
4295
4296
4297
4298
4299
4300
4301
4302
4303
4304
4305
4306
4307
4308
4309
4310
4311
4312
4313
4314
4315
4316
4317
4318
4319
4320
4321
4322
4323
4324
4325
4326
4327
4328
4329
4330
4331
4332
4333
4334
4335
4336
4337
4338
4339
4340
4341
4342
4343
4344
4345
4346
4347
4348
4349
4350
4351
4352
4353
4354
4355
4356
4357
4358
4359
4360
4361
4362
4363
4364
4365
4366
4367
4368
4369
4370
4371
4372
4373
4374
4375
4376
4377
4378
4379
4380
4381
4382
4383
4384
4385
4386
4387
4388
4389
4390
4391
4392
4393
4394
4395
4396
4397
4398
4399
4400
4401
4402
4403
4404
4405
4406
4407
4408
4409
4410
4411
4412
4413
4414
4415
4416
4417
4418
4419
4420
4421
4422
4423
4424
4425
4426
4427
4428
4429
4430
4431
4432
4433
4434
4435
4436
4437
4438
4439
4440
4441
4442
4443
4444
4445
4446
4447
4448
4449
4450
4451
4452
4453
4454
4455
4456
4457
4458
4459
4460
4461
4462
4463
4464
4465
4466
4467
4468
4469
4470
4471
4472
4473
4474
4475
4476
4477
4478
4479
4480
4481
4482
4483
4484
4485
4486
4487
4488
4489
4490
4491
4492
4493
4494
4495
4496
4497
4498
4499
4500
4501
4502
4503
4504
4505
4506
4507
4508
4509
4510
4511
4512
4513
4514
4515
4516
4517
4518
4519
4520
4521
4522
4523
4524
4525
4526
4527
4528
4529
4530
4531
4532
4533
4534
4535
4536
4537
4538
4539
4540
4541
4542
4543
4544
4545
4546
4547
4548
4549
4550
4551
4552
4553
4554
4555
4556
4557
4558
4559
4560
4561
4562
4563
4564
4565
4566
4567
4568
4569
4570
4571
4572
4573
4574
4575
4576
4577
4578
4579
4580
4581
4582
4583
4584
4585
4586
4587
4588
4589
4590
4591
4592
4593
4594
4595
4596
4597
4598
4599
4600
4601
4602
4603
4604
4605
4606
4607
4608
4609
4610
4611
4612
4613
4614
4615
4616
4617
4618
4619
4620
4621
4622
4623
4624
4625
4626
4627
4628
4629
4630
4631
4632
4633
4634
4635
4636
4637
4638
4639
4640
4641
4642
4643
4644
4645
4646
4647
4648
4649
4650
4651
4652
4653
4654
4655
4656
4657
4658
4659
4660
4661
4662
4663
4664
4665
4666
4667
4668
4669
4670
4671
4672
4673
4674
4675
4676
4677
4678
4679
4680
4681
4682
4683
4684
4685
4686
4687
4688
4689
4690
4691
4692
4693
4694
4695
4696
4697
4698
4699
4700
4701
4702
4703
4704
4705
4706
4707
4708
4709
4710
4711
4712
4713
4714
4715
4716
4717
4718
4719
4720
4721
4722
4723
4724
4725
4726
4727
4728
4729
4730
4731
4732
4733
4734
4735
4736
4737
4738
4739
4740
4741
4742
4743
4744
4745
4746
4747
4748
4749
4750
4751
4752
4753
4754
4755
4756
4757
4758
4759
4760
4761
4762
4763
4764
4765
4766
4767
4768
4769
4770
4771
4772
4773
4774
4775
4776
4777
4778
4779
4780
4781
4782
4783
4784
4785
4786
4787
4788
4789
4790
4791
4792
4793
4794
4795
4796
4797
4798
4799
4800
4801
4802
4803
4804
4805
4806
4807
4808
4809
4810
4811
4812
4813
4814
4815
4816
4817
4818
4819
4820
4821
4822
4823
4824
4825
4826
4827
4828
4829
4830
4831
4832
4833
4834
4835
4836
4837
4838
4839
4840
4841
4842
4843
4844
4845
4846
4847
4848
4849
4850
4851
4852
4853
4854
4855
4856
4857
4858
4859
4860
4861
4862
4863
4864
4865
4866
4867
4868
4869
4870
4871
4872
4873
4874
4875
4876
4877
4878
4879
4880
4881
4882
4883
4884
4885
4886
4887
4888
4889
4890
4891
4892
4893
4894
4895
4896
4897
4898
4899
4900
4901
4902
4903
4904
4905
4906
4907
4908
4909
4910
4911
4912
4913
4914
4915
4916
4917
4918
4919
4920
4921
4922
4923
4924
4925
4926
4927
4928
4929
4930
4931
4932
4933
4934
4935
4936
4937
4938
4939
4940
4941
4942
4943
4944
4945
4946
4947
4948
4949
4950
4951
4952
4953
4954
4955
4956
4957
4958
4959
4960
4961
4962
4963
4964
4965
4966
4967
4968
4969
4970
4971
4972
4973
4974
4975
4976
4977
4978
4979
4980
4981
4982
4983
4984
4985
4986
4987
4988
4989
4990
4991
4992
4993
4994
4995
4996
4997
4998
4999
5000
5001
5002
5003
5004
5005
5006
5007
5008
5009
5010
5011
5012
5013
5014
5015
5016
5017
5018
5019
5020
5021
5022
5023
5024
5025
5026
5027
5028
5029
5030
5031
5032
5033
5034
5035
5036
5037
5038
5039
5040
5041
5042
5043
5044
5045
5046
5047
5048
5049
5050
5051
5052
5053
5054
5055
5056
5057
5058
5059
5060
5061
5062
5063
5064
5065
5066
5067
5068
5069
5070
5071
5072
5073
5074
5075
5076
5077
5078
5079
5080
5081
5082
5083
5084
5085
5086
5087
5088
5089
5090
5091
5092
5093
5094
5095
5096
5097
5098
5099
5100
5101
5102
5103
5104
5105
5106
5107
5108
5109
5110
5111
5112
5113
5114
5115
5116
5117
5118
5119
5120
5121
5122
5123
5124
5125
5126
5127
5128
5129
5130
5131
5132
5133
5134
5135
5136
5137
5138
5139
5140
5141
5142
5143
5144
5145
5146
5147
5148
5149
5150
5151
5152
5153
5154
5155
5156
5157
5158
5159
5160
5161
5162
5163
5164
5165
5166
5167
5168
5169
5170
5171
5172
5173
5174
5175
5176
5177
5178
5179
5180
5181
5182
5183
5184
5185
5186
5187
5188
5189
5190
5191
5192
5193
5194
5195
5196
5197
5198
5199
5200
5201
5202
5203
5204
5205
5206
5207
5208
5209
5210
5211
5212
5213
5214
5215
5216
5217
5218
5219
5220
5221
5222
5223
5224
5225
5226
5227
5228
5229
5230
5231
5232
5233
5234
5235
5236
5237
5238
5239
5240
5241
5242
5243
5244
5245
5246
5247
5248
5249
5250
5251
5252
5253
5254
5255
5256
5257
5258
5259
5260
5261
5262
5263
5264
5265
5266
5267
5268
5269
5270
5271
5272
5273
5274
5275
5276
5277
5278
5279
5280
5281
5282
5283
5284
5285
5286
5287
5288
5289
5290
5291
5292
5293
5294
5295
5296
5297
5298
5299
5300
5301
5302
5303
5304
5305
5306
5307
5308
5309
5310
5311
5312
5313
5314
5315
5316
5317
5318
5319
5320
5321
5322
5323
5324
5325
5326
5327
5328
5329
5330
5331
5332
5333
5334
5335
5336
5337
5338
5339
5340
5341
5342
5343
5344
5345
5346
5347
5348
5349
5350
5351
5352
5353
5354
5355
5356
5357
5358
5359
5360
5361
5362
5363
5364
5365
5366
5367
5368
5369
5370
5371
5372
5373
5374
5375
5376
5377
5378
5379
5380
5381
5382
5383
5384
5385
5386
5387
5388
5389
5390
5391
5392
5393
5394
5395
5396
5397
5398
5399
5400
5401
5402
5403
5404
5405
5406
5407
5408
5409
5410
5411
5412
5413
5414
5415
5416
5417
5418
5419
5420
5421
5422
5423
5424
5425
5426
5427
5428
5429
5430
5431
5432
5433
5434
5435
5436
5437
5438
5439
5440
5441
5442
5443
5444
5445
5446
5447
5448
5449
5450
5451
5452
5453
5454
5455
5456
5457
5458
5459
5460
5461
5462
5463
5464
5465
5466
5467
5468
5469
5470
5471
5472
5473
5474
5475
5476
5477
5478
5479
5480
5481
5482
5483
5484
5485
5486
5487
5488
5489
5490
5491
5492
5493
5494
5495
5496
5497
5498
5499
5500
5501
5502
5503
5504
5505
5506
5507
5508
5509
5510
5511
5512
5513
5514
5515
5516
5517
5518
5519
5520
5521
5522
5523
5524
5525
5526
5527
5528
5529
5530
5531
5532
5533
5534
5535
5536
5537
5538
5539
5540
5541
5542
5543
5544
5545
5546
5547
5548
5549
5550
5551
5552
5553
5554
5555
5556
5557
5558
5559
5560
5561
5562
5563
5564
5565
5566
5567
5568
5569
5570
5571
5572
5573
5574
5575
5576
5577
5578
5579
5580
5581
5582
5583
5584
5585
5586
5587
5588
5589
5590
5591
5592
5593
5594
5595
5596
5597
5598
5599
5600
5601
5602
5603
5604
5605
5606
5607
5608
5609
5610
5611
5612
5613
5614
5615
5616
5617
5618
5619
5620
5621
5622
5623
5624
5625
5626
5627
5628
5629
5630
5631
5632
5633
5634
5635
5636
5637
5638
5639
5640
5641
5642
5643
5644
5645
5646
5647
4.497068536522828 94.94686074683051 0
4.99434629629903 94.89571430419045 0
5.49176386301833 94.8459445202781 0
5.989257086167491 94.79693593505584 0
6.486764701354759 94.74807351577103 0
6.984226003727647 94.69874231461024 0
7.481578502703751 94.64832711437221 0
7.97875558845651 94.59621211745551 0
8.475684156097149 94.54178074274888 0
8.972282321784242 94.48441557609442 0
9.468456919665533 94.4234985710997 0
9.964101250497507 94.35841151241648 0
10.45910931996703 94.28865054869807 0
10.95365126278122 94.21565022747353 0
11.44779935069523 94.14002981210847 0
11.94154039081283 94.06179575550715 0
12.43486115996653 93.98095392255971 0
12.9277483979752 93.89750959187039 0
13.42018878847622 93.81146745909625 0
13.91216894514691 93.72283163910549 0
14.40367541623859 93.63160566431253 0
14.89469463941164 93.5377924916634 0
15.38521294696584 93.44139450021738 0
15.87521656335432 93.34241348928769 0
16.36469157517655 93.24085068158583 0
16.85362302926069 93.13670272995657 0
17.34199403882196 93.02995754460115 0
17.82979145086085 92.92062107528488 0
18.31700245447364 92.80870048810644 0
18.8036141692424 92.69420236071169 0
19.28961362792603 92.5771326868082 0
19.77498776633659 92.45749687863334 0
20.25972341805973 92.33529976768597 0
20.74380728198274 92.21054561186966 0
21.22722592145378 92.08323809445396 0
21.70996575031364 91.95338032576308 0
22.19201301792472 91.82097484473442 0
22.67335379517565 91.68602361981375 0
23.15397130066585 91.54851877115233 0
23.6338494758927 91.40845553334502 0
24.11297602155013 91.26584231638184 0
24.59133854176951 91.1206869592059 0
25.0689245255819 90.97299671630246 0
25.54572133387203 90.8227782620106 0
26.02171618620663 90.67003769446858 0
26.49689614766355 90.51478053914816 0
26.97124811534146 90.35701175207736 0
27.44475880611506 90.19673572221922 0
27.91741474147856 90.03395627438873 0
28.38920222945617 89.86867667282108 0
28.8601069176409 89.70089840893594 0
29.33010989495138 89.53061050168783 0
29.79919759666025 89.35781727207494 0
30.26735821609586 89.1825277734864 0
30.73457979963537 89.004750476493 0
31.20085023373821 88.82449327436923 0
31.66615723205444 88.64176348817257 0
32.13048832230453 88.4565678714911 0
32.59383083306317 88.26891261480573 0
33.05617188201252 88.07880334881193 0
33.51749836046699 87.88624514881012 0
33.97779691834813 87.69124253852962 0
34.43705395252374 87.49379949209015 0
34.89525318357877 87.29391397715951 0
35.35237608909694 87.09157906101504 0
35.80841120741998 86.88680420403466 0
36.26334723903863 86.67959904064179 0
36.71717269253343 86.46997263233108 0
37.16987587181069 86.25793347396016 0
37.62144486741528 86.04348949766209 0
38.07186753418257 85.82664808277787 0
38.52113148476047 85.60741605791655 0
38.96922407503079 85.38579970633596 0
39.41613239040723 85.16180477047169 0
39.86184323200699 84.93543645607051 0
40.30634294974627 84.70669911770143 0
40.74961165664267 84.47558525515591 0
41.19163490516632 84.24209817781123 0
41.6324021420965 84.00624862437846 0
42.07190259126077 83.76804676597692 0
42.51012524109142 83.52750221353719 0
42.94705882800275 83.28462402709705 0
43.38269182660642 83.03942072094426 0
43.81701244360257 82.79190026607249 0
44.25000859408809 82.5420701020924 0
44.68166788559422 82.28993714457842 0
45.1119776180994 82.0355077825498 0
45.54092478281632 81.77878787561534 0
45.96849365164888 81.51977897299433 0
46.39466399018092 81.25847530584699 0
46.81942519972859 80.99488721986002 0
47.24276730856618 80.72902592924558 0
47.66468007221547 80.46090210005038 0
48.08515296831278 80.19052585395639 0
48.5041751751026 79.9179067820109 0
48.92173557558542 79.64305394131645 0
49.33782272648964 79.36597587403375 0
49.75242484981825 79.08668061144321 0
50.16552984942174 78.80517566015168 0
50.57712522999584 78.52146805402788 0
50.98719805561007 78.23556415822048 0
51.39572779545965 77.94745964222832 0
51.80269978410195 77.65715883090691 0
52.20810493340977 77.36467391095387 0
52.61193385016408 77.07001653202529 0
53.01417682911783 76.77319781268467 0
53.41482383999416 76.47422835018068 0
53.81386451785802 76.17311822722635 0
54.21128814558101 75.86987702421831 0
54.60708365176031 75.56451381922196 0
55.00123958481719 75.25703720558437 0
55.39374411213028 74.94745528983633 0
55.784585004771 74.63577569996116 0
56.17374669957861 74.32200202141648 0
56.56120823002894 74.0061312922813 0
56.94696043841748 73.68817533001588 0
57.33099485538617 73.36814669397685 0
57.71330267034908 73.04605742401874 0
58.09387471395259 72.72191905571019 0
58.47270145693827 72.39574262117382 0
58.84977297882615 72.06753867522386 0
59.22507898372802 71.73731728037794 0
59.59860876429929 71.40508803611013 0
59.97035119412504 71.07086008320202 0
60.34029474153463 70.73464208766094 0
60.7084271158492 70.39644199226699 0
61.07472669886523 70.05625767387579 0
61.43918040046965 69.71409651962657 0
61.8017807487364 69.36997191290932 0
62.16251989529281 69.02389673636586 0
62.52138960210966 68.67588338544979 0
62.8783812397912 68.32594377026027 0
63.23348576341468 67.97408933859425 0
63.58669371009918 67.62033107737685 0
63.93799518873055 67.26467952091653 0
64.28737987392221 66.90714475410979 0
64.63483696913889 66.54773644670205 0
64.98035521966753 66.18646383616439 0
65.32391818389949 65.82333131616251 0
65.66550583476612 65.45834004262792 0
66.0051112238959 65.0915036580259 0
66.34272752764885 64.72283580270296 0
66.67834750258005 64.35234964853572 0
67.01196347756931 63.98005790820615 0
67.34356734416136 63.6059728457371 0
67.67315054630998 63.23010628703837 0
68.00070407307882 62.85246962636268 0
68.32621844026018 62.47307384482233 0
68.64968368200427 62.09192951692422 0
68.97108934171679 61.70904681705825 0
69.29042324558928 61.32443454800754 0
69.60766271675546 60.93809290299942 0
69.92279831937144 60.55003323875742 0
70.23582430571176 60.16026986842901 0
70.54673448022514 59.76881665555766 0
70.85552219063507 59.37568702613839 0
71.16218031866984 58.9808939804563 0
71.46670127057845 58.58445010450353 0
71.76907696721588 58.18636758124202 0
72.06929883381626 57.78665820155451 0
72.36735778936121 57.38533337499474 0
72.66324423550873 56.98240414037559 0
72.95694803867683 56.57788118506183 0
73.24844977009148 56.17176853934014 0
73.53773395585124 55.76407330105214 0
73.82479596932465 55.35481036614966 0
74.10963070957395 54.9439942007694 0
74.3922325903531 54.53163885761597 0
74.67259553164612 54.11775798867399 0
74.95071295095519 53.70236485752478 0
75.22657775523905 53.285472349881 0
75.5001823314194 52.86709298540543 0
75.77151853227532 52.44723893588299 0
76.04057767088662 52.0259220295551 0
76.30735050841106 51.60315376469593 0
76.57182307677483 51.17894274298683 0
76.83397427341777 50.7532932460937 0
77.09379931469552 50.32621984201006 0
77.3512942352056 49.89773750450824 0
77.60645455446897 49.46786082365818 0
77.85927527156758 49.03660401575469 0
78.1097508573846 48.60398093627612 0
78.35787525107889 48.17000508449149 0
78.60364183899829 47.73468963783349 0
78.84704345606828 47.29804744645066 0
79.08807237346436 46.86009105049101 0
79.32672030061275 46.42083267026582 0
79.56297710594251 45.98028363227307 0
79.79682034375089 45.53844872906262 0
80.02824259183151 45.09534097206058 0
80.257241050093 44.65097575032083 0
80.4838123765587 44.20536809874291 0
80.70795268465359 43.75853270476296 0
80.92965753476149 43.31048392509661 0
81.14892192432799 42.86123580471693 0
81.36574028844663 42.41080207331918 0
81.58010648300328 41.95919617628881 0
81.7920137746006 41.50643129152552 0
82.00145485231346 41.05252029781716 0
82.20842174016475 40.59747585994178 0
82.4128948490315 40.14130540546244 0
82.6148618289549 39.68401985189058 0
82.81432106646042 39.2256349117181 0
83.0112703834988 38.76616596901518 0
83.20570703075356 38.30562809684226 0
83.39762768707368 37.8440360589144 0
83.58702844155853 37.38140435158356 0
83.77390480343719 36.91774717775235 0
83.95825167583287 36.45307850742625 0
84.14006336853311 35.98741204083962 0
84.31933356801551 35.52076127743321 0
84.4960553546866 35.05313946305719 0
84.67021430516094 34.58455715353398 0
84.84179267452055 34.11502377223777 0
85.01078957072048 33.64455508384501 0
85.17720399436804 33.17316673148868 0
85.34103435445952 32.70087407458067 0
85.50227846189816 32.22769220822067 0
85.660933526204 31.75363597204203 0
85.81699614381297 31.27871998275949 0
85.97046230551253 30.8029586073546 0
86.12132736895921 30.32636604130748 0
86.26958607102807 29.84895626319985 0
86.41523251424152 29.37074306647987 0
86.5582564309321 28.89173901833875 0
86.69863735582865 28.41195372408446 0
86.83637376253014 27.93140256643099 0
86.97146584174506 27.45010134459103 0
87.10391316880651 26.96806561842854 0
87.23371470384525 26.48531070956811 0
87.36086878261708 26.00185173468661 0
87.48537311518508 25.5177036085398 0
87.60722478268562 25.03288105106444 0
87.72642022683213 24.54739862128526 0
87.84295524512933 24.06127072783526 0
87.95682498686861 23.57451163328463 0
88.0680222902925 23.08713509812983 0
88.17652636434421 22.59915190959049 0
88.28233399206579 22.11057696527419 0
88.38544655183098 21.62142613697285 0
88.48586478945454 21.13171508806977 0
88.58358881548605 20.64145928929618 0
88.67861810317574 20.15067402850299 0
88.77095148218702 19.65937443977343 0
88.86058713643318 19.16757550947123 0
88.94752259931531 18.67529209262085 0
89.03175474862945 18.18253892854937 0
89.11327980104582 17.68933065617057 0
89.19209279984436 17.19568175706563 0
89.2681744981049 16.70160453641959 0
89.341519317569 16.20711362223059 0
89.41212981858065 15.71222486146556 0
89.48000791223409 15.21695393051331 0
89.54515485847682 14.72131635341563 0
89.60757126421548 14.22532751684604 0
89.66725708081511 13.72900268593849 0
89.72421160112236 13.23235702008177 0
89.77843345600128 12.73540558873832 0
89.82992061038712 12.23816338720028 0
89.87867035883181 11.7406453524535 0
89.92467927442031 11.24286638597482 0
89.9679308898191 10.74484026269341 0
90.0084170263458 10.24658169878478 0
90.04614141144556 9.74810642742904 0
90.08110710872765 9.249430052380449 0
90.11331651748779 8.750568064406714 0
90.14277137170107 8.251535858818491 0
90.16947273869457 7.752348750796283 0
90.19342101726789 7.253021991662448 0
90.21461593533584 6.75357078507295 0
90.23305654707762 6.254010303283209 0
90.24874122958791 5.754355703486141 0
90.26166767902173 5.254622144278473 0
90.27182268992969 4.754824596243932 0
90.27919577742799 4.25497826254935 0
90.28379177494332 3.755098677295224 0
90.28561487932323 3.255201286833175 0
90.28466861229334 2.755301467309454 0
90.28095582064412 2.255414538374073 0
90.27447867592234 1.75555578161516 0
90.26523867380672 1.255740463784702 0
90.25323663282531 0.7559838452859831 0
90.238472692611 0.2563011979023382 0
90.22094631093583 -0.2432921975107283 0
90.20065626286505 -0.7427809782098423 0
90.17759207064493 -1.242149324528198 0
90.15174204089331 -1.741381226577203 0
90.12311190068145 -2.24046141514831 0
90.09170695423474 -2.739374684550608 0
90.05753182238077 -3.238105858047949 0
90.02059044404918 -3.736639768604125 0
89.98088607758285 -4.234961237115811 0
89.93842129982987 -4.733055072255699 0
89.89319800742429 -5.230906035755477 0
89.8452174167097 -5.728498822386592 0
89.79448005823798 -6.225818087881573 0
89.74098578303183 -6.722848351983386 0
89.68472625419494 -7.219573192724018 0
89.62568953492431 -7.71597562996255 0
89.56388217103786 -8.212040712739539 0
89.4993105417014 -8.707753556272039 0
89.43198033787685 -9.203099255260517 0
89.36189656328381 -9.698062878425997 0
89.28906354016576 -10.19262942521903 0
89.21348490486409 -10.68678385056794 0
89.13516361660832 -11.180510995899 0
89.05410194873568 -11.67379563284252 0
88.97030149991116 -12.16662237625447 0
88.88376317930303 -12.65897575349104 0
88.79448028132742 -13.15083880440315 0
88.70244138124414 -13.64219361587103 0
88.60765389830924 -14.13302561046194 0
88.51012524894431 -14.62332029528473 0
88.40986215831306 -15.11306311590927 0
88.30687066557373 -15.60223943195057 0
88.20115612334759 -16.09083451797045 0
88.09272320755208 -16.57883351333995 0
87.9815759101826 -17.06622144875216 0
87.86771754904271 -17.55298319252428 0
87.75115076724111 -18.0391034421751 0
87.63187752502276 -18.52456674341148 0
87.50989226850999 -19.00935565838082 0
87.38518472537574 -19.49345145242626 0
87.25776330818293 -19.9768400049448 0
87.12763642615764 -20.45950728921307 0
86.99481179953082 -20.94143916449586 0
86.8592964639364 -21.4226213613045 0
86.7210967717416 -21.90303947520647 0
86.58021840276922 -22.38267892594106 0
86.4366663618562 -22.86152496115003 0
86.29044498178779 -23.33956263852899 0
86.14155792511569 -23.8167768098647 0
85.99000819397729 -24.2931520782629 0
85.83579092178476 -24.76867044969643 0
85.67889759963769 -25.24331262143644 0
85.51933774614247 -25.71706504683096 0
85.35712071650856 -26.18991422389777 0
85.19225518018773 -26.66184649288713 0
85.02474912796988 -27.13284801668832 0
84.85460987661783 -27.60290476684773 0
84.68184407376002 -28.07200250718067 0
84.50645770230392 -28.54012677717099 0
84.3284560843461 -29.00726287520497 0
84.14784388370738 -29.47339584384178 0
83.96462511094585 -29.93851044713511 0
83.77879511068301 -30.40258792526636 0
83.59034782260098 -30.86560878996089 0
83.39929390598905 -31.32756019984452 0
83.20564360975206 -31.78842923667504 0
83.00940650522801 -32.24820277541424 0
82.81059149324511 -32.70686746820982 0
82.60920681061458 -33.16440972838938 0
82.4052600361849 -33.62081571415386 0
82.19875809641142 -34.07607131206794 0
81.98970727048489 -34.53016212023206 0
81.77811319494981 -34.98307343127151 0
81.5639808679896 -35.43479021473993 0
81.34730533133171 -35.88529260209833 0
81.12808377827437 -36.3345615739352 0
80.90632792243079 -36.78258505676862 0
80.68204885070166 -37.22935076867555 0
80.4552569840984 -37.67484617222054 0
80.22596208553149 -38.1190584595102 0
79.9941732674526 -38.56197453635538 0
79.75989899906121 -39.00358100613484 0
79.52314711298808 -39.44386415351435 0
79.28392481163212 -39.88280992767293 0
79.04223866641019 -40.3204039371613 0
78.79809462043065 -40.75663137746528 0
78.55148691945706 -41.19147081401234 0
78.30241693370321 -41.62490459105629 0
78.05089719227625 -42.05692139377381 0
77.79693956180422 -42.48750962235658 0
77.54055525856404 -42.91665737271563 0
77.28175485748369 -43.34435242163923 0
77.02054830026647 -43.77058221234408 0
76.7569448968633 -44.19533384959905 0
76.49095334966833 -44.61859405709775 0
76.22258174894959 -45.04034918070007 0
75.95183757517074 -45.46058517859666 0
75.6787273382224 -45.87928732759477 0
75.40324490911254 -46.29643253412296 0
75.12539599582104 -46.71200524050422 0
74.84519382817126 -47.12599490331462 0
74.56265099486984 -47.53839064027459 0
74.27777944951383 -47.94918122261296 0
73.99059052623313 -48.35835505238104 0
73.70109494802827 -48.7659001496323 0
73.40930282273764 -49.17180415563551 0
73.11522368330951 -49.57605427330878 0
72.81886645774397 -49.9786373047699 0
72.52023950759107 -50.37953959272114 0
72.21934932576011 -50.7787460322127 0
71.916190483126 -51.17623238888429 0
71.61077264607692 -51.57198563970942 0
71.30310968407481 -51.96599603875821 0
70.99321484457001 -52.35825345738029 0
70.6811007634255 -52.74874737176185 0
70.36677948104779 -53.13746684251321 0
70.05026244373956 -53.5244005117902 0
69.73156052731568 -53.90953657201477 0
69.41068403217088 -54.29286276875554 0
69.08764270388104 -54.6743663715291 0
68.76244574404309 -55.0540341559653 0
68.43509888862633 -55.43184987535626 0
68.10559895419955 -55.80778933768541 0
67.77395881871874 -56.1818421522482 0
67.4401929229368 -56.55399939977849 0
67.10431511357244 -56.92425172879284 0
66.76633864823256 -57.29258935071788 0
66.42627621997623 -57.65900201260879 0
66.08413995963961 -58.02347899354078 0
65.73994143829165 -58.38600909936732 0
65.39369170841677 -58.74658061594336 0
65.04540128599672 -59.1051813241795 0
64.69508015405695 -59.46179849052694 0
64.34273253661176 -59.81641352991095 0
63.98835931740705 -60.16900437572872 0
63.63197553815922 -60.5195629113555 0
63.27359614825369 -60.86808105986306 0
62.91323552918158 -61.2145502701341 0
62.55090751043359 -61.5589615018897 0
62.18662538036983 -61.90130521481362 0
61.82040189379053 -62.24157135982407 0
61.45224929364525 -62.57974935634827 0
61.08217932153366 -62.91582807954181 0
60.7102032233888 -63.24979585093475 0
60.33633176393143 -63.58164040430529 0
59.96056684012967 -63.91133935743397 0
59.58291539170336 -64.23887571169513 0
59.20339336201202 -64.56424275131437 0
58.82201614384696 -64.88743325493357 0
58.4387985966294 -65.2084394819255 0
58.0537550596502 -65.52725316139436 0
57.66689936576258 -65.84386548002379 0
57.27824485479777 -66.1582670694083 0
56.88780438673095 -66.47044799284255 0
56.49559035453151 -66.78039773161659 0
56.1016146967783 -67.08810517074244 0
55.70588814009454 -67.39355755803091 0
55.30841196299277 -67.69672972597768 0
54.90919866041665 -67.99761079310986 0
54.50826452228158 -68.29619494658348 0
54.1056253250362 -68.59247582436343 0
53.70129634710775 -68.88644650448856 0
53.29529238408117 -69.17809949383386 0
52.88762776342524 -69.46742671650038 0
52.47831635896426 -69.75441950168022 0
52.06737160497887 -70.03906857107151 0
51.65480651006384 -70.3213640257419 0
51.24063366991704 -70.60129533298651 0
50.8248625427396 -70.87884720242934 0
50.40749698986946 -71.15399564732243 0
49.9885529168329 -71.42673460399565 0
49.56804689811672 -71.69705915933085 0
49.14599503427336 -71.96496381066657 0
48.72241296825653 -72.23044245577881 0
48.29731589574632 -72.49348838589268 0
47.8707185934632 -72.75409426683838 0
47.44263542591711 -73.01225213304951 0
47.01308036154595 -73.26795337491747 0
46.58206698373262 -73.52118872849195 0
46.14960849894108 -73.77194826596256 0
45.71571218725646 -74.02021152107373 0
45.28038724185626 -74.26596111388473 0
44.84365091106682 -74.50919361356027 0
44.40551999135119 -74.74990500021626 0
43.96601085242278 -74.98809062426444 0
43.5251394464555 -75.22374520154962 0
43.08292132772041 -75.45686280203243 0
42.63937167837135 -75.68743683477342 0
42.19450530386197 -75.91546004811943 0
41.74833666139676 -76.14092451174156 0
41.30087989395886 -76.36382159578154 0
40.85214817588652 -76.58414070781603 0
40.40214788151989 -76.8018570376216 0
39.95089376330948 -77.01696256450163 0
39.49840318990939 -77.22945480090213 0
39.04469313045698 -77.4393306032182 0
38.58978016557719 -77.64658616725455 0
38.13368052020908 -77.85121701304736 0
37.67641004822406 -78.05321799080734 0
37.2179843031309 -78.25258324772194 0
36.75841848481888 -78.44930624894731 0
36.29772753757023 -78.64337973185479 0
35.83592606999915 -78.83479573612688 0
35.37302599011409 -79.02353938385481 0
34.90903658536484 -79.20958909023389 0
34.44397524237546 -79.39294287960101 0
33.97785940214368 -79.57359915577672 0
33.51070615048336 -79.75155563576421 0
33.04253224464301 -79.9268093398221 0
32.573354111645 -80.09935659153979 0
32.10318790242171 -80.26919299652573 0
31.63204946628827 -80.43631344986979 0
31.15995439896554 -80.60071211589124 0
30.68691806017423 -80.76238241871408 0
30.21295547573342 -80.92131677469091 0
29.73807685270805 -81.07749279484669 0
29.26229665908155 -81.23090031613263 0
28.78563267688299 -81.38153932129836 0
28.30810236510713 -81.52940908221841 0
27.82972288603941 -81.67450815231632 0
27.35051112203135 -81.81683436144768 0
26.87048368545731 -81.95638481203652 0
26.38965695054994 -82.09315586809595 0
25.90804707039644 -82.22714314819014 0
25.42566998626616 -82.35834151975548 0
24.94254144933143 -82.48674508917232 0
24.45867587430981 -82.6123427001309 0
23.97408499246239 -82.73511212309637 0
23.48878616824925 -82.85505256150741 0
23.00279710588339 -82.97216486329836 0
22.51613524590958 -83.08644913732259 0
22.0288177846279 -83.19790474907994 0
21.54086169218662 -83.30653031611132 0
21.05228372975155 -83.4123237029185 0
20.56310047928135 -83.51528201256122 0
20.07332835150374 -83.61540158239069 0
19.58298360795547 -83.71267797598233 0
19.0920823800724 -83.80710589900882 0
18.60063809192506 -83.89866550543505 0
18.10866622990737 -83.98734661848073 0
17.616184608207 -84.07315167450201 0
17.12321081538274 -84.15608235050718 0
16.62976223442835 -84.23613956144442 0
16.13585606263277 -84.31332345690332 0
15.64150933130814 -84.38763341721096 0
15.14673892542532 -84.4590680489095 0
14.65156160315628 -84.52762517960606 0
14.15599401550529 -84.59330185216055 0
13.66005272597563 -84.65609431821143 0
13.16375369975823 -84.71599357118502 0
12.66711164622626 -84.77297880403934 0
12.17014403860821 -84.82705141238601 0
11.67286848450236 -84.87821464343199 0
11.17530242626042 -84.92647096528941 0
10.67746316140756 -84.97182206527351 0
10.17936786292184 -85.01426884759194 0
9.681033599457615 -85.05381143041042 0
9.182477346009017 -85.09044914295774 0
8.683716025464749 -85.12418051965211 0
8.184766515423506 -85.1550032963676 0
7.685645665599416 -85.18291421261951 0
7.186369558948359 -85.20789443708966 0
6.686955138730781 -85.22993716455122 0
6.187419900027225 -85.24904720435387 0
5.687781218197552 -85.26522857137624 0
5.188056360511058 -85.27848448628544 0
4.68826251722021 -85.28881737450847 0
4.188416819326146 -85.29622886509907 0
3.688536349615435 -85.30071978890778 0
3.188638167719736 -85.30229017576798 0
2.688739353340347 -85.30093925128251 0
2.188856979435612 -85.29666543292899 0
1.689008288067736 -85.28946017031886 0
1.189210793062943 -85.27930606659443 0
0.6894817844771118 -85.26620794184278 0
0.1898384389378264 -85.25017134110763 0
-0.3097021244700824 -85.23120100348059 0
-0.8091228218871495 -85.20930086317492 0
-1.308406586391081 -85.18447404980256 0
-1.807536355412367 -85.15672288758458 0
-2.306495022207499 -85.12604889593278 0
-2.805265468132388 -85.09245278466302 0
-3.303830462946666 -85.05593445670776 0
-3.802172642080174 -85.01649195443616 0
-4.300273167466665 -84.97410677761638 0
-4.798114490530405 -84.92877846783777 0
-5.295679752206675 -84.88051407343448 0
-5.79295210401894 -84.82931982770599 0
-6.28991469324471 -84.77520115094953 0
-6.786550628013958 -84.71816265399465 0
-7.282842988710589 -84.65820813585185 0
-7.778774754320681 -84.59534059057745 0
-8.274328838270321 -84.52956220048777 0
-8.769488032386521 -84.46087433966618 0
-9.264234980761298 -84.38927757359968 0
-9.758550623691047 -84.31476134395069 0
-10.25241575398955 -84.23731545028208 0
-10.74581391884221 -84.15694824368133 0
-11.23872865998896 -84.0736674175956 0
-11.73114346973117 -83.98747984674753 0
-12.2230417573396 -83.89839159296426 0
-12.71440683660324 -83.806407906781 0
-13.20522191374601 -83.71153322798649 0
-13.69547004527833 -83.61377119123834 0
-14.18513412564598 -83.51312462553263 0
-14.67419687202373 -83.4095955532423 0
-15.16263992703284 -83.30318123843898 0
-15.65044197085538 -83.19386612339179 0
-16.13758644669834 -83.08165698185795 0
-16.62405740435034 -82.96656292334167 0
-17.10983878939205 -82.84859223727953 0
-17.59491442351549 -82.72775239811581 0
-18.07926798376719 -82.60405006993211 0
-18.56288298171057 -82.47749111040245 0
-19.04574274803313 -82.34808057256234 0
-19.52783039476954 -82.21582271185396 0
-20.00912880815136 -82.08072098437115 0
-20.48962041898376 -81.94277738286557 0
-20.96928289636581 -81.80197776523406 0
-21.44809833466537 -81.65832400206764 0
-21.92605139906134 -81.51182656696686 0
-22.40312660219946 -81.36249511355489 0
-22.87930828358977 -81.21033848246795 0
-23.35458058900351 -81.0553647076465 0
-23.82892744968681 -80.89758102197376 0
-24.30233256126987 -80.73699386229309 0
-24.77477936250196 -80.57360887375279 0
-25.24625101352513 -80.40743091356291 0
-25.71673037776736 -80.23846405267976 0
-26.18619609393673 -80.06670096809886 0
-26.65462730942979 -79.89213631226711 0
-27.12200937788426 -79.7147817856624 0
-27.58832748090723 -79.53464834864329 0
-28.05356657714585 -79.35174615357172 0
-28.51771138185142 -79.16608455278849 0
-28.9807463470705 -78.97767210559877 0
-29.44265564701186 -78.78651658231966 0
-29.90342313792009 -78.59262497812465 0
-30.36303235314655 -78.39600351172959 0
-30.8214664764274 -78.19665763214888 0
-31.27870590310657 -77.99458655773857 0
-31.7347268676705 -77.78978055754601 0
-32.18951484507188 -77.58225100000136 0
-32.64305578174777 -77.37201008728159 0
-33.09533535640924 -77.15906921907636 0
-33.54633894822959 -76.94343900765377 0
-33.99605162312474 -76.72512928383296 0
-34.44445812198092 -76.50414910093099 0
-34.89154282362529 -76.28050675026009 0
-35.33728972326035 -76.05420976863385 0
-35.78168244550911 -75.82526492711324 0
-36.22470297700902 -75.59367603061857 0
-36.66632584444359 -75.35943287208723 0
-37.10653567506857 -75.12254487810513 0
-37.54531927423221 -74.88302541821709 0
-37.98266312568882 -74.64088707211347 0
-38.41855336194603 -74.39614164644718 0
-38.85297576281125 -74.14880017516877 0
-39.28591571437613 -73.89887294118208 0
-39.71735820749848 -73.64636947490065 0
-40.14728780392092 -73.39129857039029 0
-40.57568862411934 -73.13366828812718 0
-41.00254396177658 -72.87348540979737 0
-41.4278280836382 -72.61074214375444 0
-41.85152377671559 -72.34544500310753 0
-42.27361878375958 -72.07760844800242 0
-42.69410047425944 -71.80724616393742 0
-43.11295582534 -71.53437107456283 0
-43.53017139871748 -71.25899535627491 0
-43.94573332053616 -70.981130450222 0
-44.35962728043184 -70.70078706037528 0
-44.77183847065841 -70.41797519110591 0
-45.18235160899876 -70.13270412740371 0
-45.59115088396547 -69.84498244917833 0
-45.99821179761109 -69.55480660960687 0
-46.40351440043271 -69.26217986976272 0
-46.80704745090861 -68.96711769362807 0
-47.20879928353415 -68.6696347886836 0
-47.60875778551573 -68.36974512394298 0
-48.00691038247847 -68.0674619405103 0
-48.4032440261489 -67.76279775947637 0
-48.79774515526741 -67.45576440948571 0
-49.19039969425271 -67.14637302458256 0
-49.58119302822649 -66.83463405900885 0
-49.97010998418033 -66.52055729630366 0
-50.35712815425884 -66.204143747366 0
-50.74222464594541 -65.88539416627761 0
-51.1253891529926 -65.56432475414246 0
-51.5066110385002 -65.24095115691672 0
-51.88587917161031 -64.91528830350775 0
-52.2631819101162 -64.58735042059877 0
-52.63850708262053 -64.25715104689779 0
-53.011841970301 -63.92470304674615 0
-53.38317328900514 -63.59001862240959 0
-53.75248716755424 -63.25310932875102 0
-54.11976912662032 -62.91398608646051 0
-54.48499866437511 -62.57265343370312 0
-54.84815072303861 -62.22911132414141 0
-55.20921562699902 -61.88337625696739 0
-55.5681838288293 -61.5354647248008 0
-55.92504523791408 -61.18539253078352 0
-56.27978920406208 -60.83317480468214 0
-56.63240450051916 -60.47882601854052 0
-56.98287930636796 -60.12236000189233 0
-57.33120118838523 -59.76378995645165 0
-57.67735708230166 -59.40312847031999 0
-58.02133327331835 -59.04038753184435 0
-58.36311090553634 -58.67557438391987 0
-58.7026635066334 -58.30868935176415 0
-59.03998186074525 -57.93974907784302 0
-59.37505755995333 -57.56877080789945 0
-59.70788160395782 -57.19577113068541 0
-60.03844438534244 -56.82076599467938 0
-60.36673567389448 -56.44377072469569 0
-60.6927446006313 -56.06480003764741 0
-61.01645964749039 -55.68386805036453 0
-61.33786860789748 -55.30098832049798 0
-61.65695858746603 -54.91617383937903 0
-61.97371213151769 -54.52943390408975 0
-62.28810193551317 -54.14076998568697 0
-62.60011927064028 -53.75019889490061 0
-62.90975690610951 -53.35773853903859 0
-63.21700697591255 -52.9634061987971 0
-63.52186095799517 -52.56721855516324 0
-63.82430966642552 -52.16919169848289 0
-64.12434323467997 -51.76934114745687 0
-64.42195108640564 -51.36768188394271 0
-64.71712194653088 -50.96422833226201 0
-65.00984378946119 -50.55899442186696 0
-65.30010028408911 -50.15199104704539 0
-65.58786378213968 -49.74322123903124 0
-65.87312621888356 -49.33270213801739 0
-66.15588157573735 -48.92045221245274 0
-66.43612315036518 -48.50648934763251 0
-66.71384354765176 -48.09083085928717 0
-66.98903465607877 -47.67349352755843 0
-67.26168764934525 -47.25449359167546 0
-67.53179294955436 -46.83384680145443 0
-67.79934023493172 -46.41156839923648 0
-68.06431840420218 -45.98767316710484 0
-68.3267119756088 -45.56217323840198 0
-68.58649333115586 -45.13507345096291 0
-68.84365539503752 -44.70639144863623 0
-69.0981933812932 -44.27614616767261 0
-69.35010178046527 -43.84435599841971 0
-69.59937434177795 -43.41103881611305 0
-69.84600406915851 -42.97621198636404 0
-70.0899831986104 -42.53989240131963 0
-70.33130318591036 -42.10209649671245 0
-70.5699547012962 -41.66284025400392 0
-70.80592760410147 -41.22213923696803 0
-71.03920694461736 -40.78000654380361 0
-71.26976550930284 -40.33644896272865 0
-71.49759760167265 -39.89148478508682 0
-71.72269968561056 -39.44513331298842 0
-71.94506745768867 -38.99741335431384 0
-72.16469583648151 -38.548343244629 0
-72.38157895191384 -38.09794086721303 0
-72.59571013396084 -37.64622367245477 0
-72.80708190101936 -37.19320869587501 0
-73.01568593857918 -36.73891259519867 0
-73.22151309316531 -36.28335165294246 0
-73.42454855646046 -35.82653969573777 0
-73.62476599484839 -35.36848560223279 0
-73.82216148245202 -34.90920834407549 0
-74.0167327355266 -34.44872749933621 0
-74.20847666558797 -33.98706220064627 0
-74.39738937007294 -33.52423115789301 0
-74.58346612220225 -33.06025268076061 0
-74.76670136018157 -32.59514470076746 0
-74.94708867559417 -32.12892479312077 0
-75.12462080096405 -31.66161019841816 0
-75.2992895964735 -31.19321784420488 0
-75.47107985667327 -30.72376213187387 0
-75.63996686059727 -30.25325416045535 0
-75.80594873568273 -29.78171350302229 0
-75.96902444812235 -29.30915991988052 0
-76.12919212424255 -28.83561277960638 0
-76.2864490425094 -28.36109108268817 0
-76.44079162476173 -27.88561348494805 0
-76.59221542885123 -27.40919831378895 0
-76.74071513322092 -26.93186360693384 0
-76.8862845294764 -26.45362712382668 0
-77.02891650972167 -25.97450637023917 0
-77.16859475873464 -25.49451622200105 0
-77.30529729095227 -25.01367010971549 0
-77.43902436584426 -24.53198801552141 0
-77.56977618815188 -24.04948979392302 0
-77.69755209091828 -23.56619496514815 0
-77.82235053099956 -23.08212273145113 0
-77.94416907735445 -22.5972920178773 0
-78.06300440537382 -22.11172148720933 0
-78.17885229005228 -21.62542955467936 0
-78.29170759421947 -21.13843441893753 0
-78.4015642525594 -20.65075410927058 0
-78.50840390322485 -20.16240398689438 0
-78.61220893949954 -19.67339981722298 0
-78.71298153058549 -19.18376173545017 0
-78.81072310224968 -18.69350960124829 0
-78.90543417952586 -18.20266300509869 0
-78.99711438470837 -17.71124127744636 0
-79.08576242696952 -17.21926353701554 0
-79.17137610006287 -16.72674869203629 0
-79.25395227226255 -16.23371547803739 0
-79.33348687810454 -15.74018248188088 0
-79.40997485099884 -15.24616815907975 0
-79.48339477332365 -14.75168856321836 0
-79.55373549526151 -14.25676155550459 0
-79.62100055810039 -13.7614071629488 0
-79.68519258209092 -13.26564517614108 0
-79.74631326464019 -12.76949516711531 0
-79.80436337419006 -12.27297653523312 0
-79.85934274899751 -11.77610850676126 0
-79.91125028976252 -11.2789101771939 0
-79.96008395305444 -10.78140054275901 0
-80.00584074824275 -10.28359848514066 0
-80.04851576985922 -9.785522792658497 0
-80.08808563401777 -9.287190795599177 0
-80.1245460409891 -8.788621648291244 0
-80.15790171712217 -8.289835162756008 0
-80.18815644630889 -7.790850981725283 0
-80.21531306884314 -7.291688604494909 0
-80.23937347985878 -6.792367403272936 0
-80.26033862560831 -6.292906663963302 0
-80.27820850009819 -5.793325606557868 0
-80.29298214063419 -5.293643405799791 0
-80.30465762212296 -4.793879219405168 0
-80.3132287825708 -4.294052162153703 0
-80.31867290860393 -3.794181269161926 0
-80.32099180675935 -3.294286105013018 0
-80.3201913465893 -2.794386200092986 0
-80.31627643865025 -2.294500981872946 0
-80.30925103484725 -1.794649801119085 0
-80.2991181279172 -1.294851958019069 0
-80.28587975004002 -0.7951267283037611 0
-80.26953697056686 -0.2954933894504562 0
-80.25008989285463 0.2040287529524544 0
-80.22753765019671 0.7034203385778929 0
-80.20187099316449 1.202661523853891 0
-80.17307160208892 1.701731799917949 0
-80.1411459361593 2.200611846369994 0
-80.10610096201665 2.699282480735034 0
-80.06794267550113 3.197724552869332 0
-80.02667610356063 3.695918918412439 0
-79.98230530528713 4.193846412250839 0
-79.9348333720784 4.691487821872863 0
-79.88426242691401 5.188823860598171 0
-79.8305936227449 5.685835140543706 0
-79.77382713969449 6.182502147769244 0
-79.71394848450963 6.67880354975645 0
-79.65094841186904 7.174718394236186 0
-79.58483590727155 7.670227912191172 0
-79.51561898451418 8.165313323962399 0
-79.44330467984935 8.659955810673612 0
-79.36789905480012 9.154136491557086 0
-79.28940720094454 9.647836382682584 0
-79.20783323988942 10.1410363821404 0
-79.12318032377063 10.63371724428256 0
-79.03545063359151 11.12585956038952 0
-78.94464420666647 11.61744345663253 0
-78.85074249650668 12.10844549788462 0
-78.7537471876954 12.59884579210076 0
-78.65366827227577 13.08862610227906 0
-78.5505147578823 13.57776810290058 0
-78.44429467343112 14.0662533544213 0
-78.3350150758766 14.55406326888965 0
-78.22268204807759 15.04117911092966 0
-78.10730071340548 15.52758192063155 0
-77.9888752251268 16.01325254266782 0
-77.86740877827185 16.49817155411738 0
-77.7428982034091 16.98231785546671 0
-77.61532767105261 17.46566689261243 0
-77.48470642910226 17.94820044232591 0
-77.35104540627717 18.42990083531582 0
-77.21435454893469 18.91075024146873 0
-77.074642831866 19.39073063172532 0
-76.93191825707191 19.86982377830601 0
-76.786187872466 20.34801118359139 0
-76.63745775969173 20.82527410971327 0
-76.4857330547128 21.30159349598778 0
-76.33101794247047 21.7769499590204 0
-76.17330279591964 22.2513194926048 0
-76.012582074138 22.72467916404169 0
-75.8488685361383 23.19701210725515 0
-75.68217398544215 23.66830125610153 0
-75.51250925310464 24.13852930342853 0
-75.33988420761246 24.60767867242294 0
-75.1643077599861 25.07573149830227 0
-74.98578787073023 25.54266960170721 0
-74.80433156375264 26.00847444174359 0
-74.61994492315658 26.47312711133148 0
-74.43263136272448 26.93660758743334 0
-74.24237687157633 27.3988886175008 0
-74.04918874204422 27.85995138062005 0
-73.85308056079988 28.31977972926436 0
-73.65406494626988 28.77835722203707 0
-73.45215355896461 29.23566710048617 0
-73.24735711186683 29.69169226329879 0
-73.03968538000794 30.14641524000191 0
-72.82914720907721 30.59981816447682 0
-72.6157505233097 31.05188274770564 0
-72.39950233255298 31.50259024994294 0
-72.18040090421626 31.95191760979404 0
-71.9584381885857 32.39983844159391 0
-71.73362852759624 32.8463371969908 0
-71.50598624386075 33.29139844651835 0
-71.27552471033229 33.7350063918075 0
-71.04225636313005 34.17714484027761 0
-70.80619271348917 34.61779717946996 0
-70.5673443588424 35.0569463509759 0
-70.32572099316795 35.49457482367905 0
-70.08133141649181 35.9306645664897 0
-69.8341830035678 36.36519670154846 0
-69.58426645189412 36.79814269128887 0
-69.33158815994284 37.2294826918162 0
-69.07616405988435 37.65920242453662 0
-68.81800914687682 38.08728718615917 0
-68.55713749253307 38.51372182715252 0
-68.29356225923426 38.9384907268208 0
-68.0272957076173 39.36157777736317 0
-67.75834922320695 39.78296633555966 0
-67.48673331839663 40.20263921230891 0
-67.21245764091555 40.62057864921415 0
-66.93552524410771 41.03676244472863 0
-66.65592998048325 41.4511620087369 0
-66.37368761815776 41.86376322273743 0
-66.08881467119633 42.27455261011237 0
-65.80132674855622 42.68351619187404 0
-65.5112385636985 43.09063947266646 0
-65.21856395792794 43.49590740546112 0
-64.92331591475447 43.89930436764731 0
-64.62550655586351 44.3008141600147 0
-64.32514719573186 44.70041992461226 0
-64.02224795784791 45.09810392512948 0
-63.71680380830688 45.49383663279228 0
-63.40882299523346 45.88759839410285 0
-63.09832344152971 46.27937707690368 0
-62.78532218122649 46.66915999746409 0
-62.46983538343188 47.05693389133577 0
-62.15187835561404 47.44268490809646 0
-61.83146558062285 47.82639856304165 0
-61.50861071371952 48.20805973616831 0
-61.18332660705872 48.58765263598678 0
-60.85562533471437 48.96516076195032 0
-60.52551260033416 49.34056198311941 0
-60.19298645948268 49.71382712432678 0
-59.85806480131157 50.08494433866779 0
-59.52076597338478 50.4539023404042 0
-59.18110747511697 50.82068922001795 0
-58.83910598387995 51.18529241558151 0
-58.49477736884501 51.54769869602455 0
-58.14813670008886 51.90789414740688 0
-57.79919829279588 52.2658641212216 0
-57.44797570099013 52.62159323409338 0
-57.09448106572466 52.97506464457475 0
-56.73871258493207 53.3262473351678 0
-56.38068289755181 53.67512444818539 0
-56.02041153634089 54.02168619906886 0
-55.65791721656937 54.36592212427792 0
-55.29321785718264 54.70782106155976 0
-54.92633060137658 55.04737112934377 0
-54.55727183686878 55.38455970499999 0
-54.18605721554729 55.71937340225858 0
-53.8127016724638 56.05179804779852 0
-53.43721944443679 56.38181865674358 0
-53.05961716267154 56.70941138377696 0
-52.67989908095728 57.0345493081332 0
-52.2980854229119 57.35722379676525 0
-51.91419598974215 57.67742592228284 0
-51.52824981876995 57.9951460089956 0
-51.14026520637563 58.31037361338777 0
-50.75025973044467 58.62309750367476 0
-50.35825027199746 58.93330563868629 0
-49.96425303641679 59.24098514571747 0
-49.56828357410337 59.54612229746665 0
-49.1703549282232 59.84870002568859 0
-48.77046914394253 60.14868643184467 0
-48.36864405901837 60.44607017412118 0
-47.96490042726695 60.74084393760766 0
-47.5592582749467 61.03299960990789 0
-47.15173692034925 61.32252826690807 0
-46.74235500918827 61.60942014599154 0
-46.33113053229524 61.89366463077879 0
-45.91808084828834 62.1752502308744 0
-45.50322268738307 62.45416457288169 0
-45.0865721859665 62.73039426665124 0
-44.66813544404518 63.00391057804015 0
-44.24792537719786 63.27469459102375 0
-43.82596354853835 63.5427406711995 0
-43.40227083594568 63.80804233687056 0
-42.97686745372777 64.07059224599075 0
-42.54977298867784 64.33038217294376 0
-42.12100639867418 64.58740300692435 0
-41.69058608243338 64.84164470595219 0
-41.25852985077857 65.09309630887262 0
-40.82485500036965 65.34174588500682 0
-40.38957400325989 65.58757289997129 0
-39.95269542763465 65.83054941569578 0
-39.51424088848334 66.07067042119525 0
-39.0742319763178 66.30793111941259 0
-38.63268966029914 66.54232580931161 0
-38.18963433118895 66.77384786253242 0
-37.74508580713639 67.00248971858417 0
-37.29906337531028 67.22824285979114 0
-36.85158582167279 67.45109779161847 0
-36.40267142033443 67.67104404157097 0
-35.95233667164088 67.88806726909223 0
-35.50059007649065 68.10213614736253 0
-35.04745172203193 68.31324300556837 0
-34.59294376615188 68.52138477468095 0
-34.13708780218271 68.72655743438072 0
-33.67990488558232 68.92875600103089 0
-33.22141555485639 69.12797451685942 0
-32.76163987078073 69.32420602987455 0
-32.30059744252819 69.51744257854155 0
-31.83830744712854 69.70767517788995 0
-31.37478851139514 69.89489340665114 0
-30.91005191902708 70.07906822558746 0
-30.44411551469232 70.26018623890036 0
-29.9770018827362 70.43824613363499 0
-29.50873309288319 70.61324560556083 0
-29.03933073074006 70.78518134805005 0
-28.56881592648128 70.95404904046758 0
-28.09720938386778 71.11984333523714 0
-27.62453140910961 71.28255784376735 0
-27.1508019393174 71.44218512131019 0
-26.67604057106973 71.59871665054729 0
-26.2002625707246 71.75213027724327 0
-25.72348376841956 71.90240481256171 0
-25.24572699214727 72.04954056014562 0
-24.76701464914537 72.19353695054195 0
-24.28736871764725 72.33439237603793 0
-23.8068107787415 72.47210418048094 0
-23.32536204903294 72.60666864776887 0
-22.84304340805949 72.73808099067277 0
-22.35987542912164 72.86633533745805 0
-21.87587840938756 72.99142471751327 0
-21.39107050304876 73.11333346745747 0
-20.90546743127352 73.23203524617249 0
-20.41909174469448 73.34753049235408 0
-19.93196604844027 73.45982037863601 0
-19.44411257743823 73.56890500608499 0
-18.95555322976767 73.67478339614644 0
-18.46630960741656 73.77745347997886 0
-17.97640303673487 73.87691209105488 0
-17.48585458254639 73.9731549573545 0
-16.9946851363971 74.06617667786833 0
-16.50291464678149 74.15596661476955 0
-16.01056008330364 74.2424965742121 0
-15.51764355121754 74.32576569519775 0
-15.02418770980377 74.40577688899221 0
-14.53021492040875 74.48253196330688 0
-14.03574726188594 74.55603161963769 0
-13.5408065925418 74.62627544231728 0
-13.04541454403115 74.6932618965657 0
-12.54959259717267 74.75698831355794 0
-12.05336206060929 74.81745088754911 0
-11.55674396291584 74.87464275553366 0
-11.05975712851231 74.92853644509587 0
-10.56242338444354 74.97912889305884 0
-10.06476531409327 75.02642473210197 0
-9.566805259733732 75.0704274658288 0
-9.068565369590864 75.11113946451241 0
-8.570067610973272 75.1485619626701 0
-8.071333820972841 75.1826950522224 0
-7.572385739441597 75.21353767619944 0
-7.07324502250967 75.24108762223875 0
-6.573933265969176 75.2653408350231 0
-6.074471243865809 75.28627232047491 0
-5.574880874496996 75.30387646910131 0
-5.075184529045196 75.31815960802771 0
-4.575404409837676 75.32912691202212 0
-4.075562588469142 75.33678240270112 0
-3.575681041125006 75.34112894675621 0
-3.075781677979333 75.34216825305251 0
-2.575886377662115 75.33990086839216 0
-2.07601702096715 75.33432617206665 0
-1.57619553378291 75.32544223113977 0
-1.0764443634547 75.31322747317425 0
-0.576785955892814 75.29767393564136 0
-0.07724234205307645 75.27878960160994 0
0.4221645396863406 75.25658128312961 0
0.9214128093398376 75.23105462298497 0
1.420480611220892 75.20221409526212 0
1.919346079797946 75.17006300471478 0
2.417987305419173 75.13460348491542 0
2.916382299716642 75.09583649518274 0
3.414508948577093 75.05376181619945 0
3.912343497672111 75.00836149659578 0
4.409862615152883 74.95962588563161 0
4.907044729767543 74.90756457374805 0
5.403868286842497 74.85218596650981 0
5.900311718206758 74.79349728825071 0
6.396353399002675 74.73150458602238 0
6.891971616779696 74.66621273101354 0
7.387144537770348 74.59762541897472 0
7.881850175773538 74.52574516893988 0
8.37606636446772 74.45057331995207 0
8.869768269599751 74.37209505311013 0
9.362931549907813 74.29030015619453 0
9.855535192726206 74.20519973614007 0
10.34755813993687 74.11680373892777 0
10.83897923756667 74.02512092334743 0
11.32977720773431 73.93015886508405 0
11.81993059109178 73.83192396529456 0
12.30941775047067 73.73042144595179 0
12.79821679299163 73.62565536002808 0
13.28630556794501 73.51762858508452 0
13.77365833655093 73.40632860685078 0
14.26024978258804 73.29174594966159 0
14.74605956421203 73.17389315808335 0
15.23106722673436 73.05278165661501 0
15.71525213474548 72.92842168260934 0
16.19859345266243 72.80082229017691 0
16.68107008022518 72.66999136452841 0
17.16266066777298 72.53593561378477 0
17.64334351499411 72.39866059095823 0
18.12309658564816 72.25817068301924 0
18.6018931840972 72.11445490343465 0
19.07970731178549 71.96750567779185 0
19.55651941146456 71.81733697150908 0
20.03230972650999 71.66396161908547 0
20.50705824152631 71.50739127150231 0
20.9807446454185 71.34763640730242 0
21.45334830225138 71.18470633973405 0
21.92484822434827 71.01860922148303 0
22.39522301400938 70.84935205904252 0
22.8644508420365 70.67694071301358 0
23.33250378234423 70.50136498064739 0
23.79935574463413 70.32262031443845 0
24.26498804634987 70.14072206381633 0
24.72938171449251 69.95568439878579 0
25.19251743546089 69.76752031596193 0
25.654375521655 69.57624165083898 0
26.11493587787934 69.38185908872234 0
26.57417796120149 69.18438217703677 0
27.03208075115592 68.98381933185131 0
27.48862270221497 68.78017782337893 0
27.9437743019919 68.57344751543704 0
28.39751013090205 68.36362806442258 0
28.84981247064145 68.15073606752374 0
29.3006632115949 67.93478694913399 0
29.75004381966961 67.71579497696476 0
30.19793530287413 67.49377327685943 0
30.64431817717125 67.26873384651161 0
31.08917243178409 67.04068756797838 0
31.5324775019484 66.80964421475163 0
31.97421206623697 66.57561220656596 0
32.41434473135261 66.33858133852421 0
32.85285165645352 66.09855618093523 0
33.28971613979403 65.85555447976516 0
33.72492100401909 65.60959282868107 0
34.15844856017786 65.36068668947277 0
34.59028058103277 65.10885040570115 0
35.0203982716216 64.85409721610975 0
35.4487822103288 64.59643928410483 0
35.87541235061427 64.33588768966007 0
36.30026735264001 64.07245150445524 0
36.72331396271751 63.8061209650033 0
37.14453075124087 63.53690578786382 0
37.56390208938257 63.26482477436758 0
37.98141179184379 62.98989559840397 0
38.39704306984056 62.71213483721021 0
38.81077853033582 62.43155796988678 0
39.22260009553663 62.14817942767628 0
39.63248903224836 61.86201256817079 0
40.04042584606272 61.57306974041157 0
40.44638863296638 61.28135994819109 0
40.85034286255739 60.98687503364721 0
41.25227014272806 60.68962959464099 0
41.65215596530087 60.38964339130097 0
42.04998517870575 60.08693509222016 0
42.44574195194937 59.78152230136236 0
42.83940975503586 59.47342157065313 0
43.23097131717825 59.16264842780112 0
43.62040859017878 58.84921739877358 0
44.00770272635121 58.53314201672484 0
44.39283028601132 58.21443032717217 0
44.77575687543888 57.89307755178591 0
45.15646738608461 57.56910241102817 0
45.534948466068 57.24252552751766 0
45.91118603588349 56.91336647436098 0
46.28516525926956 56.5816437996565 0
46.65687051315591 56.24737504996772 0
47.02628535666192 55.91057679276135 0
47.39339249906454 55.57126463784771 0
47.75817376645722 55.2294532580404 0
48.12060274015295 54.88514872923091 0
48.48064764616254 54.5383519002511 0
48.8382963625213 54.1890844165011 0
49.19353671947653 53.83736766673006 0
49.54635573829154 53.48322203820971 0
49.89673960313059 53.12666694338977 0
50.24467363192877 52.76772084559251 0
50.59014224621148 52.40640128375021 0
50.93312893971685 52.04272489630001 0
51.27361624404465 51.67670744597937 0
51.61157279955837 51.30835200510496 0
51.94697317566071 50.93766755930083 0
52.27980726001969 50.56467714735677 0
52.61006407769937 50.18940283251494 0
52.93773176833349 49.81186572857673 0
53.26279755643439 49.43208603163023 0
53.58524771874301 49.05008305336465 0
53.90506756294782 48.66587523883219 0
54.22224140750275 48.27948017974177 0
54.53675147423571 47.89091386189167 0
54.84856203058754 47.50017796917076 0
55.1576559846153 47.10728957059541 0
55.46402450195666 46.71227222817459 0
55.76765781106758 46.31514858451561 0
56.06854516909134 45.91594040694535 0
56.36667485721662 45.5146685903697 0
56.66203411946929 45.1113532330391 0
56.95460918200538 44.70601360152543 0
57.24438516835481 44.29866823473014 0
57.53134147545359 43.88933165728159 0
57.81544269910486 43.47800836402305 0
58.09667876932434 43.06472077212754 0
58.37504212335359 42.64949287139952 0
58.65052418050973 42.23234780837268 0
58.92311532553445 41.81330791017089 0
59.19280488433586 41.3923947167666 0
59.45958108862207 40.96962902820247 0
59.72343106164023 40.54503091618658 0
59.98434079417794 40.11861974692799 0
60.2422834617578 39.69040727559652 0
60.49723072629494 39.26040466516729 0
60.7491770232553 38.82863688000694 0
60.99811603934565 38.39512825786844 0
61.24404037730571 37.95990236054691 0
61.48694153465791 37.52298200842327 0
61.72680987735804 37.08438932128943 0
61.96363462043172 36.64414574356613 0
62.19740380146916 36.20227207898624 0
62.42810346620654 35.75878812970977 0
62.65569893944371 35.31370314467716 0
62.8801751299728 34.86703683947539 0
63.10152808243377 34.41881454772301 0
63.31975270875914 33.96906087292953 0
63.5348427698833 33.51779972545722 0
63.74679085620733 33.06505435863493 0
63.95558836667661 32.61084740425535 0
64.16122548724528 32.15520090565294 0
64.36369116913113 31.69813634711033 0
64.56296715493386 31.23967215520371 0
64.75901954694628 30.77982022376165 0
64.95184342215384 30.31860520177484 0
65.14143607871533 29.85605253302587 0
65.32779362031839 29.3921870151477 0
65.51091093668003 28.92703284542105 0
65.69078168816812 28.46061365246541 0
65.86739828966549 27.99295252476303 0
66.04075188396121 27.52407206209821 0
66.21083231711455 27.05399441864533 0
66.37761158081004 26.58273546463789 0
66.54106837196365 26.11031381780016 0
66.70120242893077 25.63675556073656 0
66.85801225766124 25.16208617976099 0
67.01149510982643 24.6863306159073 0
67.16164697484018 24.20951328378178 0
67.30846255105666 23.73165815055824 0
67.45193524778539 23.25278871140489 0
67.59205714093194 22.77292810993869 0
67.72881573797736 22.29209818588154 0
67.86217711507341 21.81031496821731 0
67.99213621940974 21.32760287878526 0
68.11869400484866 20.84398788431821 0
68.2418501320134 20.35949546356841 0
68.36160295946948 19.87415063921399 0
68.47794953151518 19.38797801559323 0
68.59088555867115 18.90100184071557 0
68.70040540762572 18.41324602227035 0
68.80650208450159 17.92473416195887 0
68.90915338132091 17.43548675876884 0
69.0083357589495 16.94552433357597 0
69.10405230582691 16.45487306302204 0
69.19630512141296 15.96355875695039 0
69.28509496769676 15.47160683482335 0
69.37042126083014 14.9790423621574 0
69.45228205767214 14.48589010680874 0
69.53067404547207 13.99217456844332 0
69.6055925271955 13.49792002250458 0
69.6770288760121 13.00315021424107 0
69.74495125996624 12.50788577703501 0
69.80935640673573 12.01215167991611 0
69.87024886730819 11.51597385876358 0
69.92763182249192 11.01937792512667 0
69.98150707714701 10.52238920955455 0
70.03187505285358 10.02503280439815 0
70.07873477950196 9.52733360024096 0
70.12208388309602 9.029316344275824 0
70.1619185745983 8.5310056712086 0
70.19821938988045 8.032425142377747 0
70.23096550736923 7.533598518278144 0
70.26016357351868 7.034551639712335 0
70.28581918670055 6.535310106874697 0
70.30793654251607 6.035899311357748 0
70.32651843020936 5.536344478077911 0
70.34156622772679 5.036670692764638 0
70.35307989326628 4.536902987445901 0
70.36105795783656 4.037066348134174 0
70.36549407864753 3.537185734431196 0
70.36635915080971 3.0372861919432 0
70.36365482550571 2.537393211055611 0
70.35738910100309 2.037532180417167 0
70.34756854891744 1.537728348551029 0
70.33419831423842 1.038006874208911 0
70.31728211346631 0.5383928641896765 0
70.29682223132716 0.03891142384681023 0
70.27281951522232 -0.4604123075017178 0
70.24527336963122 -0.9595530848027545 0
70.21416362946415 -1.458484416365196 0
70.17947755163226 -1.957179887826389 0
70.14122549517998 -2.455614518148658 0
70.09941637653067 -2.953763396226701 0
70.05405766907636 -3.451601618588173 0
70.00515540431675 -3.949104255574379 0
69.95271417056583 -4.446246319620279 0
69.89673711552076 -4.943002680197832 0
69.83722593964542 -5.439348052418278 0
69.77417419488791 -5.935256067431264 0
69.70755776873524 -6.430697829911002 0
69.63738546383831 -6.925648474495896 0
69.56366849536229 -7.420083613406112 0
69.4864166215168 -7.913978794057602 0
69.40563814895845 -8.40730945589489 0
69.32133993675264 -8.90005088492696 0
69.23352739860819 -9.392178167927536 0
69.14220450339782 -9.883666146016262 0
69.04737287159809 -10.37448917776168 0
68.94900991224252 -10.86461672057903 0
68.84711610899713 -11.35402241960844 0
68.74170491395408 -11.84268259759143 0
68.63278831255397 -12.33057343214986 0
68.52037683307114 -12.81767091027281 0
68.40447955356686 -13.30395078592478 0
68.28510410868959 -13.78938853037991 0
68.16225669510777 -14.27395928125802 0
68.03594207260311 -14.75763780146993 0
67.9061495645264 -15.24039464228408 0
67.77286676216342 -15.72219955176229 0
67.63610889112229 -16.20302963276426 0
67.49589009234955 -16.68286186692353 0
67.35222304697787 -17.16167296560146 0
67.20511898915726 -17.63943931949771 0
67.05458771878754 -18.11613694344619 0
66.90063760074096 -18.59174145794553 0
66.74327558204713 -19.06622800732951 0
66.58250140953902 -19.53956924737374 0
66.41829641367066 -20.01173128262277 0
66.25067383801067 -20.48269088338924 0
66.07964989129795 -20.95242600862199 0
65.90523932804568 -21.42091425396045 0
65.72745546202678 -21.88813281137726 0
65.54631018109926 -22.35405841991247 0
65.36181396117576 -22.81866731407338 0
65.17397586471212 -23.28193520572916 0
64.9828022534532 -23.74383662013886 0
64.78827619508067 -24.20433621056235 0
64.59040525475956 -24.66340848837939 0
64.38920761038665 -25.12103254629075 0
64.18469999515091 -25.57718702401195 0
63.97689771318709 -26.03185007127412 0
63.76581465767545 -26.48499930054918 0
63.55146333091056 -26.9366117316353 0
63.33385485192032 -27.38666375849881 0
63.11299897384775 -27.8351310906632 0
62.88888677299489 -28.28198002628686 0
62.66151756722959 -28.72718054425091 0
62.43091139358305 -29.1707130164407 0
62.19708685625396 -29.61255727728225 0
61.96006115011014 -30.05269257839623 0
61.71985008226382 -30.49109754316375 0
61.47646809016076 -30.92775012382276 0
61.22992825933962 -31.3626275550934 0
60.98024233511584 -31.79570631440066 0
60.72741053055697 -32.22695603292141 0
60.47142573495632 -32.65634167965212 0
60.21230865913051 -33.08384442307769 0
59.9500796634929 -33.50944542419541 0
59.68475772323535 -33.93312517114165 0
59.41636045115914 -34.35486343871361 0
59.14490411965178 -34.77463924551652 0
58.87040369007542 -35.19243079632528 0
58.59287282452685 -35.60821544828752 0
58.31231843457306 -36.02196594623553 0
58.02873153580188 -36.43364386869749 0
57.74213180441021 -36.84323004944864 0
57.45254122775606 -37.25070710407553 0
57.15998044191863 -37.65605687958391 0
56.86446875318867 -38.05926042192023 0
56.56602416281417 -38.46029793516462 0
56.26466340673556 -38.8591487176498 0
55.96040194656879 -39.25579115968571 0
55.65325150051085 -39.6502006406139 0
55.34320443523789 -40.04233716009804 0
55.03027846932426 -40.43218017801426 0
54.71449708748207 -40.81971386786995 0
54.3958824513458 -41.20492155529485 0
54.07445544290944 -41.58778566330943 0
53.75023567662552 -41.96828769243321 0
53.42324154147311 -42.3464081615538 0
53.09349022725294 -42.72212656502988 0
52.76099679202181 -43.09542048642829 0
52.42575698424534 -43.46624995563074 0
52.08778634035749 -43.83459228931483 0
51.74710969663639 -44.20043332091848 0
51.40375061411569 -44.56375794070502 0
51.05773141243863 -44.92455005835961 0
50.7090732022214 -45.28279256426001 0
50.3577959134999 -45.63846729180306 0
50.00391833659459 -45.99155496428704 0
49.6474579110028 -46.34203491971576 0
49.28841469962434 -46.68986848464376 0
48.92680241468883 -47.03503044346657 0
48.56264709656529 -47.37750837184088 0
48.1959735605628 -47.71728881345894 0
47.82680543258754 -48.05435724580829 0
47.45516518856809 -48.38869803976011 0
47.08107418694078 -48.72029442283682 0
46.70455270254327 -49.04912843833893 0
46.32561995265877 -49.37518087925027 0
45.94428040938877 -49.69841510112126 0
45.56054673433195 -50.01880343046919 0
45.17444601909564 -50.33633525371464 0
44.7860041903725 -50.65099883573887 0
44.39524604789195 -50.9627812883844 0
44.00219529217459 -51.27166854417352 0
43.60687459098128 -51.57764529691519 0
43.2093055893006 -51.88069498441625 0
42.80950893794754 -52.18079975276161 0
42.407493066059 -52.47792502761201 0
42.00327058922148 -52.77204132550932 0
41.59686949459429 -53.06313986874011 0
41.18831666651732 -53.35121070330489 0
40.77763794035133 -53.63624263200794 0
40.36485811502976 -53.91822320218719 0
39.95000103675907 -54.19713864157455 0
39.53308958422903 -54.472973859022 0
39.11414576153245 -54.74571236958602 0
38.69318105692329 -55.0153211620279 0
38.27020921415161 -55.2817700690831 0
37.8452589198689 -55.54505214869837 0
37.41835787860422 -55.80515926091945 0
36.98953280761172 -56.0620819517859 0
36.55880947779908 -56.3158094251349 0
36.12621277364955 -56.56632950084646 0
35.69176671865241 -56.81362859104342 0
35.25549452147447 -57.05769166123465 0
34.81741006233238 -57.29848656128822 0
34.37752904149824 -57.53598367687226 0
33.93588072952257 -57.77017796765187 0
33.49249349606325 -58.00106313880364 0
33.04739480632794 -58.22863150457025 0
32.60061127043203 -58.45287395954603 0
32.15216868760112 -58.67377995021435 0
31.70209208786465 -58.89133744514023 0
31.2504057837935 -59.10553289775605 0
30.7971255421242 -59.31633420971464 0
30.34226959027335 -59.52371368971082 0
29.88586766762137 -59.72766828217552 0
29.42794866649379 -59.92819354777927 0
28.96854066215131 -60.12528358497681 0
28.50767096304557 -60.31893100483478 0
28.04536616854894 -60.50912690050446 0
27.58165220725752 -60.69586082250417 0
27.11655437575094 -60.87912075085648 0
26.65008995621617 -61.05887367970013 0
26.18228010335405 -61.23509546960822 0
25.71315485929396 -61.40778504651184 0
25.24274349929779 -61.57693982433607 0
24.77107457191563 -61.74255568967823 0
24.29817596630686 -61.90462697437226 0
23.82407495033478 -62.06314643615699 0
23.34879822655242 -62.21810523055363 0
22.87237194317643 -62.36949274211231 0
22.39481484924175 -62.51727429351375 0
21.91615105499969 -62.6614309549546 0
21.43641074579033 -62.80196355623112 0
20.9556234389415 -62.93887135156584 0
20.47381802857978 -63.07215200566564 0
19.99102285959433 -63.20180156931988 0
19.50726576068146 -63.32781446414626 0
19.02257408801544 -63.45018346134439 0
18.53697463823381 -63.56889886378949 0
18.05048796310092 -63.68392439361995 0
17.56314071902038 -63.79524747251635 0
17.07496309949767 -63.90287080066474 0
16.58598473556578 -64.00679544508318 0
16.09623475136677 -64.1070208263188 0
15.6057418169652 -64.20354470336795 0
15.11453420997756 -64.29636315450381 0
14.62263986523238 -64.38547055814058 0
14.13008602938471 -64.47085723416099 0
13.63689555951249 -64.55248633596773 0
13.14309695766064 -64.63035223211131 0
12.64872029650019 -64.70445944842952 0
12.1537952008029 -64.7748108262133 0
11.65835090485863 -64.84140751215563 0
11.16241630944443 -64.90424894604506 0
10.66602003826582 -64.9633328461565 0
10.16919047635251 -65.01865519414625 0
9.671955350511357 -65.07020491385222 0
9.174340183670513 -65.1179468201687 0
8.676374481514173 -65.1618821112618 0
8.178088078196883 -65.20201708280096 0
7.679510484622306 -65.23835630191513 0
7.180670927808556 -65.27090260186519 0
6.681598446328287 -65.29965707047361 0
6.182321906395035 -65.32461904151558 0
5.682870089593789 -65.34578607895233 0
5.183271411388784 -65.36314378700411 0
4.683554101340577 -65.37666218571931 0
4.183747816859961 -65.38634836165774 0
3.683882051213449 -65.39221031508652 0
3.183986086055929 -65.39425428274079 0
2.68408907390703 -65.39248473434306 0
2.184220082040333 -65.38690436719841 0
1.684408134245977 -65.37751409757239 0
1.184682322129861 -65.36431305082971 0
0.6850724489990246 -65.34728108095665 0
0.1856086965240569 -65.32639830543374 0
-0.3136797343447604 -65.3016758714376 0
-0.8127637945237848 -65.2731234109454 0
-1.31161450142848 -65.24074876601554 0
-1.810202883343919 -65.20455798873179 0
-2.308499918507097 -65.16455533891555 0
-2.80647647431674 -65.12074327932118 0
-3.304103186541373 -65.07312198410143 0
-3.801347805656892 -65.0216641736572 0
-4.298179865056528 -64.9663647229897 0
-4.794570838693062 -64.90723663007475 0
-5.290492195236791 -64.8442910798437 0
-5.78591533708972 -64.77753745026824 0
-6.280811539145272 -64.70698331601274 0
-6.77515189070036 -64.63263444907203 0
-7.268907235945641 -64.55449481687555 0
-7.762047393670002 -64.47256252768159 0
-8.254537497734759 -64.38680934328879 0
-8.746348368890423 -64.29724269476881 0
-9.237452209478388 -64.20387705964728 0
-9.727821071964454 -64.1067250931134 0
-10.21742680836604 -64.00579763552834 0
-10.70624100424765 -63.90110372022475 0
-11.19423489844411 -63.79265058211475 0
-11.68137937532215 -63.6804436474641 0
-12.16764202637171 -63.56447499984313 0
-12.65298709432307 -63.44472413453381 0
-13.13738732245404 -63.32120681056573 0
-13.6208156973625 -63.19393888867799 0
-14.1032449101542 -63.0629344087258 0
-14.58464730838598 -62.92820559920336 0
-15.06499483045969 -62.78976288855989 0
-15.54425892691763 -62.64761491788463 0
-16.02241050051673 -62.50176846885007 0
-16.49941262319113 -62.3522055530119 0
-16.97523251398951 -62.19892303364256 0
-17.4498443525255 -62.0419398894051 0
-17.9232219449565 -61.88127326896885 0
-18.39533866523345 -61.71693850923152 0
-18.86616739410447 -61.5489491515166 0
-19.33568044682831 -61.37731695911853 0
-19.80384952126194 -61.20205192476764 0
-20.27064413045654 -61.02315842671156 0
-20.73602368505058 -60.84061540114183 0
-21.19996051793687 -60.6544361654983 0
-21.66242980708563 -60.46464086935327 0
-22.12340620808444 -60.27124785246141 0
-22.58286379411106 -60.0742736669313 0
-23.04077599931505 -59.87373309498609 0
-23.49711554372583 -59.66963917184339 0
-23.95185437861572 -59.46200319680482 0
-24.40495731599001 -59.25082130020686 0
-24.85638570560389 -59.03608311295855 0
-25.30611591596085 -58.81781074792887 0
-25.75412413127089 -58.59602542290979 0
-26.20038586440711 -58.37074657774328 0
-26.64487590564468 -58.1419918954404 0
-27.0875682324322 -57.90977734035351 0
-27.52843598773874 -57.6741171579277 0
-27.96745078921856 -57.43502285273997 0
-28.40456981691748 -57.19248002581577 0
-28.83976360139661 -56.946499448964 0
-29.27301009706893 -56.69710507166312 0
-29.70428648823104 -56.44431908257778 0
-30.1335691509185 -56.18816192920481 0
-30.56083355919578 -55.92865236710377 0
-30.98605426128761 -55.66580746450127 0
-31.40920479888729 -55.39964263716305 0
-31.83025193597847 -55.13016284017096 0
-32.24915290491761 -54.8573588073307 0
-32.66588603005401 -54.58125453331343 0
-33.0804304001006 -54.30187479096637 0
-33.49276418451804 -54.01924264619119 0
-33.90286458197935 -53.73337948872208 0
-34.31070776086065 -53.44430506477106 0
-34.71626879857786 -53.15203750701342 0
-35.11952131778428 -52.85659297204432 0
-35.52042153531966 -52.55796433151642 0
-35.9189390586901 -52.25616333646062 0
-36.31505507961766 -51.95121717537385 0
-36.70874978063092 -51.64315135424763 0
-37.1000022801033 -51.33198973672899 0
-37.48879057552507 -51.01775458211711 0
-37.87509148494674 -50.70046658116696 0
-38.25888059808399 -50.3801448799268 0
-38.64012576055093 -50.05679960753472 0
-39.01878233729375 -49.73042675133701 0
-39.394831540799 -49.40105303188153 0
-39.7682557593498 -49.0687062083707 0
-40.13903621830387 -48.73341244020198 0
-40.50715293650025 -48.3951963211419 0
-40.87258466932987 -48.05408092121353 0
-41.23530883235034 -47.71008784319413 0
-41.59530095964856 -47.36323668757237 0
-41.9525155377276 -47.01352569686751 0
-42.30692472801665 -46.66097192037804 0
-42.65851329582622 -46.30560517439468 0
-43.00726475503318 -45.94745371311681 0
-43.35316131896813 -45.58654427539823 0
-43.69618383851285 -45.22290214077965 0
-44.03631176903741 -44.85655115078559 0
-44.37352308842087 -44.48751377740322 0
-44.7077846979894 -44.11580261139447 0
-45.03905325497053 -43.7414215619741 0
-45.36731455566694 -43.36440093788073 0
-45.69255455910165 -42.98477088090613 0
-46.0147578268592 -42.60256007707349 0
-46.33390747810751 -42.21779580310703 0
-46.64998513823821 -41.83050397557404 0
-46.96297088494317 -41.4407091983235 0
-47.27284119176923 -41.04843325242437 0
-47.57954824645009 -40.65367915504513 0
-47.8830713871621 -40.25647174683083 0
-48.18339915324575 -39.85684284339168 0
-48.48051859808928 -39.45482286084123 0
-48.77441524674708 -39.05044086764291 0
-49.06507304308288 -38.64372464564251 0
-49.35247430133883 -38.23470074009585 0
-49.6365996539617 -37.82339450930629 0
-49.91741097780919 -37.40981864374587 0
-50.19487278940272 -36.99398820520813 0
-50.46897621306963 -36.57593637933785 0
-50.7397109161812 -36.15569508762936 0
-51.00706494591397 -35.73329498155848 0
-51.27102468556182 -35.30876550152255 0
-51.53157482173354 -34.88213491185045 0
-51.78869826637764 -34.45343040316503 0
-52.04236905785724 -34.02267394140024 0
-52.29254090215235 -33.5898760132834 0
-52.53920334338191 -33.155068418185 0
-52.78234876252199 -32.71828435479141 0
-53.02196783236749 -32.27955583372923 0
-53.25804948771839 -31.83891372329098 0
-53.49058087793802 -31.39638782024821 0
-53.71954731867471 -30.9520069164228 0
-53.94493086832696 -30.50579815699879 0
-54.16668521378217 -30.05777472454524 0
-54.38479205336034 -29.60796432054565 0
-54.59924656173111 -29.15640118609865 0
-54.8100421248275 -28.70311845286264 0
-55.01717030677956 -28.24814820655241 0
-55.2206208125918 -27.79152155187778 0
-55.42038144782718 -27.33326867623325 0
-55.61643807497749 -26.87341891264237 0
-55.80875472073289 -26.41199256423048 0
-55.99729964965807 -25.94901222831012 0
-56.18207079851074 -25.48451291493355 0
-56.36306432677523 -25.01852864695952 0
-56.54027449547923 -24.55109249689944 0
-56.71369363462526 -24.08223665580358 0
-56.88331211047171 -23.61199249286177 0
-57.04911828348809 -23.140390630361 0
-57.21108775617115 -22.66745738866362 0
-57.36917876561735 -22.19321356625947 0
-57.52338923652733 -21.71769373645211 0
-57.673718143754 -21.24093257775765 0
-57.82016249238405 -20.76296391529555 0
-57.96271728590872 -20.28382080709819 0
-58.10137550414294 -19.80353558674038 0
-58.23612805821095 -19.32213997098218 0
-58.36695920788397 -18.83966388206229 0
-58.49382424896955 -18.35612978843676 0
-58.61671747211866 -17.87157099701745 0
-58.73564068838012 -17.38602260710554 0
-58.85059367165017 -16.89951896729831 0
-58.96157413086567 -16.41209377375968 0
-59.06857768927674 -15.92378012526752 0
-59.17159785475162 -15.43461060000563 0
-59.27062484751963 -14.94461710656883 0
-59.36561712823692 -14.45382548795731 0
-59.45656252785724 -13.96226787326482 0
-59.54346569520594 -13.46997954252314 0
-59.6263291758192 -12.97699515157868 0
-59.70515339535661 -12.48334880921464 0
-59.77993664025892 -11.98907414970342 0
-59.85067503330574 -11.49420441534856 0
-59.91736249671776 -10.99877253880131 0
-59.97996538183433 -10.50280800968089 0
-60.03846321949373 -10.00634255620844 0
-60.0928634752856 -9.509411411486308 0
-60.14317145401633 -9.012049304607652 0
-60.18939028788888 -8.514290548408528 0
-60.23152092294855 -8.01616911119249 0
-60.26956210260391 -7.517718675123858 0
-60.30351034138766 -7.018972774677142 0
-60.33334123989308 -6.51996371888693 0
-60.35902701879544 -6.020724124117556 0
-60.38057733811756 -5.521288918337383 0
-60.39800022754714 -5.021692695292663 0
-60.4113014998782 -4.521969742827825 0
-60.42048474119073 -4.022154160007129 0
-60.42555129974989 -3.522279892270851 0
-60.42650026915367 -3.022380848782742 0
-60.42331475263395 -2.522491099441859 0
-60.41596315280829 -2.022645248181112 0
-60.40445621154652 -1.522877783296689 0
-60.38880463166681 -1.023222938090458 0
-60.36901686078013 -0.5237147955991782 0
-60.34509908825691 -0.02438736562335475 0
-60.31705523867059 0.474725332139355 0
-60.28488696152655 0.9735891850402674 0
-60.2485833649766 1.472169120987921 0
-60.20811167402979 1.970428042461659 0
-60.16348320253348 2.46833186657144 0
-60.11471125642821 2.965846913233477 0
-60.06180685677444 3.462939512548125 0
-60.00477874276666 3.959575921029944 0
-59.94363336950912 4.455722249978426 0
-59.87837490711298 4.951344351433136 0
-59.80899724525453 5.446406607725922 0
-59.73546825281426 5.940869332640559 0
-59.65779984653446 6.43469878375029 0
-59.57600784944853 6.927862023385464 0
-59.49010577730336 7.420325986495513 0
-59.40010485190853 7.912057370078092 0
-59.30601400122544 8.403022577792118 0
-59.20783986536256 8.89318760905136 0
-59.10558012491509 9.382516577701233 0
-58.99920444764439 9.870967295299625 0
-58.88872580366241 10.35850638728608 0
-58.77416243021099 10.84510184316434 0
-58.65553024942639 11.3307213562116 0
-58.53284287992626 11.81533225215023 0
-58.40611165131773 12.29890138944972 0
-58.27534561160792 12.78139507340984 0
-58.14054541479081 13.26277723698066 0
-58.00168322146649 13.74300340149926 0
-57.85877376932889 14.22204074305389 0
-57.71183759536776 14.69985833722564 0
-57.56089292037118 15.17642480943788 0
-57.40595566970624 15.65170825026166 0
-57.24703949039056 16.12567612963374 0
-57.08415576462056 16.59829520913853 0
-56.91730737721982 17.06952921158425 0
-56.7464694834575 17.53933159660622 0
-56.57165938188874 18.00767047304896 0
-56.39289978105881 18.47451615301647 0
-56.21021108686249 18.93983833060653 0
-56.02361142731429 19.40360600300093 0
-55.83311667037286 19.86578739723449 0
-55.63874045438084 20.32634985535014 0
-55.44048714310063 20.78525668997348 0
-55.23833544586486 21.24245965163782 0
-55.03230591549657 21.69792830871539 0
-54.82242329698739 22.15163433539679 0
-54.60871005450253 22.60354862730105 0
-54.39118640494292 23.0536412159461 0
-54.16987033850236 23.50188120054343 0
-53.94477766106962 23.94823662568841 0
-53.71591338101378 24.39266995636351 0
-53.48326060876462 24.83513185722708 0
-53.2468435781193 25.27559393630007 0
-53.00668892604976 25.71402934250354 0
-52.76282104433979 26.15041028019719 0
-52.5152621174393 26.58470792748662 0
-52.26403215708044 27.01689235186196 0
-52.00914903364965 27.44693242300583 0
-51.75061743777601 27.87478899036389 0
-51.48842618537621 28.3004127538487 0
-51.22260322465556 28.72377784088807 0
-50.95317693009704 29.1448589764405 0
-50.68017348532656 29.56362976460846 0
-50.40361691896027 29.98006262039891 0
-50.12352914771421 30.39412868204104 0
-49.83993002069987 30.80579771447099 0
-49.55282278700066 31.21502778421102 0
-49.26220383120316 31.62177150064965 0
-48.96810434717526 32.02600574913658 0
-48.67055429877281 32.42770689636787 0
-48.36958152323492 32.82685001943729 0
-48.06521176790172 33.22340884369817 0
-47.7574687505053 33.6173556420129 0
-47.44637418178847 34.00866117581946 0
-47.13192865354174 34.39727899448052 0
-46.81413849302992 34.78316659029902 0
-46.49303718318313 35.1663033414 0
-46.16865611740083 35.5466673193313 0
-45.84102464678261 35.92423513107895 0
-45.51017011635093 36.29898186397833 0
-45.17611791931514 36.67088100194448 0
-44.83889116564083 37.03990396011569 0
-44.4984876759569 37.40599857088923 0
-44.15492533520845 37.76913040339079 0
-43.80823885754857 38.12928079355164 0
-43.45846093267618 38.48642953259979 0
-43.10562228001773 38.84055480423172 0
-42.74975171750141 39.1916331004564 0
-42.39087621898283 39.53963914299315 0
-42.02901862083066 39.88454330540688 0
-41.66417751715015 40.22628994082472 0
-41.29638053667947 40.56485335373499 0
-40.92566343255302 40.90021679262524 0
-40.55206003300211 41.23236179849789 0
-40.17560229064005 41.56126815196197 0
-39.79632040217108 41.88691375279087 0
-39.41424279906377 42.20927460625265 0
-39.02939018222187 42.52831730348991 0
-38.64176636546724 42.84398732077731 0
-38.25140603852972 43.15626701968592 0
-37.85834584371235 43.46514155220264 0
-37.46262059874676 43.77059421490064 0
-37.06426339316294 44.07260636388307 0
-36.66330565071888 44.37115735097801 0
-36.25977719693246 44.66622444971417 0
-35.85369483274584 44.957766676688 0
-35.44507223542287 45.24573776590729 0
-35.03394803665299 45.53012601398462 0
-34.62035960630804 45.81091846501859 0
-34.20434264083751 46.08810013732074 0
-33.78593123818496 46.36165396208565 0
-33.36515798778933 46.63156070665634 0
-32.94205373352117 46.89779850967624 0
-32.51663077379604 47.16031528952733 0
-32.0889161043703 47.41908145727415 0
-31.65894932484325 47.67408800949902 0
-31.22676841903307 47.92532382786372 0
-30.79240981323285 48.17277563782692 0
-30.3559085456228 48.41642789874713 0
-29.91729825715895 48.65626279102909 0
-29.47660845614712 48.89225485899395 0
-29.03385315571437 49.1243485716724 0
-28.58906885163317 49.35252981339012 0
-28.14229547683238 49.57679150955503 0
-27.69357149027012 49.79712433417878 0
-27.24293399691066 50.01351664165812 0
-26.79041883357737 50.22595441106469 0
-26.33606063303642 50.4344211947235 0
-25.87988552010656 50.6388813607304 0
-25.42191567326087 50.83928933971455 0
-24.9621920644585 51.03564093815955 0
-24.50075484147184 51.22793093198042 0
-24.03764286948464 51.41615170171316 0
-23.57289382443895 51.60029318358873 0
-23.10654428487038 51.78034281586076 0
-22.6386295446164 51.9562846402137 0
-22.16917213051658 52.12806780480566 0
-21.69820605390355 52.29567056632484 0
-21.22577278286024 52.45909193528574 0
-20.75191259381358 52.61832844230811 0
-20.27666467116301 52.77337409756307 0
-19.8000672055486 52.92422034547977 0
-19.32215744815845 53.07085602742122 0
-18.84296914626095 53.21325780717882 0
-18.36252832987725 53.35137490878569 0
-17.88087561727396 53.48520457911103 0
-17.39805232141642 53.614747601678 0
-16.91409877287777 53.74000216065215 0
-16.42905443224624 53.86096380270415 0
-15.94295794309364 53.97762540814713 0
-15.4558472685008 54.08997713498983 0
-14.96775353822089 54.1979780552448 0
-14.478711428883 54.30160005953898 0
-13.98876295282668 54.40084824708578 0
-13.49794923292925 54.49572504536544 0
-13.0063105944116 54.58623018571081 0
-12.51388674073737 54.67236065854083 0
-12.02071671726234 54.75411070129059 0
-11.52683823533615 54.83146514938069 0
-11.03228400715077 54.90437467926333 0
-10.53709476246353 54.97283859850005 0
-10.04131205659952 55.03686362003157 0
-9.544976743400623 55.09645369609213 0
-9.048129195621472 55.15160998214728 0
-8.550809269978533 55.20233082639502 0
-8.053056516074726 55.24861172437348 0
-7.554908147483638 55.29041877973565 0
-7.056402434258437 55.32772461953311 0
-6.557580991845557 55.36054016640699 0
-6.058484894974987 55.38887360404083 0
-5.559154789227713 55.41273027391131 0
-5.059631005037884 55.43211265702134 0
-4.559953657648876 55.44702035057133 0
-4.060162671941862 55.45744320010603 0
-3.560297758416793 55.46333612811561 0
-3.06039996957827 55.46470413573331 0
-2.560510190295755 55.46155963043199 0
-2.060669015104603 55.4539121250986 0
-1.560916863038314 55.44176822998724 0
-1.061294092895148 55.42513163915159 0
-0.5618411560571663 55.40400311082941 0
-0.06260016366839574 55.37835025203509 0
0.4363867230112772 55.34815523191941 0
0.9350791542971894 55.31343463922636 0
1.433436931718675 55.27420211997877 0
1.931419887059605 55.23046837985286 0
2.428987780266453 55.18224117927854 0
2.926100168899884 55.12952532507866 0
3.422714962163828 55.07231205719703 0
3.918786293569246 55.01056363363005 0
4.414273966335712 54.94429445688877 0
4.909138543543714 54.87352223710455 0
5.403340443583177 54.79826171441821 0
5.896839841866488 54.7185246636536 0
6.389596586974187 54.63431988946529 0
6.881569825579553 54.54565215760652 0
7.372711254005543 54.45248718972602 0
7.862978176198034 54.35482463812109 0
8.352332212307923 54.2526861888927 0
8.840734713339419 54.14609052659782 0
9.328146654092837 54.03505334830344 0
9.814528444988994 53.91958739060222 0
10.29983994482549 53.79970240372126 0
10.78403500131845 53.67538541394494 0
11.2670645431726 53.54661402712458 0
11.74889125575983 53.41341252112541 0
12.22947771827947 53.27580341581541 0
12.70878601580878 53.13380621976501 0
13.18677746587985 52.98743749651231 0
13.66341264279566 52.8367108379681 0
14.13864897222725 52.68163012338179 0
14.61243208787544 52.52216491891303 0
15.08472345251618 52.3583343172595 0
15.55548722127607 52.19016452161073 0
16.02468683688814 52.01767873531865 0
16.49228486666172 51.84089720987648 0
16.95824292602138 51.65983725494064 0
17.42252122475398 51.47451255991572 0
17.8850647793625 51.28489971122335 0
18.34582996580559 51.09100534506327 0
18.80478278499595 50.89285918939019 0
19.26188834489632 50.6904879817309 0
19.71711073130613 50.48391551611219 0
20.17041288782909 50.27316267954667 0
20.62175650067681 50.05824747901453 0
21.07109147842575 49.8391638663853 0
21.51836537750025 49.61590252444905 0
21.96354602211538 49.38849589774374 0
22.40660046114149 49.15697407789096 0
22.84749454883747 48.92136423874604 0
23.28619282385536 48.68169068426379 0
23.72265838468084 48.43797489107125 0
24.15684679712799 48.19022508097013 0
24.58869868474494 47.93842456677923 0
25.01818162912674 47.68260439342833 0
25.44526487307244 47.42279780731313 0
25.86991632070405 47.15903515287884 0
26.29210232299114 46.89134398977041 0
26.71178764592404 46.61974909038801 0
27.12893271124032 46.34426852453935 0
27.54347500120478 46.06488667024242 0
27.95537923510621 45.78162980587167 0
28.36461707983311 45.494534114548 0
28.77115867295486 45.20363292979027 0
29.17497244608295 44.9089568466239 0
29.57602508398403 44.61053372778751 0
29.97428066792557 44.30838804219153 0
30.36967773784617 44.00251115180724 0
30.76217556959688 43.6929227493608 0
31.15174848115501 43.37966170495289 0
31.53836905751609 43.06276411321576 0
31.92200799884106 42.74226340417391 0
32.30263406860979 42.41819036331029 0
32.68021393151618 42.09057323292951 0
33.05469094820475 41.75941396629922 0
33.42601688992568 41.4247252210489 0
33.79416889140332 41.08654831481424 0
34.15912216985896 40.74492186488773 0
34.52084990459538 40.39988188531141 0
34.87932311394692 40.05146188032272 0
35.23451056156814 39.69969289991958 0
35.58636169059464 39.34458695421504 0
35.93482127936072 38.98615228672245 0
36.27986880465055 38.62443179730809 0
36.62148227007795 38.25946638041744 0
36.95963746009727 37.89129442677757 0
37.29430783351002 37.51995191441672 0
37.62546441102496 37.14547249571442 0
37.95306203019069 36.76787582052376 0
38.27704061954964 36.38716943719524 0
38.59738127145582 36.0033969009971 0
38.9140649109978 35.61660112251754 0
39.22707006235763 35.226822624881 0
39.53637274650726 34.83409964523245 0
39.84194641265495 34.43846818041401 0
40.1437504611013 34.03995374901375 0
40.44172192379566 33.63856557927819 0
40.73584316711965 33.2343476075518 0
41.02609814183543 32.82734449748289 0
41.31246821652826 32.41759866051954 0
41.59493212508999 32.00515030183431 0
41.87346575204539 31.590037689357 0
42.14803242193192 31.17229065243078 0
42.41856771783625 30.75192165824682 0
42.68505542085934 30.32897512970863 0
42.94748257642837 29.90349723019138 0
43.20583351040282 29.47553195796593 0
43.46008967528066 29.04512136783109 0
43.71022959484721 28.61230561970108 0
43.95621967416488 28.17711794598436 0
44.19799523777827 27.73957480076824 0
44.43554200537052 27.29972145396722 0
44.66885019622735 26.85760525131497 0
44.89790710371813 26.4132715973314 0
45.12269701052065 25.9667640859394 0
45.34320111381477 25.51812459399021 0
45.55938811750394 25.06738900262888 0
45.77119401638279 24.61457814993174 0
45.97860733389728 24.15973847031139 0
46.18162146105936 23.7029182678348 0
46.38022670110259 23.24416408700062 0
46.57441020093836 22.78352083051298 0
46.7641558676089 22.3210318910368 0
46.94943384672761 21.85673515401084 0
47.13018169441094 21.39065618271016 0
47.30639174424152 20.92284272995293 0
47.47806055323353 20.45334380517479 0
47.6451814420454 19.98220684442432 0
47.8077444273356 19.50947785003049 0
47.96573614641586 19.03520152845669 0
48.11912707110196 18.55941734378994 0
48.26785759707996 18.08215576870217 0
48.41192476668681 17.60346584661301 0
48.5513282729778 17.12339704714503 0
48.6860644424809 16.64199743426209 0
48.8161261410045 16.15931393443034 0
48.9415027466583 15.67539233726634 0
49.06216358025515 15.19027348202379 0
49.17805383476777 14.70399289463056 0
49.2891758516256 14.21660056998855 0
49.39553240391542 13.72814621031681 0
49.4971227655181 13.23867833677258 0
49.59394263726987 12.74824454592305 0
49.68598410787978 12.25689156421675 0
49.77321342998139 11.76466156975093 0
49.8555835747375 11.27159513819413 0
49.93310219010944 10.77774270945389 0
50.00577505957283 10.28315395852108 0
50.07360433453319 9.787877707626151 0
50.13658849998606 9.291962029564679 0
50.19472232314808 8.795454397776803 0
50.24796651075953 8.298398701855842 0
50.29628612050011 7.800840112413391 0
50.33969332702581 7.30282890561162 0
50.37819681731366 6.804414582946532 0
50.41180154996682 6.305646017091956 0
50.44050872132256 5.806571613036164 0
50.46431540319552 5.307239491573291 0
50.48317466368164 4.807696067792489 0
50.49706850361973 4.307989873349518 0
50.50601219686119 3.808170564872977 0
50.51001722054708 3.30828728210788 0
50.50909123892566 2.808388815049816 0
50.50323807826621 2.30852375443869 0
50.49245461869758 1.808740766403882 0
50.47669000503157 1.309090121811476 0
50.45594322506312 0.8096215328706141 0
50.43023228735797 0.3103838537920602 0
50.39957132833165 -0.1885742990572902 0
50.36397060857392 -0.6872043305420659 0
50.32343649079888 -1.18545759143914 0
50.2779619002043 -1.68328419917314 0
50.22749912692827 -2.180629934573944 0
50.17206181639295 -2.677445794378032 0
50.1116705536643 -3.173683826554245 0
50.04634199056335 -3.669296072666821 0
49.97608886637042 -4.164234249320239 0
49.90091997915128 -4.658449740722446 0
49.8208196109956 -5.151889870339695 0
49.73575283413278 -5.644498133150101 0
49.64574389341792 -6.13622739509348 0
49.55081577547849 -6.627030759305751 0
49.45098751189638 -7.116860936602334 0
49.34627418625857 -7.605670094384969 0
49.2366869148745 -8.093409693402215 0
49.12219601521 -8.580021514183661 0
49.00279109341919 -9.065450925419743 0
48.87850136265701 -9.549652664410424 0
48.74935203970223 -10.03258094219035 0
48.6153643751805 -10.51418926805805 0
48.47655567479306 -10.99443027111807 0
48.33293528695098 -11.47325425714293 0
48.18446589744565 -11.95059696311508 0
48.03116287577012 -12.42640933983907 0
47.8730574839743 -12.90064760277181 0
47.71017699642898 -13.37326710690097 0
47.54254474031187 -13.84422216816703 0
47.37018011127804 -14.31346592365949 0
47.19308305671978 -14.78094407187344 0
47.01122580697917 -15.2465910893023 0
46.82464056892801 -15.71036383495246 0
46.63336044789309 -16.17222004216369 0
46.43741461815981 -16.63211619089671 0
46.23682833870284 -17.090007412471 0
46.03162299280053 -17.54584728523475 0
45.82178131021778 -17.99957147362804 0
45.60730361389354 -18.45112270446478 0
45.38822865628624 -18.90046150447651 0
45.16459120453041 -19.34754708601047 0
44.93642217307348 -19.79233704055218 0
44.7037486102366 -20.23478730415979 0
44.46658803515038 -20.67484870068358 0
44.22491603151527 -21.11244875054429 0
43.97876210861988 -21.5475434774338 0
43.72816641630348 -21.98009520462009 0
43.4731652446089 -22.41006450827316 0
43.21379107991097 -22.83741007976556 0
42.95007267725085 -23.2620885374892 0
42.68201318022396 -23.68404023165458 0
42.40960640445614 -24.10319855238111 0
42.13289632920304 -24.51952858956706 0
41.85192434356839 -24.93299433120589 0
41.56672807702435 -25.3435576890721 0
41.27734148656425 -25.75117832299212 0
40.98379263680071 -26.15581176334676 0
40.68606808345475 -26.55738268883287 0
40.38419662360065 -26.95584568742336 0
40.07822443947077 -27.35116856473205 0
39.76819399701537 -27.74331686174806 0
39.45414415212781 -28.13225368462291 0
39.13611023855871 -28.51793953964831 0
38.81410775501694 -28.90031827313311 0
38.48813532082038 -29.27931838029467 0
38.15824103998575 -29.65490975841539 0
37.82447185909029 -30.02706198481571 0
37.48687121832707 -30.39574197371006 0
37.14547905794787 -30.76091392686264 0
36.8003304307731 -31.12253738557386 0
36.45142268815408 -31.48053524730704 0
36.09878964260989 -31.83486422739771 0
35.74248236422706 -32.18549828548667 0
35.38254848478086 -32.53240853558397 0
35.01903228226131 -32.87556313422908 0
34.65197477272599 -33.21492714098408 0
34.28139829460642 -33.55044481080816 0
33.90731240509426 -33.88204519704129 0
33.52977012378005 -34.20970493410486 0
33.14882286666392 -34.53339967694458 0
32.76451882688266 -34.85310190488828 0
32.37690309467248 -35.16878078232759 0
31.98601515077608 -35.4803986110344 0
31.59186186282075 -35.78787580907203 0
31.194486916343 -36.09117798731855 0
30.79394514455939 -36.39028559506739 0
30.39028825092875 -36.68517572811322 0
29.98356496550656 -36.97582198251282 0
29.57382118014288 -37.26219430852496 0
29.16108168583702 -37.544231742271 0
28.74537210036608 -37.82187283007448 0
28.32674996342098 -38.09510267819893 0
27.90527007138541 -38.3639032510467 0
27.48098435412376 -38.6282528477786 0
27.05394213527912 -38.88812589876685 0
26.62418448894017 -39.14348322423724 0
26.1917299062135 -39.39424613613565 0
25.75663268731986 -39.64039532868019 0
25.31895026249948 -39.88191786515449 0
24.87873741897739 -40.11879691512922 0
24.43604638147526 -40.35101167762336 0
23.99092665217401 -40.57853626687886 0
23.5434038500332 -40.80129692826997 0
23.09352335724208 -41.01925687483271 0
22.64134482277839 -41.23240842831616 0
22.18692538002137 -41.44073985166314 0
21.73031982531184 -41.64423523875129 0
21.27158077362632 -41.8428743990612 0
20.81074811046543 -42.03660666770439 0
20.34785765486644 -42.22536946335146 0
19.88297016720366 -42.409159037812 0
19.41614468173826 -42.58796888474392 0
18.94743809653479 -42.76178815407713 0
18.4769053742603 -42.93060153815913 0
18.00459597871662 -43.09437810247599 0
17.53054485223873 -43.25304272918318 0
17.0548107068185 -43.40658743398002 0
16.57745401837086 -43.5550110426019 0
16.09853335314903 -43.69830786407147 0
15.6181055637015 -43.83646759815657 0
15.13622530708937 -43.96947271657788 0
14.65293282624967 -44.09725099806396 0
14.16828338203947 -44.21978197356909 0
13.68233842587802 -44.33706986248078 0
13.19515774233927 -44.44911420206071 0
12.706799612711 -44.55590978025533 0
12.21732107263152 -44.65744653153465 0
11.72677022353956 -44.75366880775434 0
11.23519938471926 -44.84453687346838 0
10.74267054132083 -44.93006034982841 0
10.24924424627089 -45.01024403086662 0
9.75497981516685 -45.08508781960717 0
9.259935523943316 -45.15458665338889 0
8.764165676876379 -45.218704580464 0
8.267722913358186 -45.27738557906986 0
7.770668946893113 -45.33064201985302 0
7.273064631060607 -45.37848394430861 0
6.774969860295474 -45.42091637196706 0
6.276443810088547 -45.45793923911543 0
5.777544302349255 -45.489532178422 0
5.278327265454184 -45.51563197616198 0
4.778853768264655 -45.53624976846563 0
4.279184552906251 -45.55140078793701 0
3.779379694067843 -45.56109512822923 0
3.279498811422781 -45.56533770111432 0
2.779601465000858 -45.5641201602769 0
2.279748106662229 -45.55737928242439 0
1.779999563239597 -45.54512236917802 0
1.280416029093742 -45.52736975233309 0
0.781057376242495 -45.50413652366083 0
0.2819832662144158 -45.4754325035526 0
-0.2167460755485881 -45.44125851499658 0
-0.7150657876980717 -45.40155636399827 0
-1.212914397709139 -45.35632837223757 0
-1.710232655478768 -45.30559984083596 0
-2.206961337028825 -45.24939074416479 0
-2.70304099169766 -45.18771572397878 0
-3.198411530941577 -45.1205826581883 0
-3.693004291049334 -45.04794128644337 0
-4.186756295046067 -44.96978919271454 0
-4.679609596372757 -44.88615648539425 0
-5.171505962290089 -44.79706787579311 0
-5.662386609257075 -44.70254269091981 0
-6.15219182217261 -44.60259448086543 0
-6.640850110990081 -44.49718187377712 0
-7.128296304596308 -44.38629917635975 0
-7.614474138927247 -44.26998110372974 0
-8.099326707137582 -44.14825692758163 0
-8.582796188895609 -44.02115050923251 0
-9.064823588224879 -43.88868023730516 0
-9.545335148067636 -43.75081307056752 0
-10.02426338110227 -43.60754241830372 0
-10.50155404662433 -43.45890736962757 0
-10.9771518784121 -43.30494155099758 0
-11.4510003163307 -43.14567317831199 0
-11.92304128647749 -42.98112506314858 0
-12.3931989690137 -42.81127089087527 0
-12.86140407157872 -42.63610612960056 0
-13.3276046478941 -42.45567399394565 0
-13.79174734023794 -42.27001224176895 0
-14.25377719857747 -42.07915320884967 0
-14.71363722174414 -41.88312391904307 0
-15.17124917818248 -41.6819027480149 0
-15.62654316206284 -41.47549036496892 0
-16.07946978937549 -41.26393382990224 0
-16.52997790109516 -41.04727476376985 0
-16.9780142868636 -40.82554944120553 0
-17.42352332571083 -40.59878875516926 0
-17.86642347543964 -40.36697397700893 0
-18.30664608900305 -40.1301138660075 0
-18.74414456935139 -39.88825902878362 0
-19.17887013401082 -39.64145469679785 0
-19.61077154228796 -39.3897408380171 0
-20.03979447961165 -39.13315169901666 0
-20.46585327819857 -38.87167031647333 0
-20.88888275959783 -38.60531586676596 0
-21.30883929078042 -38.33414219515424 0
-21.72567666313972 -38.05819785049297 0
-22.13934574949299 -37.77752626432833 0
-22.54979315507969 -37.49216407697562 0
-22.95692854485225 -37.2020962213425 0
-23.3606926196757 -36.90735365744709 0
-23.76104486202578 -36.60799314021663 0
-24.15794170945517 -36.30406629265195 0
-24.55133634114864 -35.99561971617702 0
-24.94117513625748 -35.68269108494761 0
-25.3273637170996 -35.36526874252583 0
-25.70985074974715 -35.04339569519608 0
-26.08859889451298 -34.71713131043587 0
-26.46356737960689 -34.38652996236791 0
-26.83471173920558 -34.05164119951075 0
-27.20197607642011 -33.71250192078311 0
-27.56526436734952 -33.36910688060078 0
-27.92453459141832 -33.02151018381531 0
-28.27975265795319 -32.66977347527251 0
-28.63088060054294 -32.31395362988443 0
-28.97787634124927 -31.95410291908722 0
-29.32067857449939 -31.5902552391275 0
-29.65919437466487 -31.22241618522677 0
-29.9933912336863 -30.85064879603974 0
-30.32323830270062 -30.47501669769879 0
-30.64870042392123 -30.09557900724356 0
-30.96973795558419 -29.71239044951248 0
-31.28627951367978 -29.32547974380028 0
-31.59824323484878 -28.93486852354822 0
-31.90560466649396 -28.54062562808794 0
-32.20833614764111 -28.14281639338471 0
-32.50640531192522 -27.74150191244192 0
-32.79977468702459 -27.33673912348431 0
-33.08835730410322 -26.92854980973775 0
-33.37209328824912 -26.51697677713556 0
-33.65096295261363 -26.10209100880725 0
-33.92494173850036 -25.68395929588538 0
-34.19399999302659 -25.26264449056687 0
-34.45809804247495 -24.8382028901928 0
-34.7171387100155 -24.41065599519733 0
-34.97108637962024 -23.98006450266347 0
-35.2199247424039 -23.54650027787201 0
-35.4636322154609 -23.11003134897778 0
-35.70218176621523 -22.67072210565988 0
-35.93552355243248 -22.22862484293325 0
-36.1635649041719 -21.7837703225852 0
-36.38628972139522 -21.33623030599442 0
-36.60368493185201 -20.88607724713474 0
-36.81573176541747 -20.43338023534025 0
-37.02240560979532 -19.97820515793624 0
-37.22363645979119 -19.52059780074354 0
-37.41935630310942 -19.06060636310605 0
-37.60956049563317 -18.59830692978244 0
-37.79423894629347 -18.1337724493361 0
-37.97337553916186 -17.66707286493578 0
-38.14694450300124 -17.19827419741421 0
-38.3148541128684 -16.72741892060282 0
-38.47707590332126 -16.25457386522431 0
-38.63360874899931 -15.77981514779164 0
-38.78444531796911 -15.30321604920117 0
-38.92957192449308 -14.82484728185924 0
-39.06894801665623 -14.34477166658988 0
-39.20248769857588 -13.86303994272155 0
-39.3301905707178 -13.37972811902776 0
-39.4520583257617 -12.89491208487145 0
-39.56808614675995 -12.40866531644053 0
-39.67826248250091 -11.92105942418602 0
-39.78251614007507 -11.43215306074078 0
-39.88080164423553 -10.94201201017075 0
-39.97312992469862 -10.45071394195364 0
-40.05950520586955 -9.958334388533801 0
-40.13992488617478 -9.464947102626098 0
-40.21436837513937 -8.970622887942246 0
-40.28274999542609 -8.475423743428477 0
-40.34507018492438 -7.979425295966569 0
-40.40134235156253 -7.482704321612491 0
-40.45157292200135 -6.985336070227769 0
-40.49576123500711 -6.48739461802472 0
-40.53385626146476 -5.98895008691439 0
-40.56580543332846 -5.49007387914856 0
-40.59163072466548 -4.99084318539618 0
-40.61134766539202 -4.491333911138891 0
-40.62496456739363 -3.991621153030305 0
-40.63247424407819 -3.491779364558325 0
-40.633798534606 -2.991882962688026 0
-40.62894338371112 -2.492008344477505 0
-40.61793343473568 -1.992231401697584 0
-40.60078598539478 -1.492627364498745 0
-40.5775109288091 -0.9932712612635936 0
-40.54806774612713 -0.4942410032883587 0
-40.51241185262256 0.004383916940648075 0
-40.4705760790444 0.5025284199000658 0
-40.42258666000008 1.000117818969925 0
-40.36846233058287 1.49707733548181 0
-40.3082039990792 1.993330356319822 0
-40.24174310730287 2.488790801998054 0
-40.16909964231005 2.983382605607352 0
-40.09030866719474 3.47703242360222 0
-40.00539765589676 3.969666459724659 0
-39.91438648500471 4.461210058193401 0
-39.81723482523036 4.951576868239759 0
-39.71392128486985 5.440682572820785 0
-39.60448956914696 5.928455905331692 0
-39.48897573577084 6.414824769005802 0
-39.36740817142996 6.899715955113821 0
-39.23978877571554 7.383049516813668 0
-39.10606433859957 7.864729717488261 0
-38.9662751227898 8.344684967531681 0
-38.82046553420483 8.822845660158915 0
-38.66867227908827 9.299140636021646 0
-38.5109222033986 9.773495971231668 0
-38.34716934648672 10.24581259511904 0
-38.17742993216847 10.71601101741881 0
-38.00175645057142 11.18402477024025 0
-37.8201936615953 11.64978543571503 0
-37.63277865541355 12.11322227066318 0
-37.4395029352135 12.57424550155094 0
-37.24034596687277 13.0327588355457 0
-37.03536641709373 13.48869895217689 0
-36.82461677270996 13.94200084805742 0
-36.60814189791894 14.39259672421108 0
-36.38596443834371 14.84040821166699 0
-36.15804875694027 15.28532659991615 0
-35.92444768994943 15.72728643783601 0
-35.68522108057572 16.16622675568925 0
-35.44042118077363 16.60208337676521 0
-35.19009011944932 17.03478688651094 0
-34.93420121218099 17.46422692506874 0
-34.67279021336774 17.89032809436626 0
-34.40592390282998 18.31303403735903 0
-34.13366153423139 18.73228473986307 0
-33.85605501182935 19.14801609665706 0
-33.57310486411291 19.56012899305783 0
-33.28482243642309 19.96852965624432 0
-32.99128082050254 20.37316680920846 0
-32.6925458439939 20.77398510535817 0
-32.38867604000008 21.17092475180802 0
-32.07969851444665 21.56390143702419 0
-31.76560942701624 21.95280484668456 0
-31.44648327108636 22.33758574763386 0
-31.12239189947618 22.71819402379069 0
-30.79340011411071 23.09457453281709 0
-30.45955408991406 23.46665600733383 0
-30.12084827675545 23.83431908833974 0
-29.77735338876782 24.19751196929352 0
-29.42914682516912 24.55619013550833 0
-29.07629911061224 24.91030358614149 0
-28.71886966931508 25.25979174610803 0
-28.35686054531964 25.60453385970039 0
-27.9903359977277 25.94447137082129 0
-27.61937839378033 26.27956576377305 0
-27.24406348837458 26.60977251948622 0
-26.86445955923993 26.9350395597595 0
-26.4805818208899 27.25525130595038 0
-26.09248750972761 27.57033942375099 0
-25.70026341766557 27.88027167627519 0
-25.30398992410073 28.18500938945075 0
-24.90374134059035 28.48450700455379 0
-24.49954812695438 28.77865913843926 0
-24.09146180414972 29.06738604570464 0
-23.67957296897221 29.35066203734494 0
-23.26396611744892 29.62845449035504 0
-22.84471997829045 29.90072350485691 0
-22.4218792430648 30.16737547399944 0
-21.99549288620447 30.4283204925576 0
-21.56565449050105 30.68353923077423 0
-21.13245205446812 30.9330053319787 0
-20.69596829339594 31.17668463271782 0
-20.25625877659944 31.41449351409187 0
-19.81337432103056 31.64633600171589 0
-19.36741049267154 31.8721985244184 0
-18.91845827992975 32.0920610806812 0
-18.46660376406309 32.30589543274071 0
-18.01191093260899 32.51362583629288 0
-17.55443532543452 32.715154018983 0
-17.09427405279323 32.91047215931012 0
-16.63152051145812 33.09956668142431 0
-16.16626361998315 33.28241534362175 0
-15.6985739428258 33.45894807345776 0
-15.22851353139549 33.62906775129168 0
-14.75618084227639 33.7927728004732 0
-14.28167107151684 33.95005608673386 0
-13.80507556996346 34.10090133807324 0
-13.32647006376224 34.24524177688453 0
-12.84592424417242 34.38298487968379 0
-12.36353762935053 34.51413607343778 0
-11.87940677365793 34.6386945674864 0
-11.39362491500406 34.75665004034988 0
-10.90627213902961 34.86793620842624 0
-10.41742627713337 34.97246912627529 0
-9.927187536425931 35.0702618426266 0
-9.435653308468741 35.16131979379909 0
-8.942918257017423 35.24563850860761 0
-8.449066616480579 35.32314883510929 0
-7.95418428352304 35.39378045491097 0
-7.458371503404014 35.45755415934982 0
-6.961726051090748 35.51448142865016 0
-6.464343715408173 35.56456347544959 0
-5.966313178277845 35.60772422263035 0
-5.467727538475079 35.64391363968949 0
-4.96868643263782 35.67315944040799 0
-4.469287588419315 35.69547891850944 0
-3.96962747089438 35.71087776507228 0
-3.469800728523635 35.71927111555667 0
-2.969905321869606 35.72063490610486 0
-2.470039768019901 35.71500269036996 0
-1.970301395938343 35.70239729370497 0
-1.470787422889288 35.68282534768575 0
-0.9715999528083576 35.65619736497326 0
-0.4728386743598365 35.62251639123036 0
0.0253994030722958 35.58182145125068 0
0.5230175336164976 35.53414059137015 0
1.01991691925583 35.47947613291117 0
1.515987575239204 35.41774243170138 0
2.011131266263408 35.34896807913046 0
2.505252676155614 35.27319717858308 0
2.998255969567897 35.1904626449637 0
3.490038157089644 35.10075560145081 0
3.98048371403851 35.00400715521128 0
4.469498145206987 34.90026694510546 0
4.956988028960098 34.78958373013439 0
5.44285843363084 34.67199495660176 0
5.92699796979314 34.54747220563508 0
6.409291428501237 34.41598045819816 0
6.889648829508657 34.27758294964735 0
7.367978719877261 34.13233266508007 0
7.844186613892997 33.98026973107912 0
8.318147343631582 33.82134146360559 0
8.789755669339934 33.65556266112751 0
9.258924853664796 33.48300158196051 0
9.725565397061692 33.30371501046705 0
10.18957876553029 33.11773494817705 0
10.65082993666047 32.92500640815237 0
11.10922727646955 32.72558510140476 0
11.5646869397475 32.51954261733757 0
12.01712123314753 32.30693914281517 0
12.46641902647793 32.08778545926526 0
12.9124484169903 31.86205405147159 0
13.35512992527785 31.62982565840679 0
13.7943823705836 31.3911747592193 0
14.2301193159412 31.14616402083455 0
14.66220569870983 30.89477159548791 0
15.09053365146215 30.63702748344457 0
15.51502969889699 30.3730199054763 0
15.93561507180617 30.10282579556171 0
16.35219530209401 29.82649679252193 0
16.76462224080565 29.54400646189695 0
17.17281629527474 29.25543337317265 0
17.57670713149477 28.9608675499836 0
17.97621799591972 28.66038802088582 0
18.37122925990267 28.35401772865846 0
18.76161085501582 28.04176951827392 0
19.14730084472105 27.72374437674252 0
19.52823157876305 27.40003373113062 0
19.90432307415747 27.07071331820648 0
20.27542291111357 26.73577817626584 0
20.64144827463027 26.39530479180978 0
21.00234159747678 26.0493962295141 0
21.35803723504931 25.69814511665261 0
21.70842872964834 25.34160286400829 0
22.05337436119133 24.97978922250074 0
22.39282318388517 24.61281353690589 0
22.72672014905615 24.24077929334387 0
23.05499766147657 23.86377726164071 0
23.3775032708213 23.48182615896654 0
23.69415690278658 23.09500960324905 0
24.00491502333086 22.70344096396913 0
24.30972434969567 22.30722397750539 0
24.60848498321866 21.90642663203269 0
24.90105535090688 21.50108842369756 0
25.18739875443992 21.09132753171139 0
25.46747370796926 20.6772567996176 0
25.74122225139575 20.25897669462674 0
26.00848999702929 19.8365262920652 0
26.26921339024784 19.41000576480335 0
26.52336347149369 18.9795359963175 0
26.77089984738971 18.54522936627247 0
27.01171810579954 18.10716219086147 0
27.24569294044839 17.66540192906927 0
27.47280628031445 17.22007514775087 0
27.69303036053731 16.77130149415857 0
27.90630968379071 16.319186176321 0
28.11249026588931 15.86378983769505 0
28.3115398375272 15.40523166456439 0
28.50344379882884 14.94363743205211 0
28.68817423626803 14.47912583885647 0
28.86560375497302 14.011777005559 0
29.0356534864103 13.54169262435502 0
29.19832244846941 13.06900339976193 0
29.35359604759929 12.5938335334466 0
29.50140373525841 12.1162887594442 0
29.64161454134285 11.63645850434904 0
29.77423263739257 11.15447444309494 0
29.89925686971047 10.6704649586666 0
30.01665845192328 10.18455033790195 0
30.12629415780315 9.696824941702422 0
30.22815052245841 9.207415699081494 0
30.32224004028316 8.716454065525456 0
30.40855949051679 8.224066922770179 0
30.48699265645694 7.730362355126404 0
30.55748723096492 7.235461811098997 0
30.62006949613068 6.739498573495058 0
30.67475017450499 6.242602083350294 0
30.72146410018863 5.74489364907082 0
30.76011334378809 5.246494029825573 0
30.7907342995162 4.747536763642777 0
30.81335102676085 4.248152646368071 0
30.82794005204793 3.748469712366691 0
30.83438246216123 3.248615388650315 0
30.83271201228656 2.748722290082988 0
30.82296602166777 2.248921365874169 0
30.80515231550158 1.749342999771075 0
30.779153768317 1.250123776221221 0
30.74499105023489 0.7513966551415775 0
30.7027145573909 0.2532916813957141 0
30.65235454791972 -0.2440610264741196 0
30.59381341849782 -0.7405170592953463 0
30.52709182867879 -1.235940086010698 0
30.4522529620659 -1.730202095894489 0
30.36934259331685 -2.223174361211885 0
30.27829461817768 -2.714708527781029 0
30.17908655753121 -3.204660973645797 0
30.07179397749724 -3.692906833741942 0
29.95647480129752 -4.179319420667237 0
29.83309623106146 -4.663750227845496 0
29.70161751026716 -5.146045682815237 0
29.56212468804797 -5.626084606676649 0
29.41468734910005 -6.103743358545247 0
29.25929974932457 -6.578875017319106 0
29.09591365499718 -7.051315965813798 0
28.92462272741753 -7.520948749737286 0
28.74550770310989 -7.987653552590603 0
28.5585844752714 -8.451285999881959 0
28.36380537803092 -8.911673319092332 0
28.16127058958187 -9.368701880747526 0
27.9510713840503 -9.822256486262738 0
27.73324073924022 -10.27219544455313 0
27.50773725022691 -10.71833831818185 0
27.27466786548203 -11.16057584082196 0
27.03413373481522 -11.59879808065664 0
26.78618096999288 -12.03286559064664 0
26.53077853107893 -12.46259200538019 0
26.2680412019074 -12.8878735234457 0
25.99807926856414 -13.30860606724028 0
25.72094844957582 -13.72465124271026 0
25.43663132609064 -14.13581895790278 0
25.1452518211738 -14.54201245095252 0
24.84692857438983 -14.94313396357992 0
24.54172353082107 -15.33904414202596 0
24.22963614802539 -15.72955212009433 0
23.91080035833454 -16.11457009587633 0
23.58534241616921 -16.49400687618112 0
23.25332715050995 -16.86771896533017 0
22.91477462287227 -17.23551933917709 0
22.56982890757727 -17.59733070826202 0
22.21862305461973 -17.95306866389348 0
21.86122140240941 -18.30258089874185 0
21.49766930614276 -18.6456912659559 0
21.12811990507222 -18.98233374838894 0
20.7527122534364 -19.31243077693859 0
20.37150693780561 -19.63581466739944 0
19.98458019014458 -19.95233077151281 0
19.59209180041156 -20.26192355716451 0
19.19418538878875 -20.56452119512573 0
18.79091703846991 -20.85993481105692 0
18.38239775035863 -21.14804358713174 0
17.96879116193884 -21.42880026325077 0
17.55024132971825 -21.70213289281355 0
17.12680804965545 -21.96783712834558 0
16.69863246995428 -22.22582988756517 0
16.26588112430338 -22.47607161477053 0
15.82869419173459 -22.718480488336 0
15.38714596277103 -22.95285105264832 0
14.94140026967684 -23.17913688589665 0
14.49162592193771 -23.39730558562858 0
14.037955529426 -23.60725186359389 0
13.58048900035315 -23.8087926895553 0
13.11940401690008 -24.00191190090859 0
12.65487110322233 -24.18658359591449 0
12.18701356713926 -24.36266150672428 0
11.71596587328108 -24.53001833420451 0
11.24191056273872 -24.68865586183334 0
10.76501751213888 -24.83854682936532 0
10.28540825670098 -24.97950425338636 0
9.803249513169408 -25.11147814230166 0
9.318723401022535 -25.23447678455627 0
8.831994950135581 -25.34844788138147 0
8.343201470952282 -25.45320904404232 0
7.85252617043406 -25.54876959535144 0
7.36015054978313 -25.63514300289884 0
6.866235222432664 -25.71222349354557 0
6.370942544350919 -25.77989218170363 0
5.874459625302679 -25.83819043771678 0
5.376966814519912 -25.88712733093231 0
4.878629067565748 -25.92653779943705 0
4.379628599342585 -25.95640983376572 0
3.880150376433108 -25.97679067566506 0
3.380374704958525 -25.98764722892474 0
2.880482521418454 -25.98883391378787 0
2.380659796646045 -25.98040925593199 0
1.881089756863637 -25.96242265983705 0
1.381962395468715 -25.93475889805027 0
0.8834679915094663 -25.89738417776428 0
0.3857893245085406 -25.85037831501942 0
-0.1108871595298702 -25.79375773434084 0
-0.6063548673590132 -25.72738687790386 0
-1.100429831511932 -25.65133832771739 0
-1.592931977304689 -25.56569280750669 0
-2.083654477721182 -25.47038001264068 0
-2.572393588605924 -25.3653687813293 0
-3.058973754156068 -25.25076905862248 0
-3.54320765818121 -25.12662927616554 0
-4.024864690414238 -24.99283998708799 0
-4.503766015078928 -24.84949880947559 0
-4.97973889302853 -24.69671444508765 0
-5.452559346590465 -24.53443790675514 0
-5.922017656659499 -24.36267674790102 0
-6.387949591438965 -24.1815676401986 0
-6.850165078971663 -23.99117415613549 0
-7.308414949002736 -23.7914246839142 0
-7.762534519362219 -23.58245499442089 0
-8.212359797935648 -23.36439502073286 0
-8.657640795799173 -23.13720037456833 0
-9.098183205285022 -22.9009481268156 0
-9.533836659399343 -22.65579738828116 0
-9.964394963380126 -22.40180533880098 0
-10.38960865065008 -22.13896348408876 0
-10.80933700379514 -21.86744780410288 0
-11.22341544910198 -21.58739150778851 0
-11.63156890891488 -21.29876879226831 0
-12.03364277659789 -21.00173502004189 0
-12.42950094340243 -20.69646658296483 0
-12.81888953821687 -20.38298833933644 0
-13.20160913286234 -20.06140169403636 0
-13.57754095026195 -19.73190565374403 0
-13.946487274088 -19.39460676742576 0
-14.30818980150274 -19.0495512007338 0
-14.6625416516453 -18.69695093954956 0
-15.00939439098066 -18.33697160326841 0
-15.34846168064889 -17.96964991325331 0
-15.67962824537373 -17.59518937915763 0
-16.00278405405057 -17.21379418814244 0
-16.31765046082434 -16.82552783243917 0
-16.62408241827945 -16.43057056416355 0
-16.92199634243759 -16.02914914532201 0
-17.21115693779214 -15.62137770999859 0
-17.49136939180784 -15.2074060137172 0
-17.76257146873553 -14.7874761072706 0
-18.02458408120739 -14.36175248440352 0
-18.27716526262468 -13.93036620619306 0
-18.52026878326483 -13.49356858010671 0
-18.75376478587725 -13.05156093821291 0
-18.97738503679728 -12.60447578192328 0
-19.19108936988018 -12.15256677537512 0
-19.39479020874466 -11.69606153162976 0
-19.58821126807 -11.23510683752693 0
-19.77131123923077 -10.76995579141852 0
-19.94403864540092 -10.30085429477324 0
-20.10612320438639 -9.827970271034626 0
-20.25751875629983 -9.351556290708954 0
-20.39820486721865 -8.87187069692715 0
-20.52792643154602 -8.389104914547175 0
-20.64663250459168 -7.903512957363724 0
-20.75432985261454 -7.415361370070062 0
-20.85078282509472 -6.924864599974096 0
-20.93593944214002 -6.432280786905338 0
-21.00983082607506 -5.937881578199254 0
-21.07224082732924 -5.441902734505264 0
-21.12312332774736 -4.944608829595771 0
-21.16253151404865 -4.446274305307533 0
-21.19026585767053 -3.947154460685741 0
-21.20629522590771 -3.447521499836925 0
-21.21069251337643 -2.947650781660955 0
-21.20327076288911 -2.447816307069884 0
-21.18402400122504 -1.948297168666026 0
-21.15304163706414 -1.44936839234752 0
-21.11014618547417 -0.9513228827067498 0
-21.05536661999927 -0.4544438274262901 0
-20.98880409942423 0.04099433181732084 0
-20.91029063927765 0.5346792266657343 0
-20.81989808160996 1.026328040549808 0
-20.71773234686697 1.515665714479903 0
-20.60364014262719 2.00236057422457 0
-20.47774078423991 2.486135821839423 0
-20.34013533299665 2.966712103155615 0
-20.19069714117453 3.443741370248456 0
-20.0295930545712 3.916958437640829 0
-19.85690699346873 4.386072394922071 0
-19.67255850215423 4.850727223303306 0
-19.47675664358045 5.310673224233764 0
-19.2695535952842 5.765596164540761 0
-19.05094223041712 6.215148532040317 0
-18.82116250465272 6.659096386317389 0
-18.58021970984984 7.097085308374512 0
-18.3282126663143 7.52880335875626 0
-18.06538294760976 7.954019239070924 0
-17.7917123513755 8.372339601027074 0
-17.50740364646283 8.783504243277397 0
-17.21267060665129 9.187261394573191 0
-16.90752291354065 9.58320608497637 0
-16.59223942337369 9.971128590576541 0
-16.26698239640562 10.35072664871756 0
-15.93184649453249 10.7216323234015 0
-15.58715028489311 11.08367067123567 0
-15.23299126006234 11.43645660814367 0
-14.86959805550316 11.77972362608625 0
-14.49726752424445 12.11327500865001 0
-14.11610024165009 12.43669090267541 0
-13.72642501412367 12.749804043763 0
-13.32848013852972 13.0523361612114 0
-12.92245252846676 13.34393127002357 0
-12.5087097447942 13.62447202432505 0
-12.08743054837507 13.89356194101157 0
-11.65893696801535 14.1510093045536 0
-11.2235580185671 14.39663189318416 0
-10.78150969852548 14.63003849271369 0
-10.33318798366393 14.85115663927178 0
-9.878858012074085 15.05964886594003 0
-9.418853648107048 15.25530451903397 0
-8.953557085534277 15.43801675216144 0
-8.483245016043789 15.60740130183115 0
-8.00833400592933 15.76342819319619 0
-7.52915557194633 15.90580778263313 0
-7.046081774433174 16.03435374627525 0
-6.559524812901587 16.14901038196634 0
-6.069830847337114 16.24942737148551 0
-5.577436638842547 16.33563636355337 0
-5.082725831990204 16.40736032739669 0
-4.586119029000649 16.46450248359682 0
-4.088047873441602 16.50702184319242 0
-3.588928419323844 16.53463940167138 0
-3.089209709541295 16.54745371769368 0
-2.589332578720294 16.54518687773565 0
-2.089749257449577 16.52788826218866 0
-1.590919804687006 16.49547241605943 0
-1.093314708584353 16.44781444652676 0
-0.597391892854923 16.38502814892735 0
-0.1036545805366741 16.30689399612817 0
0.3874449850854693 16.21360493782126 0
0.8753832011722421 16.10499057272483 0
1.359691173028753 15.9811880880764 0
1.839861612528752 15.84220470125883 0
2.315376620767611 15.68804204638684 0
2.785766339007741 15.51888751537025 0
3.250460442217638 15.33466115025388 0
3.70901895391394 15.13565416670122 0
4.160840828157677 14.92179384526906 0
4.605491596054205 14.69339677959976 0
5.042373095867951 14.45047077887633 0
5.471022961862973 14.19329698480247 0
5.89088622553148 13.922017562506 0
6.301442488817222 13.63684755111459 0
6.702200845754844 13.33806706290556 0
7.092580470342522 13.02584693543678 0
7.472148890359826 12.70057105689584 0
7.840282597913354 12.36240763483253 0
8.196594773719612 12.01181132000359 0
8.540437555792861 11.64897762406071 0
8.871458329467446 11.27440997786947 0
9.189001143523068 10.88835049135019 0
9.492739563121383 10.49133905701689 0
9.782022156868614 10.08367479974402 0
10.05654536566297 9.665929090606646 0
10.31567045761066 9.238462223264714 0
10.5591182586352 8.80187674268833 0
10.78626715529937 8.356594483950717 0
10.99686753219336 7.903250952507912 0
11.1903171503781 7.442328724517387 0
11.36640266946588 6.974497763230342 0
11.52454412355996 6.500301088253746 0
11.6645694910958 6.020443062477328 0
11.78592809210596 5.535528198903879 0
11.88848896374859 5.046293217827149 0
11.97174567034362 4.553406027117068 0
12.03559890839427 4.057632869458191 0
12.07961303859304 3.559705847246206 0
12.10369859304453 3.060419622170496 0
12.10753167174793 2.560566691925036 0
12.09099627193981 2.060974737361128 0
12.05393344011014 1.562484063313255 0
11.99615952411268 1.065969446611453 0
11.91771003902329 0.572298828846883 0
11.81836823221152 0.08240610084275972 0
11.69830657226368 -0.4028238163298885 0
11.5573698828659 -0.882406547185244 0
11.39577072483278 -1.355424935995778 0
11.21353615440792 -1.820884101667089 0
11.01080762073536 -2.27778717915092 0
10.78787426803019 -2.725179949184673 0
10.54484016386468 -3.161978290472673 0
10.27967215923296 -3.585654849608528 0
1 3 0 15
5648
5649
5650
5651
5652
5653
5654
5655
5656
5657
5658
5659
5660
5661
5662
10 -3.500000000001387 0
10 -3.000000000002773 0
10 -2.500000000004159 0
10 -2.000000000005546 0
10 -1.500000000006933 0
10 -1.000000000008321 0
10 -0.5000000000097087 0
10 -1.10094156013929e-11 0
10 0.4999999999902913 0
10 0.9999999999916787 0
10 1.499999999993065 0
10 1.999999999994452 0
10 2.499999999995839 0
10 2.999999999997226 0
10 3.499999999998613 0
1 4 0 15
5663
5664
5665
5666
5667
5668
5669
5670
5671
5672
5673
5674
5675
5676
5677
-3.500000000001457 95.00000000000001 0
-3.000000000002844 95.00000000000001 0
-2.50000000000423 95.00000000000001 0
-2.000000000005616 95.00000000000001 0
-1.500000000007003 95.00000000000001 0
-1.000000000008391 95.00000000000001 0
-0.5000000000097788 95.00000000000001 0
-1.107958169654921e-11 95.00000000000001 0
0.4999999999902212 95.00000000000001 0
0.9999999999916085 95.00000000000001 0
1.499999999992995 95.00000000000001 0
1.999999999994382 95.00000000000001 0
2.499999999995769 95.00000000000001 0
2.999999999997156 95.00000000000001 0
3.499999999998542 95.00000000000001 0
2 1 0 1218
5678
5679
5680
5681
5682
5683
5684
5685
5686
5687
5688
5689
5690
5691
5692
5693
5694
5695
5696
5697
5698
5699
5700
5701
5702
5703
5704
5705
5706
5707
5708
5709
5710
5711
5712
5713
5714
5715
5716
5717
5718
5719
5720
5721
5722
5723
5724
5725
5726
5727
5728
5729
5730
5731
5732
5733
5734
5735
5736
5737
5738
5739
5740
5741
5742
5743
5744
5745
5746
5747
5748
5749
5750
5751
5752
5753
5754
5755
5756
5757
5758
5759
5760
5761
5762
5763
5764
5765
5766
5767
5768
5769
5770
5771
5772
5773
5774
5775
5776
5777
5778
5779
5780
5781
5782
5783
5784
5785
5786
5787
5788
5789
5790
5791
5792
5793
5794
5795
5796
5797
5798
5799
5800
5801
5802
5803
5804
5805
5806
5807
5808
5809
5810
5811
5812
5813
5814
5815
5816
5817
5818
5819
5820
5821
5822
5823
5824
5825
5826
5827
5828
5829
5830
5831
5832
5833
5834
5835
5836
5837
5838
5839
5840
5841
5842
5843
5844
5845
5846
5847
5848
5849
5850
5851
5852
5853
5854
5855
5856
5857
5858
5859
5860
5861
5862
5863
5864
5865
5866
5867
5868
5869
5870
5871
5872
5873
5874
5875
5876
5877
5878
5879
5880
5881
5882
5883
5884
5885
5886
5887
5888
5889
5890
5891
5892
5893
5894
5895
5896
5897
5898
5899
5900
5901
5902
5903
5904
5905
5906
5907
5908
5909
5910
5911
5912
5913
5914
5915
5916
5917
5918
5919
5920
5921
5922
5923
5924
5925
5926
5927
5928
5929
5930
5931
5932
5933
5934
5935
5936
5937
5938
5939
5940
5941
5942
5943
5944
5945
5946
5947
5948
5949
5950
5951
5952
5953
5954
5955
5956
5957
5958
5959
5960
5961
5962
5963
5964
5965
5966
5967
5968
5969
5970
5971
5972
5973
5974
5975
5976
5977
5978
5979
5980
5981
5982
5983
5984
5985
5986
5987
5988
5989
5990
5991
5992
5993
5994
5995
5996
5997
5998
5999
6000
6001
6002
6003
6004
6005
6006
6007
6008
6009
6010
6011
6012
6013
6014
6015
6016
6017
6018
6019
6020
6021
6022
6023
6024
6025
6026
6027
6028
6029
6030
6031
6032
6033
6034
6035
6036
6037
6038
6039
6040
6041
6042
6043
6044
6045
6046
6047
6048
6049
6050
6051
6052
6053
6054
6055
6056
6057
6058
6059
6060
6061
6062
6063
6064
6065
6066
6067
6068
6069
6070
6071
6072
6073
6074
6075
6076
6077
6078
6079
6080
6081
6082
6083
6084
6085
6086
6087
6088
6089
6090
6091
6092
6093
6094
6095
6096
6097
6098
6099
6100
6101
6102
6103
6104
6105
6106
6107
6108
6109
6110
6111
6112
6113
6114
6115
6116
6117
6118
6119
6120
6121
6122
6123
6124
6125
6126
6127
6128
6129
6130
6131
6132
6133
6134
6135
6136
6137
6138
6139
6140
6141
6142
6143
6144
6145
6146
6147
6148
6149
6150
6151
6152
6153
6154
6155
6156
6157
6158
6159
6160
6161
6162
6163
6164
6165
6166
6167
6168
6169
6170
6171
6172
6173
6174
6175
6176
6177
6178
6179
6180
6181
6182
6183
6184
6185
6186
6187
6188
6189
6190
6191
6192
6193
6194
6195
6196
6197
6198
6199
6200
6201
6202
6203
6204
6205
6206
6207
6208
6209
6210
6211
6212
6213
6214
6215
6216
6217
6218
6219
6220
6221
6222
6223
6224
6225
6226
6227
6228
6229
6230
6231
6232
6233
6234
6235
6236
6237
6238
6239
6240
6241
6242
6243
6244
6245
6246
6247
6248
6249
6250
6251
6252
6253
6254
6255
6256
6257
6258
6259
6260
6261
6262
6263
6264
6265
6266
6267
6268
6269
6270
6271
6272
6273
6274
6275
6276
6277
6278
6279
6280
6281
6282
6283
6284
6285
6286
6287
6288
6289
6290
6291
6292
6293
6294
6295
6296
6297
6298
6299
6300
6301
6302
6303
6304
6305
6306
6307
6308
6309
6310
6311
6312
6313
6314
6315
6316
6317
6318
6319
6320
6321
6322
6323
6324
6325
6326
6327
6328
6329
6330
6331
6332
6333
6334
6335
6336
6337
6338
6339
6340
6341
6342
6343
6344
6345
6346
6347
6348
6349
6350
6351
6352
6353
6354
6355
6356
6357
6358
6359
6360
6361
6362
6363
6364
6365
6366
6367
6368
6369
6370
6371
6372
6373
6374
6375
6376
6377
6378
6379
6380
6381
6382
6383
6384
6385
6386
6387
6388
6389
6390
6391
6392
6393
6394
6395
6396
6397
6398
6399
6400
6401
6402
6403
6404
6405
6406
6407
6408
6409
6410
6411
6412
6413
6414
6415
6416
6417
6418
6419
6420
6421
6422
6423
6424
6425
6426
6427
6428
6429
6430
6431
6432
6433
6434
6435
6436
6437
6438
6439
6440
6441
6442
6443
6444
6445
6446
6447
6448
6449
6450
6451
6452
6453
6454
6455
6456
6457
6458
6459
6460
6461
6462
6463
6464
6465
6466
6467
6468
6469
6470
6471
6472
6473
6474
6475
6476
6477
6478
6479
6480
6481
6482
6483
6484
6485
6486
6487
6488
6489
6490
6491
6492
6493
6494
6495
6496
6497
6498
6499
6500
6501
6502
6503
6504
6505
6506
6507
6508
6509
6510
6511
6512
6513
6514
6515
6516
6517
6518
6519
6520
6521
6522
6523
6524
6525
6526
6527
6528
6529
6530
6531
6532
6533
6534
6535
6536
6537
6538
6539
6540
6541
6542
6543
6544
6545
6546
6547
6548
6549
6550
6551
6552
6553
6554
6555
6556
6557
6558
6559
6560
6561
6562
6563
6564
6565
6566
6567
6568
6569
6570
6571
6572
6573
6574
6575
6576
6577
6578
6579
6580
6581
6582
6583
6584
6585
6586
6587
6588
6589
6590
6591
6592
6593
6594
6595
6596
6597
6598
6599
6600
6601
6602
6603
6604
6605
6606
6607
6608
6609
6610
6611
6612
6613
6614
6615
6616
6617
6618
6619
6620
6621
6622
6623
6624
6625
6626
6627
6628
6629
6630
6631
6632
6633
6634
6635
6636
6637
6638
6639
6640
6641
6642
6643
6644
6645
6646
6647
6648
6649
6650
6651
6652
6653
6654
6655
6656
6657
6658
6659
6660
6661
6662
6663
6664
6665
6666
6667
6668
6669
6670
6671
6672
6673
6674
6675
6676
6677
6678
6679
6680
6681
6682
6683
6684
6685
6686
6687
6688
6689
6690
6691
6692
6693
6694
6695
6696
6697
6698
6699
6700
6701
6702
6703
6704
6705
6706
6707
6708
6709
6710
6711
6712
6713
6714
6715
6716
6717
6718
6719
6720
6721
6722
6723
6724
6725
6726
6727
6728
6729
6730
6731
6732
6733
6734
6735
6736
6737
6738
6739
6740
6741
6742
6743
6744
6745
6746
6747
6748
6749
6750
6751
6752
6753
6754
6755
6756
6757
6758
6759
6760
6761
6762
6763
6764
6765
6766
6767
6768
6769
6770
6771
6772
6773
6774
6775
6776
6777
6778
6779
6780
6781
6782
6783
6784
6785
6786
6787
6788
6789
6790
6791
6792
6793
6794
6795
6796
6797
6798
6799
6800
6801
6802
6803
6804
6805
6806
6807
6808
6809
6810
6811
6812
6813
6814
6815
6816
6817
6818
6819
6820
6821
6822
6823
6824
6825
6826
6827
6828
6829
6830
6831
6832
6833
6834
6835
6836
6837
6838
6839
6840
6841
6842
6843
6844
6845
6846
6847
6848
6849
6850
6851
6852
6853
6854
6855
6856
6857
6858
6859
6860
6861
6862
6863
6864
6865
6866
6867
6868
6869
6870
6871
6872
6873
6874
6875
6876
6877
6878
6879
6880
6881
6882
6883
6884
6885
6886
6887
6888
6889
6890
6891
6892
6893
6894
6895
10.44554512310279 2.746644228504641 0
11.67141081638204 3.719315331707538 0
11.6590811447162 1.842778871653381 0
11.51147700090912 4.727860472891036 0
10.24442682064535 5.324704681566702 0
11.5923181822264 0.8893653947523458 0
11.08004446349564 6.529774541486407 0
10.73446931637933 7.500239858276907 0
10.28706697253174 8.382518905246142 0
8.983300586203669 8.701715547514107 0
9.284333290903209 10.03698087739368 0
8.697231661038089 10.81566729615376 0
7.484855399923277 10.80959186119389 0
10.43300651759419 0.2499871955746456 0
6.760442761937857 11.56324645226955 0
6.613176076205458 12.85760765156246 0
5.819869873174309 13.45279490472095 0
4.750754903008279 13.16392853498683 0
3.849259117819097 13.68615293699006 0
11.6478464396879 2.858735134116842 0
3.305344414512455 14.87401441388055 0
10.41830367130451 1.752345705219576 0
10.4026887358857 4.301794097454745 0
2.365120643243773 15.25879795717181 0
1.467453410660521 15.50040029865889 0
-0.5224516661065118 15.20768503660984 0
0.4879694340144267 14.98652229331404 0
11.20129830524694 -0.5536519993844463 0
-1.403079449253236 16.07714590998145 0
9.835324621206114 6.820252982024011 0
11.31383154472406 5.730525283130686 0
-2.410736472576462 16.17315132758992 0
-3.060585701602798 15.45262823382314 0
-5.624680618911018 15.2484810041448 0
-4.091621081944723 15.41225350662336 0
-6.72603738976984 15.70935147963956 0
7.714813370701404 11.87853408149213 0
9.441936288239008 7.782344684613336 0
-7.645440447505052 15.41963729113973 0
-8.137858833547767 14.68348560146066 0
-11.65022801459479 13.65119965195456 0
-9.08259070706189 14.34000342693626 0
-10.49668299262638 13.70854071333851 0
-4.75100625308449 16.03801062565379 0
8.133637776045193 10.00536996369354 0
-9.930691489479006 14.53956527440595 0
9.793870467599348 9.209004944965956 0
10.43301270189102 -1.250000000007627 0
-12.47262589635984 13.12589015097942 0
4.660220497732944 14.19725412583753 0
-13.21838363132771 12.53993696959405 0
-13.5127383759807 11.73750897512865 0
-16.07693479514323 9.307285228071766 0
-14.28271303985055 11.08393842348107 0
-15.37010248740726 10.01145070604523 0
-15.13246267641979 10.89595163178835 0
5.585191737106292 12.56014282979465 0
-17.01037320788772 8.730136541971248 0
-17.54908100240008 7.952892466643591 0
0.09110724597186268 15.86035804580231 0
-17.55450401332913 7.125551877754084 0
2.456496605063214 14.33816187299976 0
-19.65055078864455 2.557914853290396 0
-18.05701967556822 6.267571837218759 0
-19.32373717978427 3.469433725280894 0
-18.51304192339915 5.365552169543939 0
-18.91206074182579 4.454545185871706 0
-20.23919613231688 1.660206397106843 0
-20.45993269965418 0.7549917104993238 0
-20.17047048372889 -0.008371430675149207 0
1.483244136899939 14.69659392437661 0
-20.31790224044815 -5.54166039929784 0
-2.036270265539015 15.39503716860714 0
-20.31736762075524 -1.008522962484022 0
-20.39341677097315 -4.600160467978721 0
-20.39593900488191 -2.01009108010346 0
-20.39583827623981 -3.510533769514105 0
-20.46369811787185 -6.642144701929105 0
-20.79663869982715 -2.724311947739145 0
-20.34764013314653 -7.525064786758499 0
-19.80723350858399 -8.107557405479676 0
-3.74456905520278 16.16187875271508 0
-17.06691789761165 -14.59718563613401 0
10.77736383710517 -1.911645927308179 0
-19.56380045099668 -9.086853380843102 0
-7.095064161067506 14.91237665237255 0
-17.54735771519731 -13.7985362693691 0
-19.27986145793313 -10.05425570584623 0
-11.84515718341457 12.92057317832313 0
-18.06716241666027 -12.85871107994264 0
-18.91470645536097 -11.00658659719955 0
-18.50190254156458 -11.92102162988614 0
-16.75277593742857 -15.57166753575331 0
-16.10086934831229 9.879246771533291 0
-16.19523751507492 -16.3491822592265 0
-15.5145606893623 -16.67981286029661 0
-9.466823912245387 -21.88759643895494 0
-14.91516733474006 -17.47793570231388 0
-10.23574105273773 -21.50617589776326 0
-8.55606058679891 15.07522626584445 0
-19.84285440016614 3.082309878609853 0
-14.19807773059767 -18.21198334573138 0
-11.14247890216397 -20.88532493466869 0
-8.610651428286504 -22.73626803416165 0
-13.49078572500112 -18.93270079332198 0
-11.94579784592933 -20.26171789042853 0
-12.74069108657155 -19.62302782742361 0
-12.68017982759231 12.35647336957449 0
-8.094499401385807 -22.71128943424996 0
-5.749573641306865 15.88104172335991 0
-7.437459154840605 -23.30743722115734 0
10.44817618349789 3.798685837796764 0
10.85262403393152 4.092615485238658 0
10.87918599910531 3.551501250899695 0
10.76611921154022 4.620205837767833 0
2.14798947708358 -25.45968623636513 0
-6.693167945341142 -23.31392263197281 0
-17.00499767159555 7.967023532380089 0
1.142116020012861 -25.40976247849824 0
3.747390397331893 94.87565495208663 0
-5.778795845811588 -23.76563595553648 0
3.251236213993296 94.89120590337785 0
-20.66850520846223 -5.112889100797772 0
-19.57637305457735 3.957020562899077 0
4.742544863931266 94.79661880617105 0
5.240229199628722 94.74985312754096 0
3.150976622542676 -25.49869506369753 0
7.726945795191252 94.498229179939 0
0.1377866500714997 -25.30726702358505 0
7.229956472567159 94.55194901177799 0
-4.827941087895673 -24.13270815885151 0
5.737850425236292 94.70230969742217 0
6.732751587663692 94.60366426184295 0
6.235370340937875 94.65368222658965 0
-0.8661360777376217 -25.14638113876391 0
8.22367766212346 94.44219683594025 0
-3.8545323414996 -24.42746357229035 0
3.66877350945083 -25.45715616375817 0
-1.87483584090382 -24.90095818756889 0
-2.87204728279488 -24.69145070502428 0
-14.02107884885529 11.93643362154716 0
4.244837645206101 94.8429130098307 0
-17.53872399405075 -14.34837919059457 0
4.654312307726024 -25.45638252330759 0
10.44560453214906 3.260278817477915 0
10.90071988718839 2.964841587670555 0
10.84759739776326 2.463971664647072 0
11.34049074288601 3.270996417233643 0
8.720106151123669 94.38354208949333 0
15.38424429995413 -22.41874527122491 0
5.170268681365242 -25.40106499318607 0
-10.80039782856136 14.13051014577874 0
10.1347678446166 5.820623515752319 0
10.60959055799851 5.671751966434281 0
10.43483143900594 6.173207122375331 0
10.68513144170413 5.157209525985777 0
9.981804548359538 6.325747153149403 0
10.29709673666094 6.706937365460716 0
10.08890728567993 7.202055766243422 0
-18.07652408208823 7.103253107144358 0
9.222276944792489 8.244769509024222 0
9.481363962624988 8.687196207914955 0
9.238965579730554 9.156490640052095 0
9.785270410980274 8.233077603562927 0
9.9138742970406 7.703487949875111 0
8.721978479048454 9.150318635390628 0
8.447321105289937 9.583691340356561 0
8.656067006185703 10.04909782927314 0
-19.98530260341919 0.9672830305115555 0
14.49329221834385 -22.88012987083212 0
-19.19668490979517 4.887967677930006 0
7.81438268264213 10.41286725651238 0
7.956854768673474 10.86163765033941 0
7.674399587051631 11.3599212177796 0
6.199680026372842 -25.27699353521686 0
7.144364062217551 11.20459461225717 0
6.380747780264032 11.90651203776394 0
6.873174960228319 12.0552300811541 0
8.968739347397721 9.592039499699606 0
5.986397550172349 12.24059665151309 0
6.089447664043793 12.70790647570948 0
9.21617988380981 94.32195149559269 0
5.16451866377538 12.86370224086267 0
5.209175741100188 13.39222153939268 0
4.71254075241163 13.68685322686988 0
1.645664634318794 -25.46011195452993 0
4.287978621435669 13.42923424199493 0
3.401335855196536 13.91935814597365 0
3.807386605452625 14.17073571164511 0
2.937605019939288 14.13996631647128 0
16.26839166808945 -21.94293387757968 0
1.970728502943335 14.52123275422469 0
1.850519317104717 15.04294742490143 0
0.984725981083737 14.84140945969613 0
0.8823782014078845 15.32808877649421 0
-0.02396687781533715 15.08657066492436 0
-1.007620830433501 15.28192655510737 0
-0.7078763759634558 15.61923901985015 0
-1.51784484958463 15.32192796413325 0
0.6414178784541407 -25.37830098797511 0
-20.79040726114233 -4.234301430094388 0
-2.552032092007102 15.41220920636909 0
-3.57434217186688 15.41574430812945 0
-3.313420960966856 15.88421938645475 0
-4.605828938320562 15.38759780622322 0
-5.11821330306238 15.29644381156286 0
13.56143488948635 -23.2880015536291 0
-6.117773540277715 15.14218051993629 0
-6.605416329850216 15.01068259489062 0
-0.3594759503125124 -25.25362966582505 0
-7.614452126597468 14.88715487977969 0
-8.616081764295703 14.51639567438887 0
-9.009554686381801 14.85296981865381 0
7.203674338240043 -25.13678472001888 0
-9.555803061219194 14.14163036526179 0
-10.01293456032423 13.93939351499286 0
-10.93511709219312 13.42908564035806 0
-11.40346390633144 13.19025976062272 0
-9.909671115728743 -21.97214903745473 0
-13.11554348491193 12.04410816998983 0
-13.90690319264563 11.40939608671944 0
-14.38511205699514 11.57378805973479 0
-15.01469851697794 10.37104744021746 0
-16.45533174267869 8.84786523484995 0
-18.28956284731116 5.817686837643735 0
16.70107541783644 -21.67503747012598 0
-12.28651220999515 12.63947258044425 0
-19.81490971032765 1.985380738207721 0
-20.24577438387132 -0.5088253210576295 0
-20.3535685971837 -1.509133589709443 0
12.6201596147341 -23.67007335869438 0
-20.23820305348724 -6.138324319508335 0
10.32655760553708 4.82022545210467 0
-19.68507159459061 -8.599663686755369 0
8.219211689234207 -24.94556031855224 0
-19.43377542949607 -9.56114207134212 0
-19.09582192421704 -10.5235860594796 0
-18.69894832084652 -11.47112799359686 0
-18.27699210597351 -12.37251084743851 0
-17.78939468887394 -13.29713156985975 0
9.711841578252633 94.25711415746251 0
5.658057550038817 -25.36363143635829 0
-16.74628223394689 -15.07641239840322 0
9.62843760643873 7.300486921083603 0
-15.23880589569705 -17.07760873084807 0
14.94354841205292 -22.66177625302847 0
-14.53379336615822 -17.83067270109989 0
-13.84372135278461 -18.57546057204631 0
-13.10700134965771 -19.25902004523439 0
-12.33590694333098 -19.94332829104986 0
-11.53940329765723 -20.57836887116114 0
-10.68261809564358 -21.13613594128307 0
6.697181859101915 -25.23077636634069 0
-5.307803020594421 -23.94431627786487 0
-6.24829358484074 -23.56016572276644 0
-4.333430168622867 -24.27728898575396 0
14.04047054382462 -23.08870254413457 0
-2.36825135926678 -24.7931107016106 0
-3.362285384130794 -24.53821844434311 0
-1.385513737423689 -25.08070638726977 0
7.722721728765338 -25.05680557704635 0
11.66420824335282 -24.01751426775096 0
13.10076154250779 -23.49075322864708 0
8.713145174783879 -24.82548948320813 0
9.21194174396771 -24.72742206668121 0
12.14576396948262 -23.8558937085284 0
11.18415687164576 -24.17814520817544 0
17.13243279007885 -21.40459418548577 0
9.72486437593135 -24.60546440810826 0
10.70075623845752 -24.32992119787752 0
10.22339278261983 -24.47309908829499 0
-20.0733277359218 -7.066975865766381 0
10.20703133718251 94.18875241302206 0
86.22729224062084 -23.05908875670526 0
17.56203593234526 -21.12474830058775 0
86.37220022160284 -22.58066320890656 0
7.248312063028303 11.70592880327866 0
-2.740377964477107 15.81829548697233 0
86.07970232143138 -23.53669377054473 0
-9.046791335669022 -22.32591590854492 0
86.51442373972507 -22.10143277286683 0
-14.65282248601917 10.74020360591325 0
85.92943677549465 -24.01346373859577 0
86.65396401033308 -21.62141416356462 0
8.322657524078933 10.47027344779035 0
17.98914994270337 -20.83564819765449 0
-8.073596489250253 15.20001973433265 0
85.77649948710668 -24.48938338522389 0
86.79081939043728 -21.14062319305366 0
26.53187812329299 -11.59644711100474 0
10.4191578548598 -0.749996432481034 0
10.83126496101173 -0.9244995478724882 0
10.41684952253283 -0.2499998455719342 0
10.9112457315483 -0.06470340821415164 0
10.86241754842095 0.4699098302066378 0
11.29483858285896 0.244481815228752 0
10.43241440936317 0.7449604929548514 0
10.84230879743394 0.9677532049457596 0
10.42651376492558 1.244156241277566 0
10.83121303465554 1.467948311900858 0
86.92498537488424 -20.65907481577544 0
85.62089111762765 -24.96443638148977 0
26.2779038159521 -12.03001541615621 0
87.05645678096266 -20.17678380528294 0
18.4053765731486 -20.54474658928137 0
85.46261558218811 -25.43860742514871 0
2.644509230222015 -25.50766355947359 0
87.18522774469841 -19.69376477424624 0
85.30168092113865 -25.91188257258062 0
26.00829495998396 -12.46495703339598 0
87.31129171831884 -19.21003218836645 0
26.77875286235246 -11.1521961945783 0
85.13809462492792 -26.38424774878079 0
18.81554492365528 -20.24538696124927 0
9.504467345703658 9.610202175502105 0
87.43464163922316 -18.72560043059482 0
15.8321103275254 -22.19763410812802 0
84.9718635075085 -26.85568868243135 0
87.55527477186034 -18.24048499163074 0
25.73363929341655 -12.89156819957653 0
9.99383594114552 8.759015099812604 0
84.80299370992086 -27.32619089185396 0
87.67319152711022 -17.75470213065924 0
19.22027096757391 -19.93870768601657 0
8.153707064110019 11.31014995438965 0
27.01597126719753 -10.70376132084256 0
84.63149070421437 -27.7957396681949 0
87.78838891043753 -17.26826723431306 0
25.45164593514621 -13.31344909651851 0
2.88686110034857 14.59940498364597 0
-15.48290091897849 10.55207708032414 0
-10.33889348324895 14.29747892783532 0
-16.49265439193492 -15.9315577535232 0
87.90086169004319 -16.78119515159397 0
84.45735655377244 -28.2643190292426 0
19.61936604967273 -19.62496309026641 0
-13.61795013943844 12.23321570582965 0
-20.806008298404 -3.226113616953877 0
25.16240709357146 -13.73033945697686 0
88.0106090013261 -16.29350172511068 0
84.28059132990539 -28.73191219198741 0
-12.84191399524578 12.82233833374412 0
-12.04510168859296 13.36298689255983 0
20.01274721407466 -19.30424687045595 0
88.11763323518184 -15.8052034792719 0
-11.23725837549615 13.91710550727638 0
27.24549581993787 -10.25139105890087 0
84.101199426656 -29.19850393839319 0
-18.55585842383 6.236371507009506 0
-7.204297312014191 15.59745053063504 0
24.86607385290704 -14.14210753748088 0
-6.238513076076625 15.8247703249274 0
-5.246834099886236 15.98310219607019 0
-4.230909365735277 16.09568682120639 0
88.22193335392411 -15.3163161212526 0
-1.918243196547101 16.11695818394196 0
20.40035285942167 -18.97656470069041 0
0.5992485166359742 15.77004631957593 0
83.91918814119614 -29.66408014685061 0
24.56272301023464 -14.54869064866739 0
-9.479391934053837 14.69818704503863 0
88.32350584727979 -14.82685479470661 0
6.982368627686673 12.5421356743747 0
7.355183418319645 12.20746788867132 0
-18.78048954864087 5.792392236924024 0
83.73456209580564 -30.12862565318924 0
20.78206561582092 -18.64203748387817 0
9.010604027117552 10.43735224940535 0
88.42234652194577 -14.33683450881293 0
24.25231060493683 -14.95002576777417 0
27.46722359929869 -9.795178089214421 0
10.52974456707412 7.957188488332726 0
21.15770079538396 -18.30093504177985 0
10.9232006078116 7.004841957219662 0
83.54732305393624 -30.59212412823569 0
11.28584991601095 6.151952960898411 0
23.9349760530859 -15.34583152019068 0
88.51845049898962 -13.84627015928034 0
11.42416134860677 5.244767940689269 0
10.41393781046306 2.249999999995145 0
11.59905558991077 4.219722851312762 0
-15.6989777405921 9.68168309816823 0
21.52725427001641 -17.9532788066391 0
10.43980471902446 -2.26199803612943 0
23.61085565121224 -15.73601790534565 0
11.67065174664202 2.336960315948312 0
11.25594911618985 2.1422253311912 0
83.35747627001921 -31.05456061177571 0
88.61181221206741 -13.35517654324125 0
-17.80443385224441 6.701514205386784 0
21.89061724055569 -17.59910764512124 0
11.63414225990006 1.36496509882462 0
23.27999456825609 -16.12054598442062 0
22.24765638697795 -17.23861049267578 0
6.468465159515899 12.38861954037815 0
22.94240930212997 -16.4992938720111 0
22.59825385965738 -16.87200253452851 0
-18.32389008756991 6.680621710069835 0
88.70242557765805 -12.86356840922601 0
83.16503073922931 -31.51592167155839 0
-16.5371878308253 9.291623404509822 0
27.6811250359101 -9.335421509499838 0
-33.25565536438337 -76.91424909671824 0
-32.80402957887046 -77.12854595934623 0
82.96999485297019 -31.97619367645647 0
-33.70599609264887 -76.69726471704952 0
-32.35113460148413 -77.34014731787956 0
-17.80357968943575 7.539323784581229 0
82.77237633726553 -32.43536274927794 0
-34.15503360106698 -76.47759612104234 0
-31.89698585926641 -77.54904420835143 0
27.88720376144324 -8.872227610306828 0
82.57218225358196 -32.89341476128722 0
30.36504991112538 4.964323467294212 0
30.33374489485395 5.464666348278278 0
-7.869917649807867 -23.12675513259637 0
-34.6027495358575 -76.25524636148582 0
-31.44159845486616 -77.75522688331672 0
-17.27674852246176 7.553784388640149 0
-30.98498736844882 -77.95868521473957 0
-35.04912824040094 -76.03022407808596 0
-16.71952182537476 8.381499007593332 0
-17.26384828418274 8.364565898815453 0
-14.76456345585087 11.26515814850397 0
28.08540875961064 -8.405636943735777 0
30.38729437729188 4.458240348034893 0
-30.52716985123773 -78.15941416335053 0
-19.00397827160358 5.353998210765891 0
-35.49415475406429 -75.80253925264955 0
-30.0681642749035 -78.3574113304779 0
30.29152190331284 5.962426406586523 0
3.76190304328252 14.65849312369142 0
-35.93781346026181 -75.57220053345998 0
-29.60798713389746 -78.55267012179999 0
28.27564288206971 -7.935758937608205 0
30.40141506133008 3.9519395135041 0
-36.38008630247491 -75.33921192976248 0
-29.1466540096634 -78.74518178727686 0
4.143691571360618 -25.51220330100089 0
-36.82095570820537 -75.10357846688768 0
-28.68418072108513 -78.93493806651961 0
28.45789239042186 -7.462897536762771 0
30.40730203589979 3.445430969800081 0
30.24201659949798 6.458720171076063 0
-37.26040698980125 -74.86531067871444 0
-28.22058544445617 -79.12193652687291 0
28.63218275446446 -6.987113563151953 0
30.40495710558109 2.938920824436703 0
-27.75588669971855 -79.30617573713579 0
-37.69842572816547 -74.62441950616599 0
-18.71754344437642 4.907290240931104 0
-27.29010098483796 -79.48764936368001 0
6.190552146074507 13.17036240130304 0
-38.13499713009202 -74.38091512193614 0
30.18460119729696 6.954033430945834 0
30.39442224321053 2.432596463738388 0
28.79845734252753 -6.508474632864953 0
-26.8232442706946 -79.66634971046946 0
-38.57010598892332 -74.13480690340695 0
30.37571893384213 1.926566727204986 0
28.95662545397062 -6.027109048349202 0
-26.35533225514119 -79.84226828516655 0
-39.00373471336677 -73.88610007448197 0
4.208868542747675 14.4246542768274 0
30.1191690798159 7.448333584142921 0
-25.88638039055533 -80.01539581235581 0
10.92375311215051 -1.459558355711794 0
30.34874044131887 1.420850479575042 0
29.10668654861411 -5.543306691103747 0
-39.43586490749368 -73.63479857614847 0
-25.41640550645763 -80.1857266930861 0
30.31348675040372 0.9156570650523386 0
29.24868351389901 -5.057106188743298 0
-39.86648102264803 -73.38091137397736 0
-24.94542598541554 -80.35325968270062 0
-19.38364127546804 4.411769921504587 0
30.27001034177693 0.4111706324208729 0
29.3825598065211 -4.568592996610843 0
-71.01604277911551 33.88063040401411 0
30.03610127547984 7.954206889312974 0
-40.29556879897981 -73.12444962053448 0
-24.4734591699697 -80.51799077546556 0
30.21834715818425 -0.09250139732396455 0
29.5082323100983 -4.077913924704098 0
-70.78136555604165 34.32202332339467 0
-71.24793115223954 33.43779442734464 0
30.1584017431077 -0.5953346840777243 0
-20.76986981307882 -1.730195968540206 0
22.92230043970372 23.42243586784616 0
29.62570835600462 -3.585335831270631 0
-24.0005211675378 -80.67991251201563 0
-40.72311347824621 -72.86542357276646 0
30.09017025669641 -1.097107395347372 0
29.73504758310838 -3.090888503051388 0
30.01371578700964 -1.597643601890608 0
29.8361974277884 -2.594668737648328 0
5.617175928451419 13.02895076180518 0
29.92908424610021 -2.096839703134713 0
-71.47699002305779 32.99347401186895 0
-70.5438696600922 34.76189180002892 0
4.255230831373124 13.92498684523532 0
-23.52662803775449 -80.83901718866393 0
-41.14909764772479 -72.60383913800248 0
29.93604358809054 8.472422377364925 0
-71.70322319312162 32.5477082123321 0
-70.30357982512272 35.2002402653026 0
23.24220098791723 23.03283223543888 0
3.350072673121998 14.39366211588466 0
-41.57350356714781 -72.33970177545682 0
-71.92661959214055 32.10051402855527 0
22.59828487397968 23.80274103225719 0
-70.06050796346884 35.63705218531675 0
-19.09895439280199 3.958341500916388 0
-41.99631665435757 -72.07302213162394 0
-20.73509138445275 -1.225511176891758 0
29.83593672231414 8.977444542722138 0
-20.67730306245582 -0.7228713859960108 0
-72.14716744842406 31.65190816194201 0
23.55622113024954 22.636278459175 0
-69.81466493409361 36.0723104818543 0
-42.41752325169897 -71.80381227542908 0
-72.36486011990762 31.20190983097124 0
5.487294863923617 13.77839101995591 0
29.73340711904506 9.473016977779709 0
-69.56605660477057 36.50599522741266 0
22.26878442315397 24.17732437458264 0
-72.57969451402867 30.75053992592058 0
-20.61743108907269 -0.2332851033978324 0
23.86414857575888 22.2350693272694 0
-69.3146881385464 36.93808601970433 0
-72.79166330016254 30.29781723026657 0
-19.79265096605469 3.573892794935821 0
29.62299556542218 9.96684611649219 0
10.84044507106753 1.949700410967208 0
11.28590430595438 2.573687778704073 0
-73.00075625406703 29.84375915357294 0
-20.7939035022022 -2.230278649933701 0
-69.06057055182292 37.36856577552887 0
24.16591513898382 21.82929361491263 0
21.93363510281755 24.5467047789088 0
-73.20696220701006 29.38838271939677 0
-68.80371656332187 37.79741843246268 0
29.50478672824565 10.45872476526554 0
24.46143317011964 21.41900183609268 0
-73.41027192789009 28.93170586399801 0
-68.54413778896263 38.22462731576096 0
-19.39010519985806 2.964264502977836 0
-20.04190703441557 2.359713806449743 0
2.824882001277481 15.05971392198197 0
29.37885709239653 10.94865382226831 0
-73.61068236861846 28.47374924184874 0
21.59287610040842 24.91089596429891 0
24.75066708843141 21.00419396744843 0
-68.28184074164672 38.6501726211991 0
-73.80818958048964 28.01453304554006 0
5.088735568003423 13.96612153960738 0
29.24521626466544 11.43653047463072 0
-68.01683151134965 39.07403421695457 0
-20.0912723712067 0.4731212495166637 0
-20.53970023039405 0.2603549974043434 0
25.03350687691442 20.58505054012491 0
-74.00278434717143 27.55407513839084 0
21.24658064895752 25.26985022106557 0
-67.74912214343058 39.49619561304291 0
29.10387394421732 11.9222105126338 0
-20.34170517402109 1.237120150707396 0
25.30989449785839 20.16169838322516 0
-74.19445637916964 27.09239295996969 0
-19.85003790520586 1.47921514813752 0
-20.39537452831252 -2.515270838938575 0
-67.47872615198945 39.91664127859062 0
11.08777173845768 4.937882634749096 0
28.95490781237421 12.40547761804243 0
25.57973781768149 19.73419864217064 0
-74.38319624563245 26.6295043515648 0
27.64484064689647 68.52028493638591 0
20.87986766343262 25.62751434435882 0
-67.2056561508674 40.33535516854619 0
28.79839629823275 12.8863306830273 0
28.09925333931461 68.31196492726522 0
-74.56900093898926 26.16542975074736 0
25.8429935893576 19.30255682382425 0
27.1890265967792 68.72552061249459 0
-20.39583472397049 -3.018965284585982 0
3.665065658850141 34.69648299940675 0
28.63437594061825 13.36468080356721 0
26.09957461567794 18.86691338162166 0
-74.75186794285349 25.70018972529351 0
-66.92992243064103 40.75231973778265 0
28.55224345961093 68.1005693761611 0
4.15651068311937 34.59369071154034 0
26.73183509555476 68.92766927923893 0
28.4628592725708 13.84039838755789 0
26.3494146188552 18.42742979279627 0
-74.93178923295349 25.23380260281726 0
20.49284247273118 25.98479832113636 0
28.28392665508432 14.31326415203467 0
26.5924518010451 17.98418969471208 0
-66.65153088341 41.16751447152012 0
26.27328884703564 69.1267257811119 0
29.00379117603119 67.88611008336989 0
28.09763823250696 14.78325977074493 0
26.82861078560239 17.53721219331714 0
-75.10875539348621 24.76628619988698 0
27.90406555230746 15.2503204001261 0
27.0578335296959 17.08658600075316 0
3.174676864793659 34.79089110757207 0
27.70322557728712 15.71432964112881 0
4.648974046756003 34.48143402810489 0
27.28004106819372 16.63250601985343 0
27.49520147994214 16.17507437496182 0
25.81340821669612 69.32267974249253 0
-66.37049013721979 41.58092060128181 0
29.45387364547791 67.66859255070942 0
-0.948305667233681 16.03759422654512 0
-75.28275642502425 24.29765816436725 0
20.11418395975371 26.33212796355013 0
25.35221311804028 69.51551963152066 0
-66.08681404810625 41.99252285119573 0
29.90246795964218 67.44802227453633 0
10.33244885670866 -2.816526045965964 0
5.139785987203854 34.36215656270097 0
24.88972305131311 69.70523275409404 0
-65.80051600152295 42.40230568032854 0
2.683381616687957 34.87801029257569 0
30.34955466599808 67.22441192189035 0
19.73944461580392 26.67102767030019 0
-0.3708205283607227 15.95601818182748 0
24.42595864533442 69.89180904158604 0
-65.51160644853786 42.81025150243487 0
5.628775082827187 34.23589086784619 0
30.79511499318128 66.99777540588039 0
23.96094326329758 70.07524526349721 0
11.17751055461311 4.396590808246702 0
19.35970031484841 27.00426002699617 0
10.75596327503992 -0.5085702467048108 0
2.190944859631311 34.95801645040753 0
31.23912967488369 66.76812549789121 0
6.115848388877933 34.10264293529224 0
-19.51853169610562 -10.41032290194411 0
23.49469954366334 70.25553654304214 0
-19.6871327602679 -9.919717270759396 0
-20.7877059968629 -3.737115408885693 0
18.97505143623089 27.3317943851212 0
31.68157887299799 66.53547377743776 0
23.02724778410926 70.43267206708448 0
6.600930689733483 33.96245687083925 0
11.24142041645585 1.662516564717525 0
1.697417118314586 35.03094702728134 0
32.12243978021741 66.29982626106577 0
22.55860980403068 70.6066450503771 0
-19.33302414958401 -10.8935682893877 0
2.365291241039348 14.78055035576229 0
18.5855702052814 27.65354598407366 0
7.08398959532865 33.81531002396989 0
22.08880952130663 70.77745451544024 0
32.56168868248757 66.06118744012458 0
0.3102800949006676 15.40901634994025 0
18.19142798736961 27.96939653467183 0
1.191424624217074 35.09147809734566 0
7.564851504450997 33.66125902895266 0
21.61786960032652 70.94509629607225 0
-15.80861323103804 10.19946943803166 0
32.99930524314587 65.81956823751555 0
17.79266204323862 28.27931619652027 0
-20.36600728315946 -4.042143499116299 0
21.14581089688649 71.10956133471858 0
67.52829786446296 -15.91265554175892 0
8.04339279972603 33.50031092726755 0
33.43526993318589 65.57498107919005 0
67.6633541588663 -15.43135790843551 0
0.6725282807182322 35.1402842382653 0
17.38935275397382 28.58328404421751 0
20.67265390191215 71.27083940486332 0
-20.74514393522879 30.75654979858335 0
67.3897669067545 -16.39296457049008 0
8.519525846407447 33.33249688312401 0
33.86955979644419 65.32743233960802 0
-0.2039546845622495 15.52314788315906 0
-21.18169983184717 30.5105194307301 0
67.79493310939375 -14.94909803238919 0
16.98158610342048 28.88125124118885 0
20.19841877718666 71.4289191023794 0
8.993200050369341 33.15783861068569 0
67.24776402394579 -16.87225860574874 0
34.3021527887575 65.07693010730594 0
-19.84260217749028 -9.448382739164417 0
-20.30042029356497 30.99769998886658 0
0.1631117895786951 35.18597251783694 0
16.56949982741578 29.17311480659014 0
-19.9764894538382 -8.964355625175488 0
11.22208950392602 3.880816058736545 0
67.92303169588459 -14.46590202376508 0
19.72312707584599 71.58379308052167 0
9.464330417428679 32.97634583326612 0
-20.82759681647475 -4.667646826754836 0
67.10230054436836 -17.35051374707185 0
16.1532031453514 29.45881315047704 0
34.7330307974357 64.82348935967418 0
-20.10957631060983 -8.496533370143265 0
-19.12938281135515 -11.37320836868543 0
9.932747569293545 32.78808736566358 0
68.04765218438567 -13.9817972946744 0
-21.61193422340287 30.26088156799322 0
19.24680231485975 71.73546010950497 0
11.7686119261187 3.293834470494944 0
1.33366420943136 15.08188797682545 0
15.73272894656218 29.73832097860885 0
10.39834816269238 32.59306198167 0
1.967666320861075 15.46647848567556 0
11.22893968899259 1.16448063164941 0
-19.85331633173245 31.23132213410748 0
-0.3398950661147879 35.2274557888132 0
66.95338917502059 -17.82770659618653 0
35.1621758391383 64.56712515474997 0
15.30818313769499 30.01162109829624 0
68.16879181858378 -13.49680982638674 0
18.76946693750451 71.883915830451 0
10.86105637608568 32.39131759310115 0
14.8796632901473 30.27864268843014 0
11.32084097043916 32.18285104553696 0
14.44733775941175 30.5392931018855 0
-1.222461833742789 15.67333027448127 0
11.77753617251442 31.96773317327624 0
-20.24760396022944 -5.06681981532514 0
35.58956934715256 64.30785143942632 0
66.80104116515611 -18.30381341029423 0
18.29114174881925 72.02915071148125 0
68.28644289090948 -13.01096430025862 0
14.01123559949727 30.79355990579383 0
-20.5985309149522 -5.882498142991142 0
12.23102554679112 31.74600938640624 0
-22.03956915248057 30.00427011172561 0
-19.40316588693739 31.45889993803038 0
12.68120897864902 31.51769210719655 0
13.5714367919182 31.04140730168383 0
13.12804155076281 31.28281492736562 0
-0.8433357095970867 35.26186054158627 0
17.81184892984268 72.17115973577583 0
36.01519198819744 64.04568082539858 0
68.40059623858808 -12.52428509069082 0
66.64526631669857 -18.77881005371933 0
-18.95005005203951 31.68041417460998 0
-1.34718262030292 35.2891704590429 0
68.51124123756625 -12.03679631135589 0
36.43902082331859 63.78062015982362 0
-22.46384055171789 29.74169457483509 0
66.48607154831168 -19.25267145103164 0
1.036830900581075 15.73694281110605 0
-19.8993643681149 -7.6027578770329 0
68.6183670063898 -11.54852212284543 0
-18.49398587110335 31.89582852810534 0
36.86103256995588 63.51267590543165 0
-1.851346790104899 35.30937066728577 0
66.32345664917429 -19.72537004766712 0
-20.49795573292989 -7.114882264899626 0
-20.04947392673657 -6.580054971022366 0
10.32531524779609 -1.750000000006239 0
-20.24239435561142 -8.024933942950655 0
68.72197109138919 -11.05948855498431 0
-22.88849998427551 29.4639201948313 0
-1.750043829988229 15.70214797127026 0
37.28120801281593 63.24186112802089 0
-18.03506270791025 32.10505820287949 0
66.15742402376559 -20.19687905143435 0
-2.355733435565744 35.32249330522527 0
68.82205366697501 -10.56972216415089 0
65.98797877337168 -20.66717242559114 0
-17.5733944535742 32.30802775735108 0
11.37967229072375 -0.1491988263367055 0
-2.860168250226104 35.32855705764781 0
-23.31425108937924 29.17120304469253 0
68.91861099024042 -10.07924858836073 0
-18.95221467286736 -11.80945965713264 0
65.81512459827286 -21.13622357019173 0
-17.1090687796191 32.50473054850641 0
-38.58609217753614 8.490731180301134 0
0.9421928427524817 -65.16101211474252 0
69.01164612701253 -9.588094701839315 0
-3.36458469982874 35.32757293343284 0
0.4426678934051538 -65.14199020041552 0
8.508605322189597 11.1690906479807 0
-23.73247691300527 28.88032448466371 0
65.63887280706479 -21.6040086257397 0
-14.25847327447253 -18.63328412239879 0
-16.64216677292582 32.69515220189393 0
1.441849245804112 -65.17619523403143 0
69.1011611246682 -9.096287071330766 0
-38.4345804712381 8.969495820608248 0
-18.72764589114519 -12.27210640164268 0
-3.868922967252628 35.3195214908275 0
-0.0566955248640496 -65.11911753621612 0
-16.17270340940577 32.87925808802656 0
-38.72986952453634 8.012277330815406 0
65.4592381060929 -22.07050507000148 0
69.18715065645179 -8.603850807501265 0
1.941607311973757 -65.18755107570512 0
-4.373093490335186 35.30440418350215 0
-24.14424575496421 28.58943645807659 0
-0.5558676037350437 -65.09239243655855 0
-38.27527008269018 9.447559580601853 0
-15.7007990863921 33.05696621518943 0
69.2696077115714 -8.110810750967465 0
65.27623375518503 -22.53568994304765 0
2.441437614928052 -65.1950842096448 0
-4.876989823276782 35.28226099651773 0
-13.89833815367282 -18.98965197574622 0
-15.22655584494101 33.22821065012968 0
-1.054819042703906 -65.06182327297299 0
-18.46629161978829 -12.77260371810043 0
-38.86727948278229 7.532395690707708 0
69.34852381774228 -7.617191569558604 0
-5.380444002656382 35.25312203283033 0
-24.55208151674317 28.29309708297843 0
2.941310917379067 -65.19879303201914 0
-38.1099015159789 9.92358234864593 0
65.08987157800109 -22.99953980900098 0
-14.75006272604907 33.39299000391991 0
-5.883423629547036 35.21699482940981 0
-1.553520693826296 -65.02741853782597 0
69.42388924402296 -7.123017836631462 0
-14.27139670891355 33.55129405136946 0
3.44119795588489 -65.19867414183523 0
64.90016164893159 -23.46203055758505 0
-6.385848090226525 35.17386020632856 0
-24.95591838002751 27.99136039117914 0
-37.9385164156936 10.3974325460408 0
-14.60466680461955 -18.2633360351584 0
-13.52492865682453 -19.33061539602724 0
-13.79057953442406 33.70308921522273 0
-38.99851663326042 7.050847199728068 0
10.30976942665577 7.575377365693806 0
69.49570100027471 -6.628315185210843 0
-6.887630004467606 35.12373581027387 0
-2.051943423118883 -64.98918491503581 0
3.941069372520165 -65.19472234824842 0
-13.30775431178193 33.84829776322343 0
64.70710682716063 -23.92313504828695 0
-7.388642379234489 35.06667139305154 0
-12.82301378875088 33.98686440453783 0
-7.888754568419228 35.00270138712413 0
69.5639614783107 -6.133110014522597 0
-25.33383632155557 27.73731506420934 0
-37.76117172200134 10.86903248057208 0
-5.930251745676059 15.51369483956833 0
-12.33644801454886 34.11879337902958 0
-8.387934818227581 34.93183156414339 0
-2.550058050663249 -64.94712727837761 0
4.440895659698085 -65.18693067542772 0
-11.84812469691868 34.24407751792415 0
-8.886093354002595 34.85404615104841 0
64.51070956285547 -24.38282584474737 0
-39.1236253663083 6.56767122984625 0
-11.35808480402725 34.36268363567906 0
-14.96572041386296 -17.87015349890241 0
-9.383145453592308 34.7693763888143 0
-10.86648254220746 34.47454030622194 0
-9.878941538117887 34.67788439751049 0
-10.37340458982759 34.57960385620439 0
69.62866821763004 -5.637427972785284 0
4.94064724865276 -65.17529552521695 0
-37.57791076349058 11.33832069454565 0
-25.73212314970075 27.41808226944278 0
-3.047835273392292 -64.90124856637009 0
64.31097661167276 -24.84107713455182 0
-39.23874128135024 6.073628942214328 0
5.440294787997773 -65.15982327444787 0
-18.23223587233899 -13.22599852736982 0
-37.38876769352865 11.80523401360653 0
-3.545244937823479 -64.85154336597567 0
-26.13761422236371 27.06723657160302 0
64.10791315141883 -25.29786232186129 0
-18.03544804941669 -13.62976063363618 0
-13.12941848826557 -19.6758071406911 0
-5.426095872302503 15.59653091639156 0
5.93980934738087 -65.14052825793421 0
-4.042256075760807 -64.79800018317181 0
-37.19370269128976 12.26972648175421 0
63.90153033559218 -25.75315741131389 0
-15.30645418096662 -17.47751742566339 0
-35.07716478388603 -23.1805955333317 0
-26.52996851791366 26.73226284032393 0
-39.34448818093816 5.568442696737231 0
-57.83288596769945 -19.98590868587343 0
6.439162168398635 -65.11742259983548 0
-57.69225889714767 -20.46549864791084 0
11.23134287080707 0.6848258776564725 0
63.69184472968031 -26.20694087972684 0
-36.992726078929 12.73167160540813 0
-4.538837880874292 -64.74061174482922 0
-26.91285628395654 26.40463349366263 0
-57.96938572363492 -19.5049104073414 0
-35.31894880109187 -22.73885527881266 0
6.938324315796632 -65.09051052240757 0
10.96729038205766 5.486369954373412 0
-39.44682684797127 5.070052419724773 0
-34.83181482593834 -23.61631123742508 0
-57.54783074233348 -20.94406621280662 0
-2.234617303522503 15.76963322412512 0
-36.78590453814419 13.19098283091687 0
-5.034960709835167 -64.67938203207069 0
-27.29135310299258 26.07205393244782 0
10.22217398933262 -3.25000000000208 0
7.437266666245335 -65.05979192057423 0
-58.10206601375233 -19.02295363380451 0
10.88950900861025 6.020636304665304 0
10.66485989061483 6.535153876910147 0
-57.39950076390222 -21.42143882491747 0
-35.55370632023582 -22.29351224925419 0
-36.57328830107794 13.64760166542687 0
-39.54500428267166 4.576041561099335 0
-27.66542938803252 25.73457269452351 0
-5.530595877974364 -64.61432259541438 0
-34.58270951452894 -24.04753452424048 0
7.935959930834334 -65.02526491864931 0
-16.0855325817379 -15.81177758158271 0
-58.23079282247653 -18.53992598428462 0
-36.40371472943221 14.06920141946655 0
-57.24727242089141 -21.89758261059008 0
-28.0350348645543 25.39222127687303 0
-35.78314429052782 -21.84541891563691 0
-12.73007003572629 -20.00812420269127 0
-6.025714659348663 -64.54544336858986 0
8.434374600787065 -64.98692588054064 0
-17.16424075424639 -15.00445408127371 0
-39.63698415022866 4.080911436314833 0
-36.19163928265326 14.51258844148077 0
-57.09114717194079 -22.37246286075814 0
-28.40009403346159 25.04503541302173 0
-58.35553823022583 -18.05585484700513 0
-17.21017286160466 -14.12716737675102 0
-15.90822850634898 -16.7276609971601 0
-34.32740280567516 -24.47625976396802 0
-4.370957029238412 15.69121088271474 0
8.932480901375524 -64.94476958744609 0
-6.520288200979815 -64.47275246335396 0
-36.00722103189678 -21.39461432588476 0
-35.94763539329935 14.9696540169138 0
-28.76053661219587 24.69306430413556 0
-20.04265477150724 2.725444936151308 0
-39.72280449277831 3.584732678568082 0
-56.93112977003414 -22.84604577029715 0
-4.894611515365879 15.63901209159054 0
-15.61811961141675 -17.11599383085873 0
-58.47629671287952 -17.5707737239963 0
-35.68239643676391 15.43451198607473 0
-15.78850882094164 -16.24391813316317 0
9.430249600187897 -64.89879811653971 0
-29.11630318761631 24.33645947880893 0
-16.84118615215774 9.089358714716623 0
-7.014287462411291 -64.39625617095355 0
-34.0668129075847 -24.90200289619654 0
-36.22590168290785 -20.94121607608759 0
-35.42400353579087 15.88788804641204 0
-56.76724649778195 -23.31830491842415 0
-29.46737156546865 23.97527365115663 0
-16.38068810958153 -15.41749878787854 0
-39.80245308705043 3.087550991105032 0
-58.59306953062735 -17.08471772427787 0
9.927652227651482 -64.84902160779257 0
-35.17714153740782 16.32682828308625 0
-6.427062684374551 15.41218142797731 0
-29.81369460591237 23.60954376771603 0
-4.182658377714058 -24.63517501047903 0
-7.507682975876934 -64.31595794824403 0
-34.92469057235345 16.7625958152238 0
-36.43917306501069 -20.48529225254642 0
-56.59952866227538 -23.78921593813703 0
-30.15520108122783 23.23931082804564 0
-16.41510142992544 9.630337358916409 0
-33.7927164261966 -25.32761535319496 0
10.42466101294633 -64.79545499133948 0
-34.66663265547755 17.19508807083459 0
-58.70585587445355 -16.59772123631634 0
-39.89906955622473 2.643287208178252 0
-30.49181878677967 22.86462186475433 0
-8.000443652492299 -64.23185202562691 0
-34.40303348946409 17.6241914141248 0
-2.912497797454972 16.20502280292523 0
-30.82349644771248 22.48562640242299 0
-56.42799133622674 -24.25874911339278 0
-4.671181066186523 -24.47732960057994 0
-36.64701693106428 -20.0269058388471 0
-34.13395619206855 18.04985458525201 0
10.50553551602359 7.080731752230565 0
10.9212482091215 -64.73811145302649 0
-3.866634330148877 15.74483100107049 0
-31.15022030740335 22.10238484342912 0
-33.85945604732617 18.47202289117779 0
-31.47194854238122 21.71493836175794 0
-3.693209200596643 -24.77052042581681 0
-58.81465284195502 -16.10981800615313 0
-33.57955778393256 18.89065106832038 0
-33.50537144327296 -25.75366617571713 0
-39.97215561694202 2.157186862034297 0
-31.78861470895619 21.32333292712853 0
-33.29425252106936 19.30565272187703 0
-8.492537177857759 -64.14392697586281 0
-32.10014652496935 20.92761489446174 0
-33.00359548587121 19.71689826352049 0
-32.40649472597691 20.52792663104204 0
-5.849812370342129 -44.37469265828988 0
-32.70765585971068 20.12433974880449 0
-56.25264456643477 -24.72687298592568 0
-36.84938716094553 -19.56610539877481 0
11.41738524337045 -64.67699550139939 0
-38.69681104949922 42.51409624164133 0
-38.3077515063948 42.82830846084272 0
-58.91945541167632 -15.62104120690423 0
-40.0361215351863 1.663416582675012 0
-8.983932755569317 -64.05218149136564 0
-6.341675806473229 -44.269492698985 0
-6.911795738088411 15.30225808358334 0
-56.07349640350521 -25.19355528916289 0
-33.21993971565161 -26.17346272927706 0
-37.04622381246175 -19.10289564413912 0
-20.71977741480249 -5.553624846025262 0
-39.08309895658267 42.19715121783251 0
-5.359500444197945 -44.47194597221134 0
-12.32472744824142 -20.33632977721435 0
-11.91910768567831 -20.64481421378414 0
-3.329725188497949 16.26664281229202 0
-37.91597130637162 43.13878210632673 0
-40.09339777869658 1.167747373243891 0
-59.02025612756081 -15.13142345779185 0
-9.474601729054234 -63.95662618029198 0
-20.62763104616739 -6.231240565561903 0
-55.89055293881187 -25.65876287994331 0
-37.2374905598618 -18.63738029841585 0
-6.832119513557836 -44.1577401028615 0
-17.88465582049936 -14.01375895683928 0
-39.46660476480208 41.87651292377603 0
-32.93450168344463 -26.58791186666746 0
-40.13319457805127 0.6474317505540022 0
-37.52150103576645 43.44583068802319 0
-5.159614325551912 -24.30346529077983 0
-59.11703164483321 -14.64099432622066 0
-9.964516052243525 -63.85727417288603 0
-55.70381833618801 -26.12246167441959 0
-4.870166475467141 -44.56483940830805 0
-37.42317241366288 -18.16964859617892 0
-3.20269912982535 -24.89932056819661 0
-39.84731057613318 41.55255493054963 0
-7.32128920902877 -44.04051273354627 0
-40.15918757182686 0.1086465375509881 0
-32.64422567526311 -26.99891699542564 0
-37.60325898686116 -17.69976711793197 0
-55.51329759791192 -26.58461772116597 0
-59.20975360850747 -14.14978273382461 0
-37.1243743778376 43.74943578010338 0
-20.23423809370088 2.055957583086906 0
-4.373887149115686 -44.64890461313448 0
-40.22519631386833 41.22531178660466 0
-40.18603033134098 -0.4142978486067883 0
-7.809100272544078 -43.91783086762822 0
-37.7777315412621 -17.22779900916357 0
-32.34917723132821 -27.40644386798001 0
-55.31901402964392 -27.04520466320826 0
-59.29841510949561 -13.6578220089521 0
-36.724623314019 44.04957694622141 0
-40.21594260470193 -0.9167320767187543 0
-40.60023302453506 40.8948073723763 0
-37.96006225862073 -16.81392960245925 0
-11.29696962901617 13.54379396912878 0
10.15786361565532 8.020135729968933 0
-8.295476396859108 -43.78972961399565 0
-3.871255161585514 -44.7249451887977 0
-55.12100113171373 -27.50420071405604 0
-40.23964488415461 -1.419432887642671 0
-32.04940578833553 -27.81047835521118 0
-59.38302011568862 -13.16514744568202 0
-36.32227687070063 44.34622985033462 0
-38.12653178333084 -16.35180988213865 0
-40.97238984893907 40.56106348021576 0
-40.25717362139292 -1.922366687217576 0
-8.780364462532491 -43.65623334567081 0
-54.9192792354327 -27.96157884734444 0
-38.28557229652002 -15.880020276518 0
-3.370867398229269 -44.79677712671891 0
-31.74494331656682 -28.21096484424116 0
-59.46357046648465 -12.67179373690222 0
-40.26851931505023 -2.425468533077797 0
-41.34163409757851 40.22410005285513 0
-35.91735431088433 44.63935648812211 0
-11.50182431970216 -20.95624188219765 0
-38.43858599294171 -15.40505527770076 0
-54.71386084205479 -28.41730876111132 0
-9.263702755508708 -43.51733630828976 0
-6.119625927539597 -23.93291097067672 0
-40.27366338372127 -2.928668359400664 0
-2.686471499092508 -25.01833549920748 0
-38.58579782075453 -14.92806131955948 0
-31.43581682417241 -28.60784337279806 0
-59.5400658511819 -12.17779505224151 0
-2.872590988630407 -44.86454819320738 0
-41.70793117497643 39.88393526471558 0
-40.27258140450964 -3.431892065523149 0
-35.50987386899464 44.92891676892345 0
-54.50475652395083 -28.87135924081405 0
-10.66129980832052 -21.53433855276383 0
-5.647297942671652 -24.12319437914667 0
-38.72001483880231 -14.52189570798088 0
-9.745432827422112 -43.37304199918421 0
33.54509757001897 -33.8429498967989 0
-11.09485589041764 -21.24651367473352 0
19.39296026034845 50.37316389462312 0
-40.26528499023723 -3.935013308630989 0
-38.86017896848281 -13.85420724154545 0
18.93643656617887 50.57719915053123 0
33.16317651094106 -34.16976771716394 0
-31.17956848873337 -28.98218304974821 0
-59.61250378681126 -11.6831851185208 0
-40.2518385146868 -4.437981355746426 0
-42.07124723841744 39.54058844212273 0
-38.97136796609802 -13.39798953529253 0
-7.020316579895258 -23.52508611997024 0
-54.29197496612525 -29.32369809472248 0
-2.373620984099738 -44.92681469130227 0
11.21083377208928 -1.034277198746135 0
-35.09986724593725 45.21488891540507 0
-10.2255233726602 -43.22334327453557 0
-40.23224867077121 -4.940742566017041 0
-39.08926660367729 -12.89590858385542 0
19.84725291040403 50.1640747329477 0
-40.20650520459962 -5.443226904680198 0
18.47896236137753 50.77776538127907 0
33.92053431442272 -33.51373755579934 0
-39.20579363931413 -12.40650964631875 0
32.77662067965387 -34.49112149249981 0
-30.87462027009041 -29.36758324305598 0
-59.68087959008804 -11.18799730069179 0
-42.43156513081708 39.19409642932808 0
-40.17459048256077 -5.945363359924353 0
-39.31642622604623 -11.91575752491209 0
-54.07552300457105 -29.77429208826457 0
-40.13649709510666 -6.447046483909141 0
-10.70388486270459 -43.06827139712598 0
-39.42111306430134 -11.42368845668254 0
-7.574260828508481 -22.85476959955973 0
-34.68737224201188 45.49725993568848 0
-1.874013403223406 -44.98356278631114 0
-40.09227935283847 -6.948187676945542 0
-39.51980246321289 -10.93035808149869 0
11.57091558142545 0.4946756034654425 0
-40.04197777212851 -7.448753943185524 0
-39.61248470446791 -10.43588335288691 0
-39.98559045949952 -7.948676066046477 0
-39.69916715434979 -9.940336200954954 0
18.01914531355529 50.97385995176688 0
20.29949710075896 49.95109603480275 0
-39.77985061684377 -9.443785937572519 0
-39.92310823042071 -8.447883516430565 0
-30.55776865793096 -29.75172430979612 0
-39.85452054336377 -8.946293222178655 0
32.3867479961352 -34.80839128174304 0
-42.78887516071489 38.84450338186237 0
-53.85540689750613 -30.22310749277246 0
-59.74517474546992 -10.69226322645097 0
34.29245670701225 -33.18824710943271 0
-11.18044894438052 -42.90786349389473 0
-17.40516346277864 -14.77444479605287 0
-34.27242506876355 45.77601498238861 0
8.994696405739189 -25.03834156211552 0
-1.373823909954771 -45.03477256622149 0
-30.23519753897259 -30.13251577055692 0
8.327654654792646 10.85444627464844 0
17.55752847351291 51.16567927813684 0
-43.14315531598888 38.49184020231079 0
-11.65516346068489 -42.74214736533388 0
20.74973985057551 49.73391834007587 0
31.99360578845065 -35.12154739154553 0
-59.80536146748987 -10.19601365698291 0
-6.56652985181517 -23.74613061365569 0
8.546021101507579 -25.1361848189346 0
34.66171135274137 -32.84177964475787 0
-29.90797397192638 -30.50956388446632 0
-33.85506030491567 46.05113711002323 0
-0.8731405103155516 -45.08043954668106 0
-12.12796555760286 -42.57112103766376 0
17.09414909940308 51.35320077582595 0
-43.49437784950121 38.13613181084428 0
-7.305774158991486 15.22930936970746 0
31.59721951181401 -35.43053913984917 0
-59.86143139552406 -9.699282077430194 0
21.1979378213514 49.51255160041006 0
-9.780850927219719 -21.58739495685769 0
-29.57630392410429 -30.88275029698189 0
-7.120018938034123 -23.06465287931631 0
-12.59879719955614 -42.39478785663255 0
35.02825927326324 -32.49090704534827 0
-33.4353109688338 46.32260720929449 0
-0.3720337492125471 -45.12056841346165 0
8.040014940877848 11.67061808197809 0
16.6290497907714 51.53641494706003 0
-43.84251313399931 37.77740135957624 0
31.19763223620411 -35.73533692959513 0
-59.91339111745124 -9.202103738549825 0
-29.24025533774254 -31.25200798705735 0
-9.594676051814499 -22.26645433265177 0
-13.06762475562755 -42.21314609957054 0
21.64405290070886 49.28701662308487 0
-2.179083268829012 -25.12824674372014 0
-1.716294532071961 -25.22335396189201 0
35.37166451081176 -32.16043682142192 0
11.25350691750774 2.927014774269718 0
-33.01320504443687 46.59039825090061 0
0.08127608809988077 -45.16022353942969 0
-44.18752958080895 37.41567033447739 0
-28.89988388319552 -31.61729775424005 0
16.16227750400671 51.71532415928299 0
-8.304533350900197 -23.02086172430331 0
-13.47268787152112 -42.06642838170027 0
30.82098944442693 -36.02061409051226 0
-8.48029080044687 -22.37702764792874 0
-10.86083204436943 13.769407628144 0
-17.07316505104436 -15.2962635478292 0
22.0880512571074 49.05734256588469 0
-28.61736160077493 -31.93514415184791 0
$EndNodes
$Elements
1 8111 1 8111
2 1 2 8111
1 1334 4273 1333 
2 3266 3267 2336 
3 5040 5041 573 
4 5445 5912 5444 
5 2992 2993 2609 
6 4181 4182 1425 
7 3539 3540 2064 
8 4292 6683 4291 
9 3857 3858 1747 
10 4594 4595 1014 
11 603 5010 602 
12 3780 3781 1824 
13 5445 5938 5912 
14 5010 5011 602 
15 1015 4594 1014 
16 2336 3267 2335 
17 3605 3606 1998 
18 1425 4182 1424 
19 2957 2958 2644 
20 1748 3857 1747 
21 4625 4626 984 
22 3993 3994 1612 
23 680 4932 679 
24 4932 4933 679 
25 2064 3540 2063 
26 2610 2992 2609 
27 5942 5946 5441 
28 1469 6391 1468 
29 4726 4727 883 
30 1824 3781 1823 
31 884 4726 883 
32 1999 3605 1998 
33 984 4626 983 
34 1612 3994 1611 
35 666 4947 665 
36 4078 4079 1527 
37 769 4842 768 
38 4946 4947 666 
39 2644 2958 2643 
40 4842 4843 768 
41 4128 6406 4127 
42 5442 5942 5441 
43 3318 3319 2284 
44 5075 538 539 
45 1528 4078 1527 
46 4495 4496 1113 
47 572 5042 571 
48 2285 3318 2284 
49 5076 538 5075 
50 768 4844 767 
51 4843 4844 768 
52 1113 4496 1112 
53 5041 5042 572 
54 4348 4349 1259 
55 2991 2992 2610 
56 5481 5957 5480 
57 3267 3268 2335 
58 4272 4273 1334 
59 1259 4349 1258 
60 4443 4444 1164 
61 3856 3857 1748 
62 1165 4443 1164 
63 1335 4272 1334 
64 3540 3541 2063 
65 2611 2991 2610 
66 2958 2959 2643 
67 2335 3268 2334 
68 3604 3605 1999 
69 4293 6663 4292 
70 3781 3782 1823 
71 1480 6418 1479 
72 1749 3856 1748 
73 4741 4742 869 
74 4182 4183 1424 
75 2063 3541 2062 
76 2000 3604 1999 
77 1468 6404 1467 
78 5074 539 540 
79 2643 2959 2642 
80 869 4742 868 
81 1823 3782 1822 
82 3317 3318 2285 
83 3994 3995 1611 
84 571 5043 570 
85 1424 4183 1423 
86 4593 4594 1015 
87 604 5009 603 
88 1016 4593 1015 
89 4077 4078 1528 
90 5009 5010 603 
91 5075 539 5074 
92 1611 3995 1610 
93 2286 3317 2285 
94 1529 4077 1528 
95 5042 5043 571 
96 665 4948 664 
97 4725 4726 884 
98 4947 4948 665 
99 885 4725 884 
100 4626 4627 983 
101 2990 2991 2611 
102 681 4931 680 
103 4931 4932 680 
104 983 4627 982 
105 3268 3269 2334 
106 1481 6422 1480 
107 2612 2990 2611 
108 770 4841 769 
109 4841 4842 769 
110 4496 4497 1112 
111 2959 2960 2642 
112 5073 540 541 
113 3855 3856 1749 
114 3603 3604 2000 
115 2334 3269 2333 
116 3541 3542 2062 
117 4271 4272 1335 
118 1112 4497 1111 
119 4349 4350 1258 
120 570 5044 569 
121 767 4845 766 
122 4844 4845 767 
123 1750 3855 1749 
124 4294 6649 4293 
125 4442 4443 1165 
126 2001 3603 2000 
127 1336 4271 1335 
128 3316 3317 2286 
129 2642 2960 2641 
130 3782 3783 1822 
131 1258 4350 1257 
132 2062 3542 2061 
133 1166 4442 1165 
134 5074 540 5073 
135 1467 6419 1466 
136 5043 5044 570 
137 2287 3316 2286 
138 1822 3783 1821 
139 4183 4184 1423 
140 3995 3996 1610 
141 2989 2990 2612 
142 4076 4077 1529 
143 1423 4184 1422 
144 1482 6428 1481 
145 1610 3996 1609 
146 1530 4076 1529 
147 605 5008 604 
148 4592 4593 1016 
149 542 5072 541 
150 5008 5009 604 
151 2613 2989 2612 
152 1017 4592 1016 
153 4742 4743 868 
154 3269 3270 2333 
155 664 4949 663 
156 569 5045 568 
157 4948 4949 664 
158 868 4743 867 
159 2960 2961 2641 
160 541 5072 5073 
161 2333 3270 2332 
162 3602 3603 2001 
163 4724 4725 885 
164 3854 3855 1750 
165 886 4724 885 
166 3315 3316 2287 
167 5044 5045 569 
168 2641 2961 2640 
169 3542 3543 2061 
170 2002 3602 2001 
171 4627 4628 982 
172 1751 3854 1750 
173 682 4930 681 
174 4295 6637 4294 
175 4930 4931 681 
176 2288 3315 2287 
177 4270 4271 1336 
178 1466 6425 1465 
179 982 4628 981 
180 3783 3784 1821 
181 2061 3543 2060 
182 4497 4498 1111 
183 1337 4270 1336 
184 1483 6437 1482 
185 2988 2989 2613 
186 543 5071 542 
187 4441 4442 1166 
188 4350 4351 1257 
189 771 4840 770 
190 4840 4841 770 
191 1821 3784 1820 
192 5483 6777 5776 
193 568 5046 567 
194 1111 4498 1110 
195 1167 4441 1166 
196 1257 4351 1256 
197 766 4846 765 
198 4845 4846 766 
199 2614 2988 2613 
200 4075 4076 1530 
201 5071 5072 542 
202 3996 3997 1609 
203 4184 4185 1422 
204 5045 5046 568 
205 1531 4075 1530 
206 3270 3271 2332 
207 2961 2962 2640 
208 1609 3997 1608 
209 1422 4185 1421 
210 606 5007 605 
211 663 4950 662 
212 3314 3315 2288 
213 5007 5008 605 
214 3601 3602 2002 
215 2332 3271 2331 
216 4591 4592 1017 
217 2640 2962 2639 
218 4949 4950 663 
219 544 5070 543 
220 1484 6444 1483 
221 567 5047 566 
222 1018 4591 1017 
223 3853 3854 1751 
224 2003 3601 2002 
225 2289 3314 2288 
226 3543 3544 2060 
227 1752 3853 1751 
228 2987 2988 2614 
229 1465 6432 1464 
230 4296 6625 4295 
231 5070 5071 543 
232 2060 3544 2059 
233 4743 4744 867 
234 5046 5047 567 
235 3784 3785 1820 
236 4723 4724 886 
237 4269 4270 1337 
238 2615 2987 2614 
239 887 4723 886 
240 867 4744 866 
241 1338 4269 1337 
242 1820 3785 1819 
243 566 5048 565 
244 545 5069 544 
245 5892 6038 5719 
246 4628 4629 981 
247 2962 2963 2639 
248 4440 4441 1167 
249 1485 6450 1484 
250 4074 4075 1531 
251 683 4929 682 
252 4351 4352 1256 
253 3271 3272 2331 
254 4929 4930 682 
255 1168 4440 1167 
256 4498 4499 1110 
257 981 4629 980 
258 1532 4074 1531 
259 3997 3998 1608 
260 3313 3314 2289 
261 1256 4352 1255 
262 1110 4499 1109 
263 2639 2963 2638 
264 5047 5048 566 
265 5069 5070 544 
266 772 4839 771 
267 4185 4186 1421 
268 3600 3601 2003 
269 2331 3272 2330 
270 4839 4840 771 
271 765 4847 764 
272 4846 4847 765 
273 1608 3998 1607 
274 2290 3313 2289 
275 607 5006 606 
276 1421 4186 1420 
277 2986 2987 2615 
278 565 5049 564 
279 662 4951 661 
280 546 5068 545 
281 2004 3600 2003 
282 3852 3853 1752 
283 1464 6442 1463 
284 5006 5007 606 
285 3544 3545 2059 
286 4950 4951 662 
287 1753 3852 1752 
288 2616 2986 2615 
289 4297 6612 4296 
290 4590 4591 1018 
291 2059 3545 2058 
292 1486 6456 1485 
293 1019 4590 1018 
294 5048 5049 565 
295 5068 5069 545 
296 3785 3786 1819 
297 547 5067 546 
298 2963 2964 2638 
299 564 5050 563 
300 4268 4269 1338 
301 5962 6045 5845 
302 1819 3786 1818 
303 1339 4268 1338 
304 3272 3273 2330 
305 5946 5948 5440 
306 3312 3313 2290 
307 2638 2964 2637 
308 4073 4074 1532 
309 4722 4723 887 
310 888 4722 887 
311 5049 5050 564 
312 4439 4440 1168 
313 5067 5068 546 
314 1533 4073 1532 
315 3599 3600 2004 
316 2330 3273 2329 
317 2985 2986 2616 
318 548 5066 547 
319 4744 4745 866 
320 2291 3312 2290 
321 563 5051 562 
322 1487 6465 1486 
323 1169 4439 1168 
324 3998 3999 1607 
325 1463 6445 1462 
326 4352 4353 1255 
327 866 4745 865 
328 2005 3599 2004 
329 2617 2985 2616 
330 5441 5946 5440 
331 4629 4630 980 
332 1607 3999 1606 
333 3851 3852 1753 
334 5776 5896 5483 
335 4499 4500 1109 
336 6050 6060 5414 
337 3545 3546 2058 
338 4186 4187 1420 
339 684 4928 683 
340 1255 4353 1254 
341 4928 4929 683 
342 661 4952 660 
343 608 5005 607 
344 5414 6060 5413 
345 980 4630 979 
346 1754 3851 1753 
347 1109 4500 1108 
348 4951 4952 661 
349 549 5065 548 
350 5066 5067 547 
351 4298 6601 4297 
352 1420 4187 1419 
353 562 5052 561 
354 5005 5006 607 
355 5050 5051 563 
356 764 4848 763 
357 2058 3546 2057 
358 4847 4848 764 
359 2964 2965 2637 
360 773 4838 772 
361 4838 4839 772 
362 3786 3787 1818 
363 1488 6473 1487 
364 561 5053 560 
365 550 5064 549 
366 4589 4590 1019 
367 5892 5893 5723 
368 2637 2965 2636 
369 5463 5937 5812 
370 3273 3274 2329 
371 3311 3312 2291 
372 5065 5066 548 
373 1020 4589 1019 
374 5051 5052 562 
375 1818 3787 1817 
376 2984 2985 2617 
377 4267 4268 1339 
378 560 5054 559 
379 1340 4267 1339 
380 4072 4073 1533 
381 2292 3311 2291 
382 2329 3274 2328 
383 3598 3599 2005 
384 551 5063 550 
385 1462 6452 1461 
386 6060 6068 5412 
387 2618 2984 2617 
388 1534 4072 1533 
389 5052 5053 561 
390 2006 3598 2005 
391 5413 6060 5412 
392 5064 5065 549 
393 559 5055 558 
394 552 5062 551 
395 4438 4439 1169 
396 3999 4000 1606 
397 3546 3547 2057 
398 3850 3851 1754 
399 553 5061 552 
400 1170 4438 1169 
401 558 5056 557 
402 1489 6480 1488 
403 4721 4722 888 
404 5464 5937 5463 
405 889 4721 888 
406 5053 5054 560 
407 554 5060 553 
408 660 4953 659 
409 1606 4000 1605 
410 2965 2966 2636 
411 5063 5064 550 
412 1755 3850 1754 
413 557 5057 556 
414 4299 6592 4298 
415 2057 3547 2056 
416 609 5004 608 
417 555 5059 554 
418 4353 4354 1254 
419 556 5058 555 
420 4952 4953 660 
421 4187 4188 1419 
422 5004 5005 608 
423 5054 5055 559 
424 1254 4354 1253 
425 2636 2966 2635 
426 5062 5063 551 
427 4745 4746 865 
428 1419 4188 1418 
429 4500 4501 1108 
430 2983 2984 2618 
431 685 4927 684 
432 3310 3311 2292 
433 3274 3275 2328 
434 4927 4928 684 
435 4630 4631 979 
436 763 4849 762 
437 865 4746 864 
438 5055 5056 558 
439 3787 3788 1817 
440 4848 4849 763 
441 5061 5062 552 
442 1108 4501 1107 
443 979 4631 978 
444 2293 3310 2292 
445 2619 2983 2618 
446 4335 6715 4334 
447 5060 5061 553 
448 2328 3275 2327 
449 3597 3598 2006 
450 5056 5057 557 
451 1461 6461 1460 
452 5463 5812 5462 
453 1490 6489 1489 
454 1817 3788 1816 
455 5059 5060 554 
456 4266 4267 1340 
457 5057 5058 556 
458 5447 5891 5446 
459 5058 5059 555 
460 774 4837 773 
461 4837 4838 773 
462 4071 4072 1534 
463 4588 4589 1020 
464 2007 3597 2006 
465 1341 4266 1340 
466 1021 4588 1020 
467 1535 4071 1534 
468 5689 6045 5962 
469 5891 5938 5446 
470 3547 3548 2056 
471 2966 2967 2635 
472 3849 3850 1755 
473 4000 4001 1605 
474 659 4954 658 
475 1756 3849 1755 
476 4437 4438 1170 
477 2056 3548 2055 
478 4300 6581 4299 
479 2982 2983 2619 
480 4334 6703 4333 
481 2635 2967 2634 
482 610 5003 609 
483 1171 4437 1170 
484 1605 4001 1604 
485 4953 4954 659 
486 1491 6498 1490 
487 3309 3310 2293 
488 5003 5004 609 
489 3275 3276 2327 
490 2620 2982 2619 
491 4720 4721 889 
492 5447 5930 5891 
493 4188 4189 1418 
494 890 4720 889 
495 4354 4355 1253 
496 2294 3309 2293 
497 1460 6472 1459 
498 2327 3276 2326 
499 3596 3597 2007 
500 1418 4189 1417 
501 3788 3789 1816 
502 1253 4355 1252 
503 5821 5828 5451 
504 2008 3596 2007 
505 1816 3789 1815 
506 686 4926 685 
507 762 4850 761 
508 4501 4502 1107 
509 4926 4927 685 
510 4849 4850 762 
511 4070 4071 1535 
512 4333 6688 4332 
513 4265 4266 1341 
514 2967 2968 2634 
515 4631 4632 978 
516 1107 4502 1106 
517 1492 6510 1491 
518 1536 4070 1535 
519 4746 4747 864 
520 1342 4265 1341 
521 3548 3549 2055 
522 3848 3849 1756 
523 2981 2982 2620 
524 978 4632 977 
525 4587 4588 1021 
526 864 4747 863 
527 2634 2968 2633 
528 658 4955 657 
529 1022 4587 1021 
530 1757 3848 1756 
531 2055 3549 2054 
532 3308 3309 2294 
533 775 4836 774 
534 4836 4837 774 
535 4954 4955 658 
536 4301 6571 4300 
537 611 5002 610 
538 2621 2981 2620 
539 4001 4002 1604 
540 3276 3277 2326 
541 5002 5003 610 
542 4436 4437 1171 
543 2295 3308 2294 
544 1604 4002 1603 
545 1459 6481 1458 
546 1172 4436 1171 
547 4332 6675 4331 
548 2326 3277 2325 
549 3595 3596 2008 
550 1493 6519 1492 
551 2009 3595 2008 
552 3789 3790 1815 
553 4189 4190 1417 
554 2968 2969 2633 
555 1417 4190 1416 
556 4355 4356 1252 
557 1815 3790 1814 
558 4719 4720 890 
559 5446 5938 5445 
560 2980 2981 2621 
561 891 4719 890 
562 4069 4070 1536 
563 1252 4356 1251 
564 3549 3550 2054 
565 4264 4265 1342 
566 2633 2969 2632 
567 761 4851 760 
568 3847 3848 1757 
569 657 4956 656 
570 1537 4069 1536 
571 4850 4851 761 
572 687 4925 686 
573 2622 2980 2621 
574 4925 4926 686 
575 3307 3308 2295 
576 1343 4264 1342 
577 1494 6537 1493 
578 1758 3847 1757 
579 4331 6654 4330 
580 4502 4503 1106 
581 4955 4956 657 
582 2054 3550 2053 
583 612 5001 611 
584 3277 3278 2325 
585 2296 3307 2295 
586 4302 6562 4301 
587 1106 4503 1105 
588 1458 6494 1457 
589 5001 5002 611 
590 4586 4587 1022 
591 4002 4003 1603 
592 4632 4633 977 
593 2325 3278 2324 
594 3594 3595 2009 
595 1023 4586 1022 
596 5717 5889 5777 
597 5766 5904 5726 
598 5733 6008 5560 
599 4747 4748 863 
600 977 4633 976 
601 1603 4003 1602 
602 2010 3594 2009 
603 4435 4436 1172 
604 863 4748 862 
605 171 5828 5821 
606 2969 2970 2632 
607 5439 5948 5947 
608 4835 4836 775 
609 776 4835 775 
610 1173 4435 1172 
611 2979 2980 2622 
612 6044 6050 5415 
613 3790 3791 1814 
614 4330 6642 4329 
615 1814 3791 1813 
616 4190 4191 1416 
617 2632 2970 2631 
618 656 4957 655 
619 2623 2979 2622 
620 3306 3307 2296 
621 5415 6050 5414 
622 3550 3551 2053 
623 3846 3847 1758 
624 4068 4069 1537 
625 1416 4191 1415 
626 4956 4957 656 
627 613 5000 612 
628 4356 4357 1251 
629 1538 4068 1537 
630 1759 3846 1758 
631 4263 4264 1343 
632 2297 3306 2296 
633 1457 6501 1456 
634 3278 3279 2324 
635 2053 3551 2052 
636 4718 4719 891 
637 760 4852 759 
638 5440 5948 5439 
639 1251 4357 1250 
640 1344 4263 1343 
641 5000 5001 612 
642 4851 4852 760 
643 892 4718 891 
644 4303 6553 4302 
645 688 4924 687 
646 2324 3279 2323 
647 4924 4925 687 
648 3593 3594 2010 
649 4329 6628 4328 
650 2011 3593 2010 
651 4003 4004 1602 
652 4503 4504 1105 
653 2978 2979 2623 
654 2970 2971 2631 
655 5688 5856 5845 
656 1602 4004 1601 
657 4585 4586 1023 
658 1105 4504 1104 
659 1024 4585 1023 
660 2624 2978 2623 
661 3791 3792 1813 
662 655 4958 654 
663 2631 2971 2630 
664 4434 4435 1173 
665 3305 3306 2297 
666 4633 4634 976 
667 1174 4434 1173 
668 1813 3792 1812 
669 4957 4958 655 
670 614 4999 613 
671 1456 6515 1455 
672 3845 3846 1759 
673 976 4634 975 
674 3551 3552 2052 
675 2298 3305 2297 
676 4328 6613 4327 
677 6068 6071 5411 
678 4748 4749 862 
679 4191 4192 1415 
680 4067 4068 1538 
681 3279 3280 2323 
682 1760 3845 1759 
683 4999 5000 613 
684 4834 4835 776 
685 777 4834 776 
686 2052 3552 2051 
687 862 4749 861 
688 1539 4067 1538 
689 1415 4192 1414 
690 6161 6167 5380 
691 5412 6068 5411 
692 5380 6167 5379 
693 4262 4263 1344 
694 2323 3280 2322 
695 3592 3593 2011 
696 4304 6544 4303 
697 2977 2978 2624 
698 1345 4262 1344 
699 4357 4358 1250 
700 759 4853 758 
701 4852 4853 759 
702 2971 2972 2630 
703 2012 3592 2011 
704 5723 6038 5892 
705 1250 4358 1249 
706 689 4923 688 
707 4717 4718 892 
708 2625 2977 2624 
709 4923 4924 688 
710 654 4959 653 
711 4327 6600 4326 
712 893 4717 892 
713 4004 4005 1601 
714 2630 2972 2629 
715 3304 3305 2298 
716 1455 6529 1454 
717 4958 4959 654 
718 1601 4005 1600 
719 615 4998 614 
720 3792 3793 1812 
721 2299 3304 2298 
722 5812 5887 5462 
723 4504 4505 1104 
724 4584 4585 1024 
725 1812 3793 1811 
726 4998 4999 614 
727 3844 3845 1760 
728 3552 3553 2051 
729 3280 3281 2322 
730 1025 4584 1024 
731 1104 4505 1103 
732 4433 4434 1174 
733 1761 3844 1760 
734 1175 4433 1174 
735 4066 4067 1539 
736 2051 3553 2050 
737 2976 2977 2625 
738 2322 3281 2321 
739 4326 6590 4325 
740 3591 3592 2012 
741 1540 4066 1539 
742 4305 6538 4304 
743 4192 4193 1414 
744 4634 4635 975 
745 2972 2973 2629 
746 6144 6435 5725 
747 653 4960 652 
748 2013 3591 2012 
749 2626 2976 2625 
750 4261 4262 1345 
751 1414 4193 1413 
752 975 4635 974 
753 1454 6542 1453 
754 1346 4261 1345 
755 758 4854 757 
756 3303 3304 2299 
757 4959 4960 653 
758 2629 2973 2628 
759 4853 4854 758 
760 616 4997 615 
761 4749 4750 861 
762 4833 4834 777 
763 778 4833 777 
764 4358 4359 1249 
765 861 4750 860 
766 2300 3303 2299 
767 690 4922 689 
768 4997 4998 615 
769 1249 4359 1248 
770 4005 4006 1600 
771 4922 4923 689 
772 5461 5806 5460 
773 5726 6020 5766 
774 3793 3794 1811 
775 5449 5852 5448 
776 4325 6578 4324 
777 1600 4006 1599 
778 4716 4717 893 
779 3281 3282 2321 
780 3843 3844 1761 
781 894 4716 893 
782 1811 3794 1810 
783 3553 3554 2050 
784 2975 2976 2626 
785 652 4961 651 
786 1762 3843 1761 
787 2321 3282 2320 
788 2050 3554 2049 
789 3590 3591 2013 
790 2973 2974 2628 
791 4065 4066 1540 
792 4583 4584 1025 
793 4306 6526 4305 
794 2627 2975 2626 
795 4432 4433 1175 
796 4505 4506 1103 
797 1453 6549 1452 
798 4960 4961 652 
799 1026 4583 1025 
800 617 4996 616 
801 1541 4065 1540 
802 1176 4432 1175 
803 2014 3590 2013 
804 2628 2974 2627 
805 1103 4506 1102 
806 3302 3303 2300 
807 4193 4194 1413 
808 4996 4997 616 
809 4324 6567 4323 
810 170 6116 169 
811 4260 4261 1346 
812 2301 3302 2300 
813 1413 4194 1412 
814 2974 2975 2627 
815 757 4855 756 
816 1347 4260 1346 
817 4854 4855 757 
818 651 4962 650 
819 4635 4636 974 
820 974 4636 973 
821 691 4921 690 
822 3282 3283 2320 
823 3794 3795 1810 
824 4006 4007 1599 
825 4359 4360 1248 
826 4921 4922 690 
827 4961 4962 651 
828 618 4995 617 
829 3842 3843 1762 
830 1452 6556 1451 
831 3554 3555 2049 
832 4832 4833 778 
833 1248 4360 1247 
834 1599 4007 1598 
835 1810 3795 1809 
836 779 4832 778 
837 6034 6044 5416 
838 2320 3283 2319 
839 1763 3842 1762 
840 4750 4751 860 
841 3589 3590 2014 
842 4307 6513 4306 
843 2049 3555 2048 
844 4323 6554 4322 
845 4995 4996 617 
846 5761 6435 6144 
847 4064 4065 1541 
848 860 4751 859 
849 5438 5947 5944 
850 3301 3302 2301 
851 2015 3589 2014 
852 4715 4716 894 
853 895 4715 894 
854 1542 4064 1541 
855 650 4963 649 
856 4431 4432 1176 
857 2302 3301 2301 
858 4582 4583 1026 
859 1177 4431 1176 
860 5416 6044 5415 
861 1027 4582 1026 
862 5449 5919 5852 
863 4506 4507 1102 
864 4962 4963 650 
865 619 4994 618 
866 4259 4260 1347 
867 4194 4195 1412 
868 756 4856 755 
869 1102 4507 1101 
870 1451 6565 1450 
871 1348 4259 1347 
872 4855 4856 756 
873 1412 4195 1411 
874 3283 3284 2319 
875 4994 4995 618 
876 4322 6547 4321 
877 6167 6171 5378 
878 3795 3796 1809 
879 3841 3842 1763 
880 649 4964 648 
881 3555 3556 2048 
882 692 4920 691 
883 5379 6167 5378 
884 5439 5947 5438 
885 2319 3284 2318 
886 4007 4008 1598 
887 5852 5930 5448 
888 3588 3589 2015 
889 4920 4921 691 
890 1764 3841 1763 
891 1809 3796 1808 
892 1300 6500 1299 
893 3300 3301 2302 
894 2048 3556 2047 
895 1598 4008 1597 
896 4360 4361 1247 
897 5900 6008 5733 
898 4636 4637 973 
899 2016 3588 2015 
900 4963 4964 649 
901 620 4993 619 
902 4063 4064 1542 
903 1247 4361 1246 
904 973 4637 972 
905 2303 3300 2302 
906 5484 6777 5483 
907 1543 4063 1542 
908 5895 6020 5718 
909 4993 4994 619 
910 4831 4832 779 
911 4321 6541 4320 
912 780 4831 779 
913 648 4965 647 
914 4430 4431 1177 
915 6155 6161 5381 
916 4714 4715 895 
917 4751 4752 859 
918 896 4714 895 
919 1178 4430 1177 
920 755 4857 754 
921 4581 4582 1027 
922 3284 3285 2318 
923 4258 4259 1348 
924 5381 6161 5380 
925 859 4752 858 
926 4856 4857 755 
927 621 4992 620 
928 4964 4965 648 
929 1028 4581 1027 
930 4195 4196 1411 
931 5742 6224 5778 
932 6071 6074 5410 
933 1349 4258 1348 
934 4507 4508 1101 
935 2318 3285 2317 
936 3556 3557 2047 
937 3840 3841 1764 
938 3587 3588 2016 
939 1411 4196 1410 
940 3796 3797 1808 
941 3299 3300 2303 
942 693 4919 692 
943 5839 5840 5724 
944 5778 6209 5742 
945 4992 4993 620 
946 1299 6492 1298 
947 1101 4508 1100 
948 4320 6525 4319 
949 1765 3840 1764 
950 647 4966 646 
951 4919 4920 692 
952 2017 3587 2016 
953 2047 3557 2046 
954 4008 4009 1597 
955 1808 3797 1807 
956 2304 3299 2303 
957 5411 6071 5410 
958 1597 4009 1596 
959 4062 4063 1543 
960 622 4991 621 
961 4965 4966 647 
962 1544 4062 1543 
963 4361 4362 1246 
964 1246 4362 1245 
965 646 4967 645 
966 4991 4992 621 
967 4637 4638 972 
968 3285 3286 2317 
969 4319 6512 4318 
970 754 4858 753 
971 972 4638 971 
972 4429 4430 1178 
973 4857 4858 754 
974 623 4990 622 
975 781 4830 780 
976 4830 4831 780 
977 2317 3286 2316 
978 1179 4429 1178 
979 4966 4967 646 
980 4257 4258 1349 
981 3586 3587 2017 
982 3298 3299 2304 
983 5858 6174 6130 
984 3557 3558 2046 
985 5766 6020 5895 
986 3839 3840 1765 
987 5893 6009 5723 
988 4713 4714 896 
989 1350 4257 1349 
990 4580 4581 1028 
991 1298 6482 1297 
992 645 4968 644 
993 2018 3586 2017 
994 897 4713 896 
995 694 4918 693 
996 4196 4197 1410 
997 1766 3839 1765 
998 3797 3798 1807 
999 2305 3298 2304 
1000 2046 3558 2045 
1001 1029 4580 1028 
1002 4990 4991 622 
1003 5451 5828 5450 
1004 4918 4919 693 
1005 5459 5796 5458 
1006 1410 4197 1409 
1007 4752 4753 858 
1008 624 4989 623 
1009 1807 3798 1806 
1010 4009 4010 1596 
1011 4318 6497 4317 
1012 4508 4509 1100 
1013 4967 4968 645 
1014 5578 5964 5577 
1015 858 4753 857 
1016 4061 4062 1544 
1017 1596 4010 1595 
1018 644 4969 643 
1019 1100 4509 1099 
1020 1545 4061 1544 
1021 4989 4990 623 
1022 625 4988 624 
1023 3286 3287 2316 
1024 753 4859 752 
1025 4362 4363 1245 
1026 4968 4969 644 
1027 4858 4859 753 
1028 3297 3298 2305 
1029 643 4970 642 
1030 2316 3287 2315 
1031 3585 3586 2018 
1032 1245 4363 1244 
1033 3558 3559 2045 
1034 4317 6486 4316 
1035 3838 3839 1766 
1036 4988 4989 624 
1037 2019 3585 2018 
1038 2306 3297 2305 
1039 626 4987 625 
1040 1297 6474 1296 
1041 4428 4429 1179 
1042 4256 4257 1350 
1043 1767 3838 1766 
1044 695 4917 694 
1045 4638 4639 971 
1046 2045 3559 2044 
1047 1180 4428 1179 
1048 782 4829 781 
1049 1351 4256 1350 
1050 4829 4830 781 
1051 4969 4970 643 
1052 642 4971 641 
1053 3798 3799 1806 
1054 4917 4918 694 
1055 971 4639 970 
1056 6059 6340 5732 
1057 6021 6034 5417 
1058 4197 4198 1409 
1059 5576 5890 5575 
1060 4579 4580 1029 
1061 1806 3799 1805 
1062 627 4986 626 
1063 4987 4988 625 
1064 4712 4713 897 
1065 6130 6174 5694 
1066 4010 4011 1595 
1067 1409 4198 1408 
1068 1030 4579 1029 
1069 4060 4061 1545 
1070 898 4712 897 
1071 641 4972 640 
1072 5437 5944 5939 
1073 4970 4971 642 
1074 1595 4011 1594 
1075 3287 3288 2315 
1076 1546 4060 1545 
1077 6274 6279 5342 
1078 4316 6477 4315 
1079 5342 6279 5341 
1080 628 4985 627 
1081 752 4860 751 
1082 171 5821 170 
1083 3296 3297 2306 
1084 4986 4987 626 
1085 4509 4510 1099 
1086 640 4973 639 
1087 2315 3288 2314 
1088 3584 3585 2019 
1089 4859 4860 752 
1090 4753 4754 857 
1091 1099 4510 1098 
1092 629 4984 628 
1093 4971 4972 641 
1094 2307 3296 2306 
1095 5481 6876 5957 
1096 2020 3584 2019 
1097 5417 6034 5416 
1098 3559 3560 2044 
1099 857 4754 856 
1100 639 4974 638 
1101 5448 5930 5447 
1102 3837 3838 1767 
1103 1296 6464 1295 
1104 4985 4986 627 
1105 630 4983 629 
1106 4363 4364 1244 
1107 1768 3837 1767 
1108 2044 3560 2043 
1109 638 4975 637 
1110 696 4916 695 
1111 5791 5825 5823 
1112 4972 4973 640 
1113 4255 4256 1351 
1114 5795 6100 6099 
1115 631 4982 630 
1116 1244 4364 1243 
1117 4916 4917 695 
1118 4427 4428 1180 
1119 637 4976 636 
1120 4315 6469 4314 
1121 3799 3800 1805 
1122 1352 4255 1351 
1123 4984 4985 628 
1124 632 4981 631 
1125 1181 4427 1180 
1126 636 4977 635 
1127 783 4828 782 
1128 4973 4974 639 
1129 633 4980 632 
1130 4828 4829 782 
1131 1805 3800 1804 
1132 635 4978 634 
1133 634 4979 633 
1134 5438 5944 5437 
1135 4983 4984 629 
1136 3288 3289 2314 
1137 4198 4199 1408 
1138 4059 4060 1546 
1139 4974 4975 638 
1140 4011 4012 1594 
1141 4639 4640 970 
1142 3295 3296 2307 
1143 751 4861 750 
1144 1408 4199 1407 
1145 6171 6173 5377 
1146 4982 4983 630 
1147 4578 4579 1030 
1148 1547 4059 1546 
1149 2314 3289 2313 
1150 1594 4012 1593 
1151 4975 4976 637 
1152 3583 3584 2020 
1153 970 4640 969 
1154 1031 4578 1030 
1155 4860 4861 751 
1156 4981 4982 631 
1157 4711 4712 898 
1158 2308 3295 2307 
1159 5694 6174 5861 
1160 4976 4977 636 
1161 5457 5793 5456 
1162 899 4711 898 
1163 2021 3583 2020 
1164 4980 4981 632 
1165 5378 6171 5377 
1166 1295 6455 1294 
1167 4977 4978 635 
1168 4314 6458 4313 
1169 3560 3561 2043 
1170 5845 6045 5688 
1171 6150 6155 5382 
1172 4979 4980 633 
1173 3836 3837 1768 
1174 4978 4979 634 
1175 5645 6061 5644 
1176 5806 5877 5460 
1177 697 4915 696 
1178 1769 3836 1768 
1179 2043 3561 2042 
1180 4510 4511 1098 
1181 4915 4916 696 
1182 1098 4511 1097 
1183 5382 6155 5381 
1184 4254 4255 1352 
1185 3800 3801 1804 
1186 4364 4365 1243 
1187 4754 4755 856 
1188 3289 3290 2313 
1189 1353 4254 1352 
1190 6099 6100 5735 
1191 4426 4427 1181 
1192 3294 3295 2308 
1193 5454 5815 5453 
1194 1804 3801 1803 
1195 1243 4365 1242 
1196 167 5984 166 
1197 856 4755 855 
1198 750 4862 749 
1199 1182 4426 1181 
1200 4313 6455 4312 
1201 784 4827 783 
1202 5409 6074 6073 
1203 2313 3290 2312 
1204 4827 4828 783 
1205 4058 4059 1547 
1206 3582 3583 2021 
1207 2309 3294 2308 
1208 4861 4862 750 
1209 168 5804 167 
1210 4012 4013 1593 
1211 4199 4200 1407 
1212 1548 4058 1547 
1213 2022 3582 2021 
1214 1294 6458 1293 
1215 1593 4013 1592 
1216 1407 4200 1406 
1217 5619 5992 5618 
1218 3561 3562 2042 
1219 4577 4578 1031 
1220 3835 3836 1769 
1221 698 4914 697 
1222 1032 4577 1031 
1223 4640 4641 969 
1224 1770 3835 1769 
1225 2042 3562 2041 
1226 4914 4915 697 
1227 5410 6074 5409 
1228 4710 4711 899 
1229 4312 6464 4311 
1230 969 4641 968 
1231 900 4710 899 
1232 5771 6059 5730 
1233 3293 3294 2309 
1234 3290 3291 2312 
1235 5841 5998 5686 
1236 3801 3802 1803 
1237 749 4863 748 
1238 4253 4254 1353 
1239 4511 4512 1097 
1240 2310 3293 2309 
1241 6243 6246 5846 
1242 4862 4863 749 
1243 1803 3802 1802 
1244 2312 3291 2311 
1245 5828 5919 5450 
1246 1354 4253 1353 
1247 3581 3582 2022 
1248 1097 4512 1096 
1249 6279 6282 5340 
1250 4365 4366 1242 
1251 4425 4426 1182 
1252 1293 6469 1292 
1253 4057 4058 1548 
1254 4311 6474 4310 
1255 2023 3581 2022 
1256 5341 6279 5340 
1257 785 4826 784 
1258 1242 4366 1241 
1259 1183 4425 1182 
1260 4826 4827 784 
1261 5461 5887 5806 
1262 1549 4057 1548 
1263 699 4913 698 
1264 4013 4014 1592 
1265 4755 4756 855 
1266 4200 4201 1406 
1267 3834 3835 1770 
1268 3562 3563 2041 
1269 1592 4014 1591 
1270 4913 4914 698 
1271 855 4756 854 
1272 1406 4201 1405 
1273 5821 6116 170 
1274 1771 3834 1770 
1275 2311 3292 2310 
1276 5804 5984 167 
1277 5745 6246 6243 
1278 2041 3563 2040 
1279 748 4864 747 
1280 3292 3293 2310 
1281 4576 4577 1032 
1282 3291 3292 2311 
1283 4310 6482 4309 
1284 6013 6021 5418 
1285 1033 4576 1032 
1286 4863 4864 748 
1287 5480 5957 5781 
1288 3802 3803 1802 
1289 5829 6009 5720 
1290 4709 4710 900 
1291 4641 4642 968 
1292 3580 3581 2023 
1293 1292 6477 1291 
1294 1802 3803 1801 
1295 901 4709 900 
1296 4252 4253 1354 
1297 700 4912 699 
1298 968 4642 967 
1299 2024 3580 2023 
1300 1355 4252 1354 
1301 6270 6274 5343 
1302 4056 4057 1549 
1303 4912 4913 699 
1304 4512 4513 1096 
1305 4309 6492 4308 
1306 786 4825 785 
1307 1550 4056 1549 
1308 4424 4425 1183 
1309 4825 4826 785 
1310 5343 6274 5342 
1311 4366 4367 1241 
1312 5804 5815 5454 
1313 3833 3834 1771 
1314 3563 3564 2040 
1315 4014 4015 1591 
1316 1096 4513 1095 
1317 747 4865 746 
1318 1184 4424 1183 
1319 1241 4367 1240 
1320 1772 3833 1771 
1321 1591 4015 1590 
1322 5418 6021 5417 
1323 4864 4865 747 
1324 2040 3564 2039 
1325 4201 4202 1405 
1326 6583 6584 5684 
1327 1405 4202 1404 
1328 1291 6486 1290 
1329 4308 6500 4307 
1330 701 4911 700 
1331 4756 4757 854 
1332 3803 3804 1801 
1333 3579 3580 2024 
1334 4575 4576 1033 
1335 5437 5939 5436 
1336 854 4757 853 
1337 4911 4912 700 
1338 1034 4575 1033 
1339 1801 3804 1800 
1340 2025 3579 2024 
1341 746 4866 745 
1342 5939 5943 5436 
1343 4251 4252 1355 
1344 5851 5954 5714 
1345 4055 4056 1550 
1346 1356 4251 1355 
1347 4708 4709 901 
1348 4865 4866 746 
1349 1551 4055 1550 
1350 787 4824 786 
1351 3832 3833 1772 
1352 902 4708 901 
1353 3564 3565 2039 
1354 4642 4643 967 
1355 1301 6513 1300 
1356 4824 4825 786 
1357 6146 6150 5383 
1358 5901 6099 5735 
1359 6053 6583 5684 
1360 1773 3832 1772 
1361 4015 4016 1590 
1362 4423 4424 1184 
1363 967 4643 966 
1364 2039 3565 2038 
1365 1185 4423 1184 
1366 702 4910 701 
1367 4513 4514 1095 
1368 4367 4368 1240 
1369 5861 6200 5694 
1370 6173 6175 5376 
1371 1590 4016 1589 
1372 5621 5998 5620 
1373 1290 6497 1289 
1374 1095 4514 1094 
1375 1240 4368 1239 
1376 4202 4203 1404 
1377 4910 4911 701 
1378 5730 6647 5771 
1379 3578 3579 2025 
1380 745 4867 744 
1381 1404 4203 1403 
1382 5777 5964 5717 
1383 5383 6150 5382 
1384 3804 3805 1800 
1385 5702 6384 5872 
1386 1302 6526 1301 
1387 2026 3578 2025 
1388 5377 6173 5376 
1389 4866 4867 745 
1390 1800 3805 1799 
1391 4574 4575 1034 
1392 168 5815 5804 
1393 1035 4574 1034 
1394 4054 4055 1551 
1395 4250 4251 1356 
1396 703 4909 702 
1397 3565 3566 2038 
1398 3831 3832 1773 
1399 1552 4054 1551 
1400 1357 4250 1356 
1401 4757 4758 853 
1402 788 4823 787 
1403 5408 6073 6070 
1404 1774 3831 1773 
1405 4823 4824 787 
1406 1289 6512 1288 
1407 5785 5897 5728 
1408 4909 4910 702 
1409 853 4758 852 
1410 2038 3566 2037 
1411 1303 6538 1302 
1412 744 4868 743 
1413 4016 4017 1589 
1414 4707 4708 902 
1415 6397 6399 5299 
1416 5299 6399 5298 
1417 4422 4423 1185 
1418 903 4707 902 
1419 4867 4868 744 
1420 3577 3578 2026 
1421 1589 4017 1588 
1422 1186 4422 1185 
1423 4643 4644 966 
1424 4368 4369 1239 
1425 2027 3577 2026 
1426 4203 4204 1403 
1427 966 4644 965 
1428 4514 4515 1094 
1429 3805 3806 1799 
1430 1239 4369 1238 
1431 704 4908 703 
1432 1403 4204 1402 
1433 1304 6544 1303 
1434 1094 4515 1093 
1435 1799 3806 1798 
1436 5409 6073 5408 
1437 743 4869 742 
1438 4908 4909 703 
1439 4053 4054 1552 
1440 1288 6525 1287 
1441 3566 3567 2037 
1442 3830 3831 1774 
1443 4249 4250 1357 
1444 6001 6013 5419 
1445 1553 4053 1552 
1446 4868 4869 743 
1447 6282 6285 5339 
1448 4573 4574 1035 
1449 1775 3830 1774 
1450 789 4822 788 
1451 1358 4249 1357 
1452 2037 3567 2036 
1453 1036 4573 1035 
1454 4822 4823 788 
1455 1305 6553 1304 
1456 5340 6282 5339 
1457 705 4907 704 
1458 3576 3577 2027 
1459 4017 4018 1588 
1460 2028 3576 2027 
1461 742 4870 741 
1462 4421 4422 1186 
1463 4907 4908 704 
1464 1588 4018 1587 
1465 5791 5823 5822 
1466 4758 4759 852 
1467 1187 4421 1186 
1468 4706 4707 903 
1469 5459 5877 5796 
1470 4869 4870 742 
1471 3806 3807 1798 
1472 1306 6562 1305 
1473 852 4759 851 
1474 904 4706 903 
1475 5796 5863 5458 
1476 4204 4205 1402 
1477 1287 6541 1286 
1478 4369 4370 1238 
1479 6263 6270 5344 
1480 1798 3807 1797 
1481 5839 5998 5841 
1482 706 4906 705 
1483 1402 4205 1401 
1484 4644 4645 965 
1485 1238 4370 1237 
1486 4515 4516 1093 
1487 3567 3568 2036 
1488 3829 3830 1775 
1489 4052 4053 1553 
1490 5419 6013 5418 
1491 965 4645 964 
1492 741 4871 740 
1493 1093 4516 1092 
1494 5344 6270 5343 
1495 1554 4052 1553 
1496 1776 3829 1775 
1497 4906 4907 705 
1498 2036 3568 2035 
1499 4248 4249 1358 
1500 790 4821 789 
1501 1307 6571 1306 
1502 4821 4822 789 
1503 3575 3576 2028 
1504 1359 4248 1358 
1505 4870 4871 741 
1506 4450 6834 4449 
1507 4572 4573 1036 
1508 5735 6627 5901 
1509 2029 3575 2028 
1510 1037 4572 1036 
1511 707 4905 706 
1512 5872 6426 5702 
1513 4018 4019 1587 
1514 1286 6547 1285 
1515 740 4872 739 
1516 1587 4019 1586 
1517 1308 6581 1307 
1518 4905 4906 706 
1519 4420 4421 1187 
1520 3807 3808 1797 
1521 1188 4420 1187 
1522 4871 4872 740 
1523 6138 6146 5384 
1524 1797 3808 1796 
1525 3568 3569 2035 
1526 3828 3829 1776 
1527 4205 4206 1401 
1528 4705 4706 904 
1529 708 4904 707 
1530 5888 5964 5716 
1531 4051 4052 1554 
1532 4370 4371 1237 
1533 5724 5998 5839 
1534 905 4705 904 
1535 4451 6812 4450 
1536 1777 3828 1776 
1537 1401 4206 1400 
1538 2035 3569 2034 
1539 739 4873 738 
1540 791 4820 790 
1541 4759 4760 851 
1542 3574 3575 2029 
1543 1555 4051 1554 
1544 1309 6592 1308 
1545 6399 6407 5297 
1546 5720 6009 5893 
1547 1237 4371 1236 
1548 4820 4821 790 
1549 5298 6399 5297 
1550 4247 4248 1359 
1551 4904 4905 707 
1552 851 4760 850 
1553 2030 3574 2029 
1554 4516 4517 1092 
1555 4645 4646 964 
1556 1285 6554 1284 
1557 1360 4247 1359 
1558 4872 4873 739 
1559 1092 4517 1091 
1560 5450 5919 5449 
1561 964 4646 963 
1562 5384 6146 5383 
1563 709 4903 708 
1564 5375 6175 6172 
1565 738 4874 737 
1566 4019 4020 1586 
1567 1310 6601 1309 
1568 4571 4572 1037 
1569 1038 4571 1037 
1570 1586 4020 1585 
1571 5435 5943 5908 
1572 4903 4904 708 
1573 3808 3809 1796 
1574 4452 6794 4451 
1575 4873 4874 738 
1576 4419 4420 1188 
1577 3569 3570 2034 
1578 2785 5805 2816 
1579 5771 6340 6059 
1580 3827 3828 1777 
1581 1796 3809 1795 
1582 1189 4419 1188 
1583 710 4902 709 
1584 3573 3574 2030 
1585 792 4819 791 
1586 1778 3827 1777 
1587 2034 3570 2033 
1588 5376 6175 5375 
1589 4050 4051 1555 
1590 1284 6567 1283 
1591 737 4875 736 
1592 1311 6612 1310 
1593 4819 4820 791 
1594 4206 4207 1400 
1595 6393 6397 5300 
1596 2031 3573 2030 
1597 1556 4050 1555 
1598 1400 4207 1399 
1599 6609 6624 5773 
1600 5300 6397 5299 
1601 4902 4903 709 
1602 4371 4372 1236 
1603 5407 6070 6062 
1604 4704 4705 905 
1605 4246 4247 1360 
1606 4874 4875 737 
1607 906 4704 905 
1608 5889 5890 5777 
1609 5772 6624 6609 
1610 1236 4372 1235 
1611 1361 4246 1360 
1612 711 4901 710 
1613 5991 6001 5420 
1614 736 4876 735 
1615 1312 6625 1311 
1616 4517 4518 1091 
1617 4760 4761 850 
1618 4453 6776 4452 
1619 5825 6369 5679 
1620 4020 4021 1585 
1621 5457 5863 5793 
1622 4901 4902 710 
1623 4646 4647 963 
1624 1091 4518 1090 
1625 850 4761 849 
1626 4875 4876 736 
1627 1283 6578 1282 
1628 712 4900 711 
1629 1585 4021 1584 
1630 3809 3810 1795 
1631 3570 3571 2033 
1632 963 4647 962 
1633 735 4877 734 
1634 3826 3827 1778 
1635 4570 4571 1038 
1636 793 4818 792 
1637 3572 3573 2031 
1638 1795 3810 1794 
1639 1039 4570 1038 
1640 1779 3826 1778 
1641 2033 3571 2032 
1642 4818 4819 792 
1643 1313 6637 1312 
1644 4418 4419 1189 
1645 2032 3572 2031 
1646 4049 4050 1556 
1647 5408 6070 5407 
1648 4900 4901 711 
1649 1190 4418 1189 
1650 713 4899 712 
1651 4876 4877 735 
1652 734 4878 733 
1653 1557 4049 1556 
1654 165 5863 164 
1655 6285 6288 5338 
1656 4207 4208 1399 
1657 5862 6233 5861 
1658 5435 5908 5434 
1659 1399 4208 1398 
1660 4245 4246 1361 
1661 4454 6764 4453 
1662 1314 6649 1313 
1663 4899 4900 712 
1664 714 4898 713 
1665 3571 3572 2032 
1666 4877 4878 734 
1667 733 4879 732 
1668 1362 4245 1361 
1669 1282 6590 1281 
1670 4372 4373 1235 
1671 6256 6263 5345 
1672 5339 6285 5338 
1673 5420 6001 5419 
1674 4703 4704 906 
1675 1235 4373 1234 
1676 907 4703 906 
1677 5861 6233 6200 
1678 794 4817 793 
1679 4021 4022 1584 
1680 715 4897 714 
1681 4898 4899 713 
1682 3825 3826 1779 
1683 732 4880 731 
1684 5661 5822 5678 
1685 1315 6663 1314 
1686 3810 3811 1794 
1687 4878 4879 733 
1688 4817 4818 793 
1689 1584 4022 1583 
1690 1780 3825 1779 
1691 5752 6402 5800 
1692 4518 4519 1090 
1693 1794 3811 1793 
1694 5345 6263 5344 
1695 1090 4519 1089 
1696 716 4896 715 
1697 731 4881 730 
1698 4569 4570 1039 
1699 4897 4898 714 
1700 4761 4762 849 
1701 4647 4648 962 
1702 5777 5890 5576 
1703 4048 4049 1557 
1704 4879 4880 732 
1705 1040 4569 1039 
1706 4417 4418 1190 
1707 5908 5940 5434 
1708 4455 6754 4454 
1709 1316 6683 1315 
1710 1281 6600 1280 
1711 962 4648 961 
1712 1558 4048 1557 
1713 849 4762 848 
1714 1191 4417 1190 
1715 717 4895 716 
1716 5904 6019 5726 
1717 730 4882 729 
1718 4896 4897 715 
1719 6134 6138 5385 
1720 4880 4881 731 
1721 4208 4209 1398 
1722 718 4894 717 
1723 729 4883 728 
1724 4244 4245 1362 
1725 1398 4209 1397 
1726 1363 4244 1362 
1727 795 4816 794 
1728 719 4893 718 
1729 728 4884 727 
1730 6524 6528 5249 
1731 4895 4896 716 
1732 5250 6524 5249 
1733 4881 4882 730 
1734 5800 6373 5752 
1735 2784 5813 2817 
1736 5754 6343 6320 
1737 4816 4817 794 
1738 6711 6722 5148 
1739 720 4892 719 
1740 727 4885 726 
1741 3824 3825 1780 
1742 5744 6190 6153 
1743 4373 4374 1234 
1744 5436 5943 5435 
1745 467 6722 6711 
1746 3811 3812 1793 
1747 721 4891 720 
1748 4022 4023 1583 
1749 726 4886 725 
1750 1234 4374 1233 
1751 1781 3824 1780 
1752 4894 4895 717 
1753 4882 4883 729 
1754 5792 5910 5833 
1755 725 4887 724 
1756 722 4890 721 
1757 1280 6613 1279 
1758 4702 4703 907 
1759 1793 3812 1792 
1760 1583 4023 1582 
1761 724 4888 723 
1762 723 4889 722 
1763 4456 6745 4455 
1764 908 4702 907 
1765 4893 4894 718 
1766 4883 4884 728 
1767 5959 6101 5731 
1768 6407 6413 5296 
1769 4047 4048 1558 
1770 4892 4893 719 
1771 2814 5807 2787 
1772 4884 4885 727 
1773 5385 6138 5384 
1774 4519 4520 1089 
1775 1559 4047 1558 
1776 5662 5822 5661 
1777 5297 6407 5296 
1778 4891 4892 720 
1779 4885 4886 726 
1780 4568 4569 1040 
1781 1089 4520 1088 
1782 4416 4417 1191 
1783 4886 4887 725 
1784 4890 4891 721 
1785 1041 4568 1040 
1786 796 4815 795 
1787 4887 4888 724 
1788 4889 4890 722 
1789 1192 4416 1191 
1790 4888 4889 723 
1791 4648 4649 961 
1792 4815 4816 795 
1793 5374 6172 6170 
1794 4209 4210 1397 
1795 4762 4763 848 
1796 4243 4244 1363 
1797 5982 5991 5421 
1798 1279 6628 1278 
1799 961 4649 960 
1800 5755 6434 5949 
1801 1397 4210 1396 
1802 1364 4243 1363 
1803 3823 3824 1781 
1804 848 4763 847 
1805 6385 6393 5301 
1806 4457 6735 4456 
1807 5560 6008 5559 
1808 3812 3813 1792 
1809 1782 3823 1781 
1810 5785 6019 5904 
1811 4023 4024 1582 
1812 1792 3813 1791 
1813 5301 6393 5300 
1814 4374 4375 1233 
1815 1582 4024 1581 
1816 1233 4375 1232 
1817 6320 6343 5878 
1818 5375 6172 5374 
1819 5406 6062 6054 
1820 4046 4047 1559 
1821 797 4814 796 
1822 4701 4702 908 
1823 2809 5802 2792 
1824 1560 4046 1559 
1825 1278 6642 1277 
1826 909 4701 908 
1827 4814 4815 796 
1828 6518 6524 5251 
1829 4415 4416 1192 
1830 5949 6433 5755 
1831 5251 6524 5250 
1832 4520 4521 1088 
1833 4567 4568 1041 
1834 4458 6725 4457 
1835 1193 4415 1192 
1836 1042 4567 1041 
1837 1088 4521 1087 
1838 3822 3823 1782 
1839 4242 4243 1364 
1840 5719 6038 5890 
1841 4210 4211 1396 
1842 1365 4242 1364 
1843 1783 3822 1782 
1844 3813 3814 1791 
1845 1396 4211 1395 
1846 4649 4650 960 
1847 5421 5991 5420 
1848 798 4813 797 
1849 1791 3814 1790 
1850 1277 6654 1276 
1851 4024 4025 1581 
1852 2813 5810 2788 
1853 5729 5898 5818 
1854 960 4650 959 
1855 4763 4764 847 
1856 6250 6256 5346 
1857 4813 4814 797 
1858 5407 6062 5406 
1859 1581 4025 1580 
1860 6153 6190 5801 
1861 4045 4046 1560 
1862 847 4764 846 
1863 5337 6288 6287 
1864 4375 4376 1232 
1865 1561 4045 1560 
1866 163 5877 162 
1867 1232 4376 1231 
1868 2790 5803 2811 
1869 4459 6716 4458 
1870 4700 4701 909 
1871 1276 6675 1275 
1872 5338 6288 5337 
1873 5346 6256 5345 
1874 5971 6447 5705 
1875 910 4700 909 
1876 3821 3822 1783 
1877 799 4812 798 
1878 4414 4415 1193 
1879 5728 6019 5785 
1880 1194 4414 1193 
1881 1784 3821 1783 
1882 6467 6487 5509 
1883 4566 4567 1042 
1884 4241 4242 1365 
1885 6124 6134 5386 
1886 4812 4813 798 
1887 5733 5959 5900 
1888 3814 3815 1790 
1889 4521 4522 1087 
1890 1043 4566 1042 
1891 1366 4241 1365 
1892 4211 4212 1395 
1893 2812 5811 2789 
1894 1087 4522 1086 
1895 1790 3815 1789 
1896 1395 4212 1394 
1897 2783 5826 2818 
1898 4025 4026 1580 
1899 5791 6369 5825 
1900 4460 6705 4459 
1901 4044 4045 1561 
1902 2789 5809 2812 
1903 1580 4026 1579 
1904 1275 6688 1274 
1905 5433 5940 5884 
1906 1562 4044 1561 
1907 4650 4651 959 
1908 800 4811 799 
1909 6528 6533 5248 
1910 5963 5982 5422 
1911 959 4651 958 
1912 4376 4377 1231 
1913 5716 5964 5578 
1914 5249 6528 5248 
1915 5577 5964 5777 
1916 4494 6874 4493 
1917 4811 4812 799 
1918 5433 5884 5432 
1919 4764 4765 846 
1920 1231 4377 1230 
1921 5462 5887 5461 
1922 5705 6313 5971 
1923 3820 3821 1784 
1924 5118 6785 496 
1925 846 4765 845 
1926 1785 3820 1784 
1927 5386 6134 5385 
1928 496 6779 5118 
1929 4493 6861 4492 
1930 4413 4414 1194 
1931 1274 6703 1273 
1932 4240 4241 1366 
1933 4699 4700 910 
1934 3815 3816 1789 
1935 6413 6414 5295 
1936 1195 4413 1194 
1937 4461 6691 4460 
1938 911 4699 910 
1939 1367 4240 1366 
1940 801 4810 800 
1941 1789 3816 1788 
1942 4565 4566 1043 
1943 4212 4213 1394 
1944 1044 4565 1043 
1945 4492 6849 4491 
1946 1394 4213 1393 
1947 4810 4811 800 
1948 5296 6413 5295 
1949 4522 4523 1086 
1950 4043 4044 1562 
1951 4026 4027 1579 
1952 6375 6385 5302 
1953 1086 4523 1085 
1954 1563 4043 1562 
1955 1579 4027 1578 
1956 5373 6170 6164 
1957 4491 6835 4490 
1958 1273 6715 1272 
1959 3819 3820 1785 
1960 5302 6385 5301 
1961 6064 6325 6211 
1962 802 4809 801 
1963 1786 3819 1785 
1964 4377 4378 1230 
1965 4651 4652 958 
1966 4462 6681 4461 
1967 1230 4378 1229 
1968 4809 4810 801 
1969 4490 6808 4489 
1970 5405 6054 6047 
1971 958 4652 957 
1972 3816 3817 1788 
1973 6516 6518 5252 
1974 4239 4240 1367 
1975 4412 4413 1195 
1976 5836 5921 5842 
1977 1368 4239 1367 
1978 1788 3817 1787 
1979 4765 4766 845 
1980 1196 4412 1195 
1981 6211 6325 5977 
1982 5422 5982 5421 
1983 5252 6518 5251 
1984 5778 6224 5740 
1985 5374 6170 5373 
1986 845 4766 844 
1987 4489 6789 4488 
1988 4698 4699 911 
1989 4042 4043 1563 
1990 4213 4214 1393 
1991 5916 6487 6467 
1992 4564 4565 1044 
1993 6667 6673 5194 
1994 912 4698 911 
1995 161 5887 160 
1996 803 4808 802 
1997 5195 6667 5194 
1998 5952 5963 5423 
1999 4027 4028 1578 
2000 1564 4042 1563 
2001 1393 4214 1392 
2002 1045 4564 1044 
2003 1578 4028 1577 
2004 1787 3818 1786 
2005 4808 4809 802 
2006 5884 5934 5432 
2007 6242 6250 5347 
2008 4523 4524 1085 
2009 3818 3819 1786 
2010 4463 6658 4462 
2011 4488 6771 4487 
2012 1085 4524 1084 
2013 2782 5859 2819 
2014 3817 3818 1787 
2015 5834 5835 5832 
2016 804 4807 803 
2017 4487 6758 4486 
2018 4378 4379 1229 
2019 6007 6330 6226 
2020 5406 6054 5405 
2021 5336 6287 6283 
2022 6119 6124 5387 
2023 1229 4379 1228 
2024 4238 4239 1368 
2025 6085 6096 5738 
2026 4807 4808 803 
2027 5793 5984 5456 
2028 1369 4238 1368 
2029 4652 4653 957 
2030 4411 4412 1196 
2031 5347 6250 5346 
2032 1197 4411 1196 
2033 957 4653 956 
2034 4041 4042 1564 
2035 4486 6748 4485 
2036 5945 5952 5424 
2037 4464 6645 4463 
2038 1565 4041 1564 
2039 4214 4215 1392 
2040 4028 4029 1577 
2041 805 4806 804 
2042 1392 4215 1391 
2043 1577 4029 1576 
2044 4766 4767 844 
2045 4563 4564 1045 
2046 4697 4698 912 
2047 5337 6287 5336 
2048 5868 5903 5426 
2049 844 4767 843 
2050 1046 4563 1045 
2051 913 4697 912 
2052 5179 6623 6615 
2053 4806 4807 804 
2054 4485 6736 4484 
2055 5724 5992 5619 
2056 5618 5992 5688 
2057 6665 6667 5196 
2058 2780 5950 2821 
2059 5196 6667 5195 
2060 4524 4525 1084 
2061 1084 4525 1083 
2062 806 4805 805 
2063 5693 6072 5858 
2064 2781 5918 2820 
2065 5903 5945 5425 
2066 6615 6623 436 
2067 6533 6535 5247 
2068 573 6889 5040 
2069 5387 6124 5386 
2070 4484 6726 4483 
2071 4237 4238 1369 
2072 4465 6632 4464 
2073 4805 4806 805 
2074 4379 4380 1228 
2075 5248 6533 5247 
2076 1370 4237 1369 
2077 1228 4380 1227 
2078 4040 4041 1565 
2079 5431 5847 5430 
2080 4410 4411 1197 
2081 843 4768 842 
2082 1566 4040 1565 
2083 1198 4410 1197 
2084 807 4804 806 
2085 4029 4030 1576 
2086 5593 6305 6292 
2087 5423 5963 5422 
2088 4653 4654 956 
2089 4483 6714 4482 
2090 4215 4216 1391 
2091 4767 4768 843 
2092 1576 4030 1575 
2093 5294 6414 6412 
2094 956 4654 955 
2095 1391 4216 1390 
2096 6367 6375 5303 
2097 4804 4805 806 
2098 4562 4563 1046 
2099 842 4769 841 
2100 1047 4562 1046 
2101 4696 4697 913 
2102 808 4803 807 
2103 914 4696 913 
2104 1143 6619 1142 
2105 4482 6702 4481 
2106 5295 6414 5294 
2107 5649 6580 5648 
2108 4768 4769 842 
2109 5434 5940 5433 
2110 194 5994 193 
2111 5372 6164 6160 
2112 5303 6375 5302 
2113 4803 4804 807 
2114 4525 4526 1083 
2115 195 5903 5868 
2116 5870 6384 5702 
2117 4236 4237 1370 
2118 5573 6009 5572 
2119 5758 6436 6427 
2120 1083 4526 1082 
2121 841 4770 840 
2122 6511 6516 5253 
2123 1371 4236 1370 
2124 4039 4040 1566 
2125 809 4802 808 
2126 5404 6047 6037 
2127 4481 6686 4480 
2128 1567 4039 1566 
2129 4380 4381 1227 
2130 4409 4410 1198 
2131 4769 4770 841 
2132 1227 4381 1226 
2133 5253 6516 5252 
2134 1199 4409 1198 
2135 4030 4031 1575 
2136 4802 4803 808 
2137 5862 6178 5727 
2138 1575 4031 1574 
2139 840 4771 839 
2140 5431 5934 5847 
2141 1142 6605 1141 
2142 4216 4217 1390 
2143 6673 6676 5193 
2144 6234 6242 5348 
2145 810 4801 809 
2146 5424 5952 5423 
2147 4480 6669 4479 
2148 1390 4217 1389 
2149 5647 6580 5646 
2150 5644 6061 5761 
2151 5194 6673 5193 
2152 4770 4771 840 
2153 4654 4655 955 
2154 5373 6164 5372 
2155 4561 4562 1047 
2156 955 4655 954 
2157 4801 4802 809 
2158 6112 6119 5388 
2159 1048 4561 1047 
2160 839 4772 838 
2161 4695 4696 914 
2162 811 4800 810 
2163 4479 6651 4478 
2164 915 4695 914 
2165 6249 6572 6056 
2166 4235 4236 1371 
2167 5736 6096 6085 
2168 4771 4772 839 
2169 4038 4039 1567 
2170 166 5984 5793 
2171 1372 4235 1371 
2172 5686 5998 5621 
2173 838 4773 837 
2174 1568 4038 1567 
2175 5620 5998 5724 
2176 4800 4801 810 
2177 1141 6596 1140 
2178 4526 4527 1082 
2179 812 4799 811 
2180 5429 5827 5428 
2181 1082 4527 1081 
2182 5348 6242 5347 
2183 5405 6047 5404 
2184 4478 6636 4477 
2185 4031 4032 1574 
2186 5793 5863 165 
2187 4408 4409 1199 
2188 4381 4382 1226 
2189 164 5863 5796 
2190 5425 5945 5424 
2191 5335 6283 6280 
2192 4772 4773 838 
2193 1200 4408 1199 
2194 1226 4382 1225 
2195 1574 4032 1573 
2196 837 4774 836 
2197 5853 5954 5851 
2198 6819 6822 5132 
2199 5133 6819 5132 
2200 4799 4800 811 
2201 813 4798 812 
2202 4217 4218 1389 
2203 6540 6548 5211 
2204 1389 4218 1388 
2205 6657 6665 5197 
2206 4477 6622 4476 
2207 836 4775 835 
2208 4773 4774 837 
2209 4 5819 2793 
2210 5197 6665 5196 
2211 814 4797 813 
2212 4798 4799 812 
2213 5426 5903 5425 
2214 4560 4561 1048 
2215 1140 6585 1139 
2216 6157 6181 5355 
2217 5388 6119 5387 
2218 1049 4560 1048 
2219 5336 6283 5335 
2220 195 5868 194 
2221 835 4776 834 
2222 4655 4656 954 
2223 4774 4775 836 
2224 5740 6617 5778 
2225 4037 4038 1568 
2226 4234 4235 1372 
2227 5890 6038 5575 
2228 815 4796 814 
2229 5795 6096 5736 
2230 954 4656 953 
2231 1569 4037 1568 
2232 4797 4798 813 
2233 4694 4695 915 
2234 4476 6607 4475 
2235 5855 6072 6040 
2236 1373 4234 1372 
2237 6535 6536 5246 
2238 916 4694 915 
2239 5717 5964 5888 
2240 5563 5899 5562 
2241 834 4777 833 
2242 405 6548 6540 
2243 4775 4776 835 
2244 816 4795 815 
2245 4032 4033 1573 
2246 4796 4797 814 
2247 6226 6330 5701 
2248 4527 4528 1081 
2249 5247 6535 5246 
2250 4407 4408 1200 
2251 1573 4033 1572 
2252 833 4778 832 
2253 1081 4528 1080 
2254 4382 4383 1225 
2255 1201 4407 1200 
2256 4475 6594 4474 
2257 817 4794 816 
2258 6359 6367 5304 
2259 4776 4777 834 
2260 5847 5923 5430 
2261 1225 4383 1224 
2262 1139 6575 1138 
2263 4795 4796 815 
2264 4218 4219 1388 
2265 6427 6436 5757 
2266 5855 6041 5954 
2267 832 4779 831 
2268 5789 5822 5662 
2269 1388 4219 1387 
2270 818 4793 817 
2271 4777 4778 833 
2272 5293 6412 6409 
2273 831 4780 830 
2274 4794 4795 816 
2275 819 4792 818 
2276 5565 6014 5564 
2277 4474 6582 4473 
2278 830 4781 829 
2279 4036 4037 1569 
2280 4778 4779 832 
2281 820 4791 819 
2282 5645 6298 6061 
2283 4559 4560 1049 
2284 1570 4036 1569 
2285 829 4782 828 
2286 5304 6367 5303 
2287 4793 4794 817 
2288 4233 4234 1373 
2289 5868 5994 194 
2290 6502 6511 5254 
2291 821 4790 820 
2292 1050 4559 1049 
2293 828 4783 827 
2294 1374 4233 1373 
2295 4779 4780 831 
2296 822 4789 821 
2297 5371 6160 6154 
2298 827 4784 826 
2299 5294 6412 5293 
2300 4792 4793 818 
2301 823 4788 822 
2302 5403 6037 6028 
2303 826 4785 825 
2304 824 4787 823 
2305 1138 6563 1137 
2306 825 4786 824 
2307 4656 4657 953 
2308 4780 4781 830 
2309 4473 6569 4472 
2310 4693 4694 916 
2311 4791 4792 819 
2312 4033 4034 1572 
2313 953 4657 952 
2314 5517 6377 6368 
2315 6584 6662 6051 
2316 5254 6511 5253 
2317 917 4693 916 
2318 4781 4782 829 
2319 6102 6112 5389 
2320 1572 4034 1571 
2321 4790 4791 820 
2322 5076 6895 538 
2323 6227 6234 5349 
2324 4406 4407 1201 
2325 4782 4783 828 
2326 4789 4790 821 
2327 1202 4406 1201 
2328 4783 4784 827 
2329 4528 4529 1080 
2330 4788 4789 822 
2331 4383 4384 1224 
2332 6676 6678 5192 
2333 169 6116 5815 
2334 4784 4785 826 
2335 4787 4788 823 
2336 1080 4529 1079 
2337 4219 4220 1387 
2338 4472 6561 4471 
2339 4785 4786 825 
2340 1224 4384 1223 
2341 4786 4787 824 
2342 5460 5877 5459 
2343 1387 4220 1386 
2344 5193 6676 5192 
2345 6813 6819 5134 
2346 1571 4035 1570 
2347 5134 6819 5133 
2348 4035 4036 1570 
2349 264 6181 6157 
2350 1137 6561 1136 
2351 162 5877 5806 
2352 5796 5877 163 
2353 4471 6563 4470 
2354 5733 6101 5959 
2355 4232 4233 1374 
2356 5372 6160 5371 
2357 1375 4232 1374 
2358 5429 5923 5827 
2359 4558 4559 1050 
2360 4034 4035 1571 
2361 5818 5899 5563 
2362 1051 4558 1050 
2363 5822 5823 5678 
2364 5722 5844 16 
2365 5349 6234 5348 
2366 6822 6824 5131 
2367 4470 6575 4469 
2368 5132 6822 5131 
2369 5404 6037 5403 
2370 4692 4693 917 
2371 6653 6657 5198 
2372 4405 4406 1202 
2373 4657 4658 952 
2374 918 4692 917 
2375 1203 4405 1202 
2376 5334 6280 6275 
2377 1136 6569 1135 
2378 952 4658 951 
2379 5957 6876 5774 
2380 5389 6112 5388 
2381 5198 6657 5197 
2382 4220 4221 1386 
2383 4384 4385 1223 
2384 4529 4530 1079 
2385 4469 6585 4468 
2386 1386 4221 1385 
2387 1223 4385 1222 
2388 5714 6870 5851 
2389 1079 4530 1078 
2390 6007 6185 5867 
2391 5707 5834 9 
2392 4231 4232 1375 
2393 1376 4231 1375 
2394 4468 6596 4467 
2395 5736 6100 5795 
2396 5840 5992 5724 
2397 5845 5856 5844 
2398 4557 4558 1051 
2399 1135 6582 1134 
2400 5245 6536 6534 
2401 5335 6280 5334 
2402 1052 4557 1051 
2403 6350 6359 5305 
2404 5702 6387 5870 
2405 4467 6605 4466 
2406 4404 4405 1203 
2407 5246 6536 5245 
2408 1204 4404 1203 
2409 4691 4692 918 
2410 919 4691 918 
2411 5806 5887 161 
2412 4221 4222 1385 
2413 160 5887 5812 
2414 4658 4659 951 
2415 1385 4222 1384 
2416 4385 4386 1222 
2417 6089 6102 5390 
2418 4466 6619 4465 
2419 951 4659 950 
2420 1134 6594 1133 
2421 1222 4386 1221 
2422 6496 6502 5255 
2423 5292 6409 6401 
2424 4530 4531 1078 
2425 4230 4231 1376 
2426 5305 6359 5304 
2427 5402 6028 6016 
2428 1078 4531 1077 
2429 1377 4230 1376 
2430 2791 5802 2810 
2431 6220 6227 5350 
2432 5370 6154 6149 
2433 1144 6632 1143 
2434 2816 5813 2785 
2435 5255 6502 5254 
2436 4556 4557 1052 
2437 1053 4556 1052 
2438 5293 6409 5292 
2439 6810 6813 5135 
2440 1133 6607 1132 
2441 2810 5803 2791 
2442 6678 6680 5191 
2443 1145 6645 1144 
2444 5135 6813 5134 
2445 4403 4404 1204 
2446 2815 5805 2786 
2447 1205 4403 1204 
2448 6335 6356 5737 
2449 5192 6678 5191 
2450 5722 5845 5844 
2451 5692 5853 20 
2452 5905 6246 5745 
2453 4222 4223 1384 
2454 1384 4223 1383 
2455 4690 4691 919 
2456 1146 6658 1145 
2457 2786 5807 2815 
2458 3117 6076 2485 
2459 920 4690 919 
2460 4386 4387 1221 
2461 4229 4230 1377 
2462 1221 4387 1220 
2463 1378 4229 1377 
2464 5898 5899 5818 
2465 4659 4660 950 
2466 5432 5934 5431 
2467 5350 6227 5349 
2468 1132 6622 1131 
2469 950 4660 949 
2470 4531 4532 1077 
2471 6368 6377 5911 
2472 6824 6829 5130 
2473 1147 6681 1146 
2474 1077 4532 1076 
2475 5371 6154 5370 
2476 6646 6653 5199 
2477 5390 6102 5389 
2478 5131 6824 5130 
2479 5677 5797 2794 
2480 5969 6313 5705 
2481 6247 6261 5756 
2482 5403 6028 5402 
2483 4555 4556 1053 
2484 5199 6653 5198 
2485 1054 4555 1053 
2486 1148 6691 1147 
2487 3118 6066 2484 
2488 4402 4403 1205 
2489 5333 6275 6271 
2490 1206 4402 1205 
2491 1131 6636 1130 
2492 5696 5864 27 
2493 2792 5819 2809 
2494 5835 6584 5832 
2495 5839 5841 5838 
2496 1149 6705 1148 
2497 4223 4224 1383 
2498 2442 6090 3160 
2499 5567 6019 5566 
2500 5881 6656 5955 
2501 1383 4224 1382 
2502 4228 4229 1378 
2503 1379 4228 1378 
2504 192 5923 191 
2505 4387 4388 1220 
2506 4689 4690 920 
2507 921 4689 920 
2508 1220 4388 1219 
2509 6342 6350 5306 
2510 6079 6089 5391 
2511 1150 6716 1149 
2512 5719 5890 5889 
2513 5244 6534 6531 
2514 3119 6055 2483 
2515 4660 4661 949 
2516 4532 4533 1076 
2517 5747 6237 6236 
2518 1130 6651 1129 
2519 949 4661 948 
2520 1076 4533 1075 
2521 6254 6273 5314 
2522 5707 5835 5834 
2523 5334 6275 5333 
2524 5569 6020 5568 
2525 1151 6725 1150 
2526 5881 6699 6656 
2527 2443 6086 3159 
2528 5850 5962 5849 
2529 4554 4555 1054 
2530 5401 6016 6006 
2531 1055 4554 1054 
2532 5245 6534 5244 
2533 6490 6496 5256 
2534 2787 5810 2814 
2535 96 6261 6247 
2536 4401 4402 1206 
2537 6210 6220 5351 
2538 1207 4401 1206 
2539 5700 5910 5792 
2540 5534 6205 6194 
2541 1152 6735 1151 
2542 5306 6350 5305 
2543 4224 4225 1382 
2544 5 5910 5700 
2545 4227 4228 1379 
2546 173 5919 172 
2547 5291 6401 6398 
2548 1129 6669 1128 
2549 1382 4225 1381 
2550 2793 5797 4 
2551 1380 4227 1379 
2552 3120 6046 2482 
2553 2811 5809 2790 
2554 5801 6190 5742 
2555 5843 5856 5840 
2556 1153 6745 1152 
2557 5369 6149 6145 
2558 6802 6810 5136 
2559 5833 6249 5792 
2560 2444 6082 3158 
2561 5256 6496 5255 
2562 4388 4389 1219 
2563 5764 6608 5820 
2564 5864 6178 5862 
2565 1219 4389 1218 
2566 5818 6014 5729 
2567 4688 4689 921 
2568 5136 6810 5135 
2569 922 4688 921 
2570 9 5834 8 
2571 1154 6754 1153 
2572 5464 6880 5937 
2573 5190 6680 6677 
2574 4533 4534 1075 
2575 1128 6686 1127 
2576 5292 6401 5291 
2577 6292 6305 5875 
2578 1075 4534 1074 
2579 4661 4662 948 
2580 1155 6764 1154 
2581 1381 4226 1380 
2582 948 4662 947 
2583 3121 6039 2481 
2584 15 5843 14 
2585 5191 6680 5190 
2586 5391 6089 5390 
2587 4553 4554 1055 
2588 2788 5811 2813 
2589 2794 5799 5677 
2590 4400 4401 1207 
2591 1056 4553 1055 
2592 2445 6077 3157 
2593 15 5844 5843 
2594 1208 4400 1207 
2595 5815 6116 5453 
2596 5351 6220 5350 
2597 5698 6185 6007 
2598 1156 6776 1155 
2599 4226 4227 1380 
2600 4225 4226 1381 
2601 5687 5839 5838 
2602 5687 5838 13 
2603 6640 6646 5200 
2604 6829 6831 5129 
2605 304 6273 6254 
2606 1127 6702 1126 
2607 5130 6829 5129 
2608 1157 6794 1156 
2609 5402 6016 5401 
2610 6048 6079 5392 
2611 5370 6149 5369 
2612 4389 4390 1218 
2613 3122 6032 2480 
2614 5200 6646 5199 
2615 5897 6014 5728 
2616 20 5853 19 
2617 1218 4390 1217 
2618 5856 5992 5840 
2619 2446 6065 3156 
2620 2817 5826 2784 
2621 5716 6859 5888 
2622 1158 6812 1157 
2623 4687 4688 922 
2624 923 4687 922 
2625 5690 5850 5849 
2626 5690 5849 18 
2627 5332 6271 6264 
2628 1159 6834 1158 
2629 1126 6714 1125 
2630 4534 4535 1074 
2631 6141 6178 5866 
2632 5858 6130 5693 
2633 1074 4535 1073 
2634 6336 6342 5307 
2635 4399 4400 1208 
2636 4552 4553 1056 
2637 1209 4399 1208 
2638 4662 4663 947 
2639 1057 4552 1056 
2640 5458 5863 5457 
2641 947 4663 946 
2642 5873 6356 6335 
2643 3123 6022 2479 
2644 5743 6128 6105 
2645 2447 6052 3155 
2646 924 4686 923 
2647 5734 5858 5857 
2648 27 5864 26 
2649 5400 6006 5997 
2650 5734 5857 23 
2651 6026 6042 5548 
2652 6201 6210 5352 
2653 5723 6009 5573 
2654 5243 6531 6527 
2655 5572 6009 5829 
2656 1125 6726 1124 
2657 4686 4687 923 
2658 5695 5861 5860 
2659 6483 6490 5257 
2660 5695 5860 25 
2661 925 4685 924 
2662 4390 4391 1217 
2663 1217 4391 1216 
2664 5333 6271 5332 
2665 2448 6043 3154 
2666 3124 6017 2478 
2667 1 5789 5662 
2668 5307 6342 5306 
2669 4685 4686 924 
2670 926 4684 925 
2671 16 5844 15 
2672 5244 6531 5243 
2673 6799 6802 5137 
2674 6040 6072 5693 
2675 5739 5867 30 
2676 1124 6736 1123 
2677 5368 6145 6137 
2678 4398 4399 1209 
2679 5705 6796 5969 
2680 5290 6398 6396 
2681 1210 4398 1209 
2682 927 4683 926 
2683 4535 4536 1073 
2684 4684 4685 925 
2685 5748 5870 5869 
2686 190 5934 189 
2687 5137 6802 5136 
2688 5257 6490 5256 
2689 4551 4552 1057 
2690 5701 6330 5870 
2691 1073 4536 1072 
2692 5392 6079 5391 
2693 5748 5869 32 
2694 1058 4551 1057 
2695 5741 6075 6067 
2696 33 5871 5748 
2697 2449 6036 3153 
2698 4663 4664 946 
2699 928 4682 927 
2700 6024 6048 5393 
2701 4683 4684 926 
2702 946 4664 945 
2703 3125 6011 2477 
2704 5827 5994 5428 
2705 5692 5954 5853 
2706 5858 6072 5857 
2707 5189 6677 6674 
2708 35 5873 5704 
2709 5707 5921 5836 
2710 5710 5955 5879 
2711 1123 6748 1122 
2712 929 4681 928 
2713 5352 6210 5351 
2714 4682 4683 927 
2715 5750 5876 39 
2716 5684 6584 6051 
2717 4391 4392 1216 
2718 5827 5923 192 
2719 930 4680 929 
2720 193 5994 5827 
2721 191 5923 5847 
2722 1216 4392 1215 
2723 5190 6677 5189 
2724 5291 6398 5290 
2725 5710 5879 41 
2726 6633 6640 5201 
2727 5742 6209 5801 
2728 4681 4682 928 
2729 175 5930 174 
2730 5128 6831 6828 
2731 2450 6025 3152 
2732 5712 5880 43 
2733 6031 6664 6611 
2734 931 4679 930 
2735 3126 6005 2476 
2736 5401 6006 5400 
2737 1122 6758 1121 
2738 4680 4681 929 
2739 4397 4398 1210 
2740 5129 6831 5128 
2741 45 5883 5882 
2742 932 4678 931 
2743 6400 6439 5706 
2744 1211 4397 1210 
2745 6388 6564 5975 
2746 5728 6014 5565 
2747 5564 6014 5818 
2748 5201 6640 5200 
2749 6545 6550 5507 
2750 172 5919 5828 
2751 5852 5919 173 
2752 945 4665 944 
2753 4550 4551 1058 
2754 4679 4680 930 
2755 5763 5886 49 
2756 933 4677 932 
2757 4536 4537 1072 
2758 1059 4550 1058 
2759 1072 4537 1071 
2760 5369 6145 5368 
2761 5717 5888 51 
2762 934 4676 933 
2763 4664 4665 945 
2764 4678 4679 931 
2765 2451 6018 3151 
2766 5719 5889 53 
2767 935 4675 934 
2768 6331 6336 5308 
2769 944 4666 943 
2770 936 4674 935 
2771 1121 6771 1120 
2772 943 4667 942 
2773 4677 4678 932 
2774 937 4673 936 
2775 5331 6264 6259 
2776 5399 5997 5987 
2777 3127 6000 2475 
2778 942 4668 941 
2779 55 5893 5892 
2780 938 4672 937 
2781 6193 6201 5353 
2782 941 4669 940 
2783 939 4671 938 
2784 940 4670 939 
2785 4676 4677 933 
2786 6040 6041 5855 
2787 58 5895 5894 
2788 4392 4393 1215 
2789 4675 4676 934 
2790 4665 4666 944 
2791 1215 4393 1214 
2792 4674 4675 935 
2793 4666 4667 943 
2794 5842 5921 5715 
2795 62 5897 5785 
2796 4673 4674 936 
2797 2452 6012 3150 
2798 4667 4668 942 
2799 6010 6634 6593 
2800 4672 4673 937 
2801 5430 5923 5429 
2802 64 5898 5729 
2803 4668 4669 941 
2804 4671 4672 938 
2805 1120 6789 1119 
2806 4669 4670 940 
2807 4670 4671 939 
2808 6475 6483 5258 
2809 4396 4397 1211 
2810 5900 5959 67 
2811 6003 6024 5394 
2812 1212 4396 1211 
2813 5393 6048 5392 
2814 5242 6527 6523 
2815 2473 5996 3129 
2816 4549 4550 1059 
2817 2818 5859 2783 
2818 5781 6891 5786 
2819 1060 4549 1059 
2820 6790 6799 5138 
2821 5738 6067 5837 
2822 5308 6336 5307 
2823 4537 4538 1071 
2824 1071 4538 1070 
2825 2453 6004 3149 
2826 1119 6808 1118 
2827 5743 5902 79 
2828 5332 6264 5331 
2829 5367 6137 6133 
2830 5138 6799 5137 
2831 5243 6527 5242 
2832 5258 6483 5257 
2833 5800 6402 5749 
2834 6236 6237 5746 
2835 5954 6041 5714 
2836 5820 6708 5764 
2837 2472 5993 3130 
2838 5289 6396 6386 
2839 4393 4394 1214 
2840 91 5906 5747 
2841 1214 4394 1213 
2842 189 5934 5884 
2843 5847 5934 190 
2844 5753 5907 94 
2845 5353 6201 5352 
2846 1118 6835 1117 
2847 1213 4395 1212 
2848 2454 5999 3148 
2849 4395 4396 1212 
2850 5188 6674 6670 
2851 188 5940 187 
2852 6194 6205 5906 
2853 5731 6101 5899 
2854 6626 6633 5202 
2855 5688 5992 5856 
2856 5891 5930 175 
2857 174 5930 5852 
2858 107 5911 5758 
2859 5765 5913 110 
2860 5768 5914 112 
2861 5400 5997 5399 
2862 4548 4549 1060 
2863 1061 4548 1060 
2864 5127 6828 6825 
2865 113 5915 5768 
2866 2471 5988 3131 
2867 1117 6849 1116 
2868 5764 5917 118 
2869 5189 6674 5188 
2870 5767 5916 116 
2871 4538 4539 1070 
2872 5830 5831 5682 
2873 1070 4539 1069 
2874 5679 6383 5825 
2875 2455 5995 3147 
2876 5290 6396 5289 
2877 5398 5987 5980 
2878 4394 4395 1213 
2879 5128 6828 5127 
2880 5775 5922 127 
2881 5989 6003 5395 
2882 177 5938 176 
2883 128 5924 5775 
2884 5202 6633 5201 
2885 130 5925 5779 
2886 5784 5926 133 
2887 6181 6193 5354 
2888 5011 6884 602 
2889 134 5927 5784 
2890 6321 6331 5309 
2891 3415 6179 2188 
2892 5770 6634 6010 
2893 5776 5929 139 
2894 136 5928 5783 
2895 1116 6861 1115 
2896 5368 6137 5367 
2897 5729 6014 5897 
2898 3131 5985 2471 
2899 5855 5954 5692 
2900 5808 5931 151 
2901 5394 6024 5393 
2902 5798 5932 149 
2903 5861 6174 5860 
2904 2456 5990 3146 
2905 152 5933 5808 
2906 5817 5936 155 
2907 156 5935 5817 
2908 5330 6259 6251 
2909 158 5937 5816 
2910 5566 6019 5728 
2911 5786 6888 5781 
2912 5726 6019 5567 
2913 1115 6874 1114 
2914 5967 5989 5396 
2915 5881 6664 5759 
2916 5507 6550 5506 
2917 4547 4548 1061 
2918 5854 5855 5692 
2919 1062 4547 1061 
2920 6468 6475 5259 
2921 3416 6168 2187 
2922 5884 5940 188 
2923 3132 5981 2470 
2924 187 5940 5908 
2925 5722 5962 5845 
2926 2457 5986 3145 
2927 4539 4540 1069 
2928 5568 6020 5726 
2929 5718 6020 5569 
2930 6784 6790 5139 
2931 1069 4540 1068 
2932 4596 6885 4595 
2933 5865 5866 5696 
2934 176 5938 5891 
2935 5912 5938 177 
2936 5241 6523 6517 
2937 2145 6198 3458 
2938 5309 6331 5308 
2939 5745 6728 5905 
2940 5366 6133 6125 
2941 5876 6439 6400 
2942 5139 6790 5138 
2943 5686 6742 5841 
2944 3133 5978 2469 
2945 5823 5824 5678 
2946 5874 5875 5703 
2947 2458 5983 3144 
2948 186 5943 185 
2949 6 5910 5 
2950 3417 6159 2186 
2951 5833 5910 5682 
2952 5259 6475 5258 
2953 5354 6193 5353 
2954 5825 6383 5697 
2955 2819 5918 2782 
2956 5955 6576 5879 
2957 5331 6259 5330 
2958 5848 6128 5744 
2959 4597 6872 4596 
2960 14 5843 5687 
2961 5909 6434 5755 
2962 8 5834 5830 
2963 5727 6178 6141 
2964 5242 6523 5241 
2965 7 5830 5682 
2966 5288 6386 6379 
2967 2146 6191 3457 
2968 5676 5799 2795 
2969 4546 4547 1062 
2970 5399 5987 5398 
2971 1063 4546 1062 
2972 19 5853 5690 
2973 10 5921 5707 
2974 2459 5979 3143 
2975 6616 6626 5203 
2976 5715 5921 11 
2977 3134 5966 2468 
2978 185 5943 5939 
2979 5908 5943 186 
2980 13 5838 12 
2981 5187 6670 6666 
2982 5823 6212 5824 
2983 5395 6003 5394 
2984 4540 4541 1068 
2985 26 5864 5695 
2986 1068 4541 1067 
2987 4598 6858 4597 
2988 5126 6825 6823 
2989 18 5849 17 
2990 3418 6152 2185 
2991 5759 6664 6031 
2992 5739 6007 5867 
2993 21 5854 5692 
2994 23 5857 22 
2995 6312 6321 5310 
2996 2460 5965 3142 
2997 2147 6186 3456 
2998 5188 6670 5187 
2999 5681 6311 6249 
3000 2466 5961 3136 
3001 5203 6626 5202 
3002 25 5860 24 
3003 6105 6128 5848 
3004 5127 6825 5126 
3005 5776 6863 5896 
3006 5707 5836 5835 
3007 28 5865 5696 
3008 30 5867 29 
3009 5289 6386 5288 
3010 32 5869 31 
3011 34 5871 33 
3012 4599 6845 4598 
3013 5709 6576 5955 
3014 36 5873 35 
3015 5367 6133 5366 
3016 39 5876 38 
3017 37 5874 5703 
3018 2461 5960 3141 
3019 41 5879 40 
3020 5844 5856 5843 
3021 4545 4546 1063 
3022 5397 5980 5967 
3023 43 5880 42 
3024 1064 4545 1063 
3025 3419 6148 2184 
3026 5687 5840 5839 
3027 44 5882 5712 
3028 46 5883 45 
3029 2465 5958 3137 
3030 49 5886 48 
3031 5329 6251 6244 
3032 47 5885 5711 
3033 2148 6180 3455 
3034 51 5888 50 
3035 5690 5851 5850 
3036 53 5889 52 
3037 6457 6468 5260 
3038 54 5892 5719 
3039 56 5893 55 
3040 57 5894 5720 
3041 5837 6085 5738 
3042 59 5895 58 
3043 5833 6572 6249 
3044 5785 5904 61 
3045 60 5904 5766 
3046 63 5897 62 
3047 4600 6833 4599 
3048 5695 5862 5861 
3049 4541 4542 1067 
3050 1067 4542 1066 
3051 2462 5956 3140 
3052 65 5898 64 
3053 6774 6784 5140 
3054 66 5959 5731 
3055 68 5900 67 
3056 6067 6075 5837 
3057 71 5901 5730 
3058 224 5989 5967 
3059 79 5902 78 
3060 5902 6042 6026 
3061 2464 5953 3138 
3062 5365 6125 6120 
3063 5310 6321 5309 
3064 2820 5950 2781 
3065 86 5905 5740 
3066 92 5906 91 
3067 5396 5989 5395 
3068 3420 6143 2183 
3069 94 5907 93 
3070 5355 6181 5354 
3071 2149 6169 3454 
3072 5240 6517 6514 
3073 102 5909 5749 
3074 5140 6784 5139 
3075 2463 5951 3139 
3076 108 5911 107 
3077 110 5913 109 
3078 112 5914 111 
3079 5727 6233 5862 
3080 114 5915 113 
3081 118 5917 117 
3082 116 5916 115 
3083 4601 6809 4600 
3084 5398 5980 5397 
3085 121 5920 5760 
3086 127 5922 126 
3087 129 5924 128 
3088 133 5926 132 
3089 131 5925 130 
3090 135 5927 134 
3091 139 5929 138 
3092 137 5928 136 
3093 4544 4545 1064 
3094 5260 6468 5259 
3095 1065 4544 1064 
3096 143 5957 142 
3097 3138 5951 2464 
3098 151 5931 150 
3099 149 5932 148 
3100 153 5933 152 
3101 155 5936 154 
3102 157 5935 156 
3103 159 5937 158 
3104 6337 6349 5269 
3105 180 5946 5942 
3106 179 5942 5941 
3107 5944 5947 183 
3108 178 5941 5912 
3109 5939 5944 184 
3110 181 5948 5946 
3111 5947 5948 182 
3112 3137 5953 2465 
3113 198 5963 5952 
3114 197 5952 5945 
3115 196 5945 5903 
3116 6606 6616 5204 
3117 5330 6251 5329 
3118 2150 6158 3453 
3119 1066 4543 1065 
3120 3421 6139 2182 
3121 5830 5832 5831 
3122 5831 5833 5682 
3123 5287 6379 6372 
3124 4602 6791 4601 
3125 5241 6517 5240 
3126 4542 4543 1066 
3127 5186 6666 6661 
3128 3139 5956 2463 
3129 6304 6312 5311 
3130 5125 6823 6820 
3131 199 5982 5963 
3132 5870 6330 5869 
3133 3136 5958 2466 
3134 5842 6509 5836 
3135 5854 6072 5855 
3136 5485 6782 6777 
3137 224 5967 223 
3138 2151 6151 3452 
3139 4543 4544 1065 
3140 5204 6616 5203 
3141 5969 6144 5725 
3142 4603 6773 4602 
3143 5899 6101 5562 
3144 3422 6135 2181 
3145 5126 6823 5125 
3146 5187 6666 5186 
3147 3140 5960 2462 
3148 5967 5980 223 
3149 5846 6236 5746 
3150 5687 5843 5840 
3151 3135 5961 2467 
3152 5366 6125 5365 
3153 5690 5853 5851 
3154 5980 5987 222 
3155 5695 5864 5862 
3156 5288 6379 5287 
3157 6448 6457 5261 
3158 2152 6147 3451 
3159 5328 6244 6238 
3160 5830 5834 5832 
3161 5548 6042 5547 
3162 4604 6760 4603 
3163 200 5991 5982 
3164 3141 5965 2461 
3165 6767 6774 5141 
3166 2467 5966 3135 
3167 3423 6129 2180 
3168 5364 6120 6113 
3169 264 6157 263 
3170 348 6349 6337 
3171 5455 5984 5804 
3172 5456 5984 5455 
3173 6639 6690 5713 
3174 5311 6312 5310 
3175 5699 5977 5976 
3176 5699 5976 5658 
3177 5657 5976 5974 
3178 5968 5969 5725 
3179 5654 5970 5968 
3180 5653 5968 5725 
3181 5976 5977 5975 
3182 5657 5974 5656 
3183 5658 5976 5657 
3184 5974 5976 5975 
3185 5691 5971 5970 
3186 5972 5973 5971 
3187 5700 5792 5790 
3188 5691 5972 5971 
3189 5653 5725 5652 
3190 5691 5970 5655 
3191 5654 5968 5653 
3192 5 5700 1 
3193 5656 5691 5655 
3194 5659 5699 5658 
3195 5661 5678 5660 
3196 5655 5970 5654 
3197 5656 5974 5691 
3198 5974 5975 5972 
3199 5630 5681 5629 
3200 5397 5967 5396 
3201 5427 5868 5426 
3202 5452 5821 5451 
3203 5455 5804 5454 
3204 5477 5788 5476 
3205 5480 5781 5479 
3206 5628 5708 5627 
3207 5608 5694 5607 
3208 5483 5896 5482 
3209 5500 5772 5499 
3210 5610 5693 5609 
3211 5520 5757 5519 
3212 5546 5848 5545 
3213 5502 5770 5501 
3214 5522 5755 5521 
3215 5590 5709 5589 
3216 5505 5820 5504 
3217 5626 5684 5625 
3218 5537 5746 5536 
3219 5525 5800 5524 
3220 5583 5787 5582 
3221 5570 5718 5569 
3222 5595 5737 5594 
3223 5624 5685 5623 
3224 5530 5756 5529 
3225 5592 5706 5591 
3226 5585 5721 5584 
3227 5527 5878 5526 
3228 5551 5837 5550 
3229 5539 5745 5538 
3230 5568 5726 5567 
3231 5542 5778 5541 
3232 5555 5735 5554 
3233 5602 5698 5601 
3234 5620 5724 5619 
3235 5616 5689 5615 
3236 5544 5801 5543 
3237 5553 5736 5552 
3238 5618 5688 5617 
3239 5572 5829 5571 
3240 5622 5686 5621 
3241 5564 5818 5563 
3242 5561 5733 5560 
3243 5558 5771 5557 
3244 5600 5701 5599 
3245 5574 5723 5573 
3246 5577 5777 5576 
3247 5581 5713 5580 
3248 5587 5759 5586 
3249 5566 5728 5565 
3250 5598 5702 5597 
3251 5579 5716 5578 
3252 5613 5714 5612 
3253 5605 5727 5604 
3254 7 5682 6 
3255 12 5715 11 
3256 28 5696 27 
3257 58 5894 57 
3258 8 5830 7 
3259 67 5959 66 
3260 60 5766 59 
3261 54 5719 53 
3262 74 5795 73 
3263 45 5882 44 
3264 17 5722 16 
3265 47 5711 46 
3266 72 5901 71 
3267 52 5717 51 
3268 62 5785 61 
3269 69 5732 68 
3270 84 5742 83 
3271 21 5692 20 
3272 37 5703 36 
3273 38 5874 37 
3274 89 5846 88 
3275 26 5695 25 
3276 50 5763 49 
3277 42 5710 41 
3278 86 5740 85 
3279 44 5712 43 
3280 35 5704 34 
3281 48 5885 47 
3282 40 5750 39 
3283 33 5748 32 
3284 14 5687 13 
3285 76 5738 75 
3286 22 5854 21 
3287 29 5865 28 
3288 102 5749 101 
3289 55 5892 54 
3290 31 5739 30 
3291 24 5734 23 
3292 61 5904 60 
3293 71 5730 70 
3294 11 5921 10 
3295 82 5744 81 
3296 57 5720 56 
3297 64 5729 63 
3298 19 5690 18 
3299 91 5747 90 
3300 87 5905 86 
3301 105 5949 104 
3302 66 5731 65 
3303 113 5768 112 
3304 100 5752 99 
3305 80 5743 79 
3306 78 5741 77 
3307 107 5758 106 
3308 119 5764 118 
3309 10 5707 9 
3310 111 5765 110 
3311 93 5751 92 
3312 95 5753 94 
3313 103 5909 102 
3314 122 5920 121 
3315 98 5754 97 
3316 117 5767 116 
3317 128 5775 127 
3318 121 5760 120 
3319 109 5762 108 
3320 130 5779 129 
3321 115 5769 114 
3322 152 5808 151 
3323 136 5783 135 
3324 134 5784 133 
3325 140 5776 139 
3326 126 5773 125 
3327 5704 5871 34 
3328 5703 5873 36 
3329 132 5782 131 
3330 5711 5883 46 
3331 142 5774 141 
3332 138 5780 137 
3333 5766 5895 59 
3334 162 5806 161 
3335 150 5798 149 
3336 158 5816 157 
3337 145 5786 144 
3338 156 5817 155 
3339 148 5794 147 
3340 5732 5900 68 
3341 172 5828 171 
3342 154 5814 153 
3343 182 5948 181 
3344 169 5815 168 
3345 160 5812 159 
3346 176 5891 175 
3347 166 5793 165 
3348 178 5912 177 
3349 5720 5893 56 
3350 179 5941 178 
3351 5729 5897 63 
3352 164 5796 163 
3353 52 5889 5717 
3354 183 5947 182 
3355 185 5939 184 
3356 50 5888 5763 
3357 189 5884 188 
3358 180 5942 179 
3359 42 5880 5710 
3360 196 5903 195 
3361 48 5886 5885 
3362 40 5879 5750 
3363 174 5852 173 
3364 5731 5898 65 
3365 187 5908 186 
3366 38 5876 5874 
3367 193 5827 192 
3368 181 5946 180 
3369 199 5963 198 
3370 184 5944 183 
3371 191 5847 190 
3372 197 5945 196 
3373 29 5867 5865 
3374 22 5857 5854 
3375 198 5952 197 
3376 31 5869 5739 
3377 78 5902 5741 
3378 5682 5910 6 
3379 5751 5906 92 
3380 17 5849 5722 
3381 5881 5955 5710 
3382 12 5838 5715 
3383 24 5860 5734 
3384 111 5914 5765 
3385 93 5907 5751 
3386 5762 5911 108 
3387 5841 5842 5715 
3388 5769 5915 114 
3389 117 5917 5767 
3390 109 5913 5762 
3391 5779 5924 129 
3392 115 5916 5769 
3393 5783 5927 135 
3394 5782 5925 131 
3395 126 5922 5773 
3396 5780 5928 137 
3397 132 5926 5782 
3398 138 5929 5780 
3399 142 5957 5774 
3400 5816 5935 157 
3401 150 5931 5798 
3402 5814 5933 153 
3403 148 5932 5794 
3404 5812 5937 159 
3405 154 5936 5814 
3406 5704 5872 5871 
3407 5691 5974 5972 
3408 5880 5881 5710 
3409 5731 5899 5898 
3410 5849 5962 5722 
3411 5838 5841 5715 
3412 5700 5790 5789 
3413 5634 5697 5633 
3414 5636 5680 5635 
3415 5632 5679 5631 
3416 5638 5683 5637 
3417 5641 5705 5640 
3418 5790 5791 5789 
3419 5644 5761 5643 
3420 5791 5822 5789 
3421 5700 5789 1 
3422 2153 6140 3450 
3423 2468 5978 3134 
3424 5141 6774 5140 
3425 4605 6751 4604 
3426 3142 5979 2460 
3427 223 5980 222 
3428 5239 6514 6507 
3429 5987 5997 221 
3430 3424 6126 2179 
3431 5743 6042 5902 
3432 5261 6457 5260 
3433 5872 6384 5871 
3434 5730 6059 70 
3435 69 6059 5732 
3436 2469 5981 3133 
3437 6597 6606 5205 
3438 5744 6153 5848 
3439 201 6001 5991 
3440 6294 6304 5312 
3441 3143 5983 2459 
3442 200 5982 199 
3443 2154 6136 3449 
3444 225 6003 5989 
3445 1004 6739 1003 
3446 5741 6067 77 
3447 76 6067 5738 
3448 5329 6244 5328 
3449 5286 6372 6361 
3450 5886 6690 6639 
3451 3425 6123 2178 
3452 5185 6661 6655 
3453 2470 5985 3132 
3454 5124 6820 6815 
3455 5240 6514 5239 
3456 4625 6883 4624 
3457 3144 5986 2458 
3458 5997 6006 220 
3459 4624 6868 4623 
3460 1003 6730 1002 
3461 5205 6606 5204 
3462 2155 6131 3448 
3463 5734 6174 5858 
3464 6487 6545 5508 
3465 5748 6384 5870 
3466 222 5987 221 
3467 4623 6854 4622 
3468 5832 6584 6583 
3469 6439 6576 6033 
3470 5820 6608 5760 
3471 5365 6120 5364 
3472 3130 5988 2472 
3473 5125 6820 5124 
3474 225 5989 224 
3475 3426 6118 2177 
3476 5186 6661 5185 
3477 4622 6839 4621 
3478 263 6142 262 
3479 202 6013 6001 
3480 6443 6448 5262 
3481 5532 6192 6165 
3482 5683 6564 6388 
3483 5549 6026 5548 
3484 3145 5990 2457 
3485 5363 6113 6103 
3486 5427 5994 5868 
3487 5428 5994 5427 
3488 5738 6096 75 
3489 74 6096 5795 
3490 4621 6817 4620 
3491 5327 6238 6230 
3492 201 5991 200 
3493 1002 6720 1001 
3494 6759 6767 5142 
3495 5870 6387 5701 
3496 5485 6777 5484 
3497 2156 6127 3447 
3498 72 6099 5901 
3499 5287 6372 5286 
3500 3129 5993 2473 
3501 5795 6099 73 
3502 5866 6178 5696 
3503 5880 6664 5881 
3504 4620 6797 4619 
3505 3677 6293 1927 
3506 5312 6304 5311 
3507 6006 6016 219 
3508 4619 6775 4618 
3509 3427 6115 2176 
3510 3146 5995 2456 
3511 226 6024 6003 
3512 5824 6057 5678 
3513 4618 6761 4617 
3514 3128 5996 2474 
3515 5851 6002 5850 
3516 1001 6709 1000 
3517 221 5997 220 
3518 5142 6767 5141 
3519 203 6021 6013 
3520 6002 6843 5850 
3521 2157 6122 3446 
3522 5535 6205 5534 
3523 4617 6749 4616 
3524 6273 6294 5313 
3525 5262 6448 5261 
3526 5238 6507 6499 
3527 3147 5999 2455 
3528 4616 6737 4615 
3529 3678 6281 1926 
3530 6589 6597 5206 
3531 2474 6000 3128 
3532 3428 6111 2175 
3533 202 6001 201 
3534 6016 6028 218 
3535 1000 6695 999 
3536 4615 6727 4614 
3537 2158 6117 3445 
3538 5659 6057 5699 
3539 5678 6057 5660 
3540 226 6003 225 
3541 4614 6712 4613 
3542 204 6034 6021 
3543 3148 6004 2454 
3544 5328 6238 5327 
3545 5285 6361 6354 
3546 2475 6005 3127 
3547 6593 6624 5772 
3548 5746 6243 5846 
3549 220 6006 219 
3550 5697 6882 5825 
3551 80 6128 5743 
3552 262 6132 261 
3553 4613 6700 4612 
3554 5184 6655 6650 
3555 5123 6815 6811 
3556 263 6157 6142 
3557 5744 6128 81 
3558 2173 6107 3430 
3559 5878 6343 5752 
3560 3679 6272 1925 
3561 999 6684 998 
3562 6028 6037 217 
3563 5362 6103 6091 
3564 5206 6597 5205 
3565 4612 6685 4611 
3566 5239 6507 5238 
3567 2159 6114 3444 
3568 5732 6008 5900 
3569 5364 6113 5363 
3570 1884 6307 3720 
3571 5770 6010 5501 
3572 5501 6010 5500 
3573 5500 6010 5772 
3574 2476 6011 3126 
3575 6431 6443 5263 
3576 3149 6012 2453 
3577 203 6013 202 
3578 227 6048 6024 
3579 4611 6684 4610 
3580 205 6044 6034 
3581 5124 6815 5123 
3582 5326 6230 6221 
3583 4610 6695 4609 
3584 5756 6015 5529 
3585 5529 6015 5528 
3586 6752 6759 5143 
3587 998 6685 997 
3588 5185 6655 5184 
3589 2172 6104 3431 
3590 5508 6545 5507 
3591 6037 6047 216 
3592 5313 6294 5312 
3593 2160 6110 3443 
3594 219 6016 218 
3595 2477 6017 3125 
3596 4609 6709 4608 
3597 3680 6265 1924 
3598 3150 6018 2452 
3599 1885 6301 3719 
3600 6459 6843 6002 
3601 5639 6447 5973 
3602 206 6050 6044 
3603 5286 6361 5285 
3604 4608 6720 4607 
3605 6165 6214 5531 
3606 204 6021 203 
3607 997 6700 996 
3608 6047 6054 215 
3609 4607 6730 4606 
3610 2478 6022 3124 
3611 5143 6759 5142 
3612 5829 6023 5571 
3613 5571 6023 5570 
3614 2161 6106 3442 
3615 5570 6023 5718 
3616 5901 6078 5730 
3617 227 6024 226 
3618 2171 6097 3432 
3619 6056 6572 5708 
3620 3151 6025 2451 
3621 4606 6739 4605 
3622 207 6060 6050 
3623 6249 6311 5792 
3624 5749 6694 5800 
3625 5579 6027 5716 
3626 5902 6026 5741 
3627 5580 6027 5579 
3628 5732 6340 6008 
3629 5713 6027 5580 
3630 5699 6211 5977 
3631 5263 6443 5262 
3632 218 6028 217 
3633 5581 6029 5713 
3634 5582 6029 5581 
3635 5787 6029 5582 
3636 6579 6589 5207 
3637 5721 6030 5584 
3638 5584 6030 5583 
3639 3681 6258 1923 
3640 5583 6030 5787 
3641 6054 6062 214 
3642 261 6121 260 
3643 1886 6296 3718 
3644 5759 6031 5586 
3645 5586 6031 5585 
3646 1005 6751 1004 
3647 5585 6031 5721 
3648 6572 6583 5708 
3649 5237 6499 6495 
3650 996 6712 995 
3651 2479 6032 3123 
3652 208 6068 6060 
3653 5706 6033 5591 
3654 5591 6033 5590 
3655 5680 6064 6063 
3656 5575 6038 5574 
3657 5590 6033 5709 
3658 2162 6098 3441 
3659 228 6079 6048 
3660 1006 6760 1005 
3661 6062 6070 213 
3662 205 6034 204 
3663 262 6142 6132 
3664 5595 6035 5737 
3665 5596 6035 5595 
3666 3152 6036 2450 
3667 2170 6095 3433 
3668 209 6071 6068 
3669 82 6190 5744 
3670 1007 6773 1006 
3671 5742 6190 83 
3672 6070 6073 212 
3673 5495 6532 6505 
3674 210 6074 6071 
3675 6073 6074 211 
3676 6010 6593 5772 
3677 5284 6354 6346 
3678 217 6037 216 
3679 5327 6230 5326 
3680 1008 6791 1007 
3681 5363 6103 5362 
3682 5574 6038 5723 
3683 2480 6039 3122 
3684 5835 6662 6584 
3685 995 6727 994 
3686 1887 6290 3717 
3687 5122 6811 6805 
3688 2163 6094 3440 
3689 5550 6075 5549 
3690 3682 6252 1922 
3691 5183 6650 6643 
3692 1009 6809 1008 
3693 5610 6040 5693 
3694 5611 6040 5610 
3695 6421 6431 5264 
3696 5207 6589 5206 
3697 5612 6041 5611 
3698 5714 6041 5612 
3699 3153 6043 2449 
3700 206 6044 205 
3701 1010 6833 1009 
3702 2169 6088 3434 
3703 5688 6045 5617 
3704 5617 6045 5616 
3705 5616 6045 5689 
3706 5238 6499 5237 
3707 5478 6093 5477 
3708 2481 6046 3121 
3709 1011 6845 1010 
3710 5325 6221 6216 
3711 216 6047 215 
3712 5314 6273 5313 
3713 994 6737 993 
3714 6746 6752 5144 
3715 228 6048 227 
3716 2164 6087 3439 
3717 5551 6085 5837 
3718 1012 6858 1011 
3719 5123 6811 5122 
3720 5851 6870 6002 
3721 5736 6085 5552 
3722 5685 6049 5623 
3723 5623 6049 5622 
3724 6058 6369 6311 
3725 5622 6049 5686 
3726 1888 6276 3716 
3727 5684 6051 5625 
3728 5625 6051 5624 
3729 207 6050 206 
3730 1013 6872 1012 
3731 5624 6051 5685 
3732 3154 6052 2448 
3733 5708 6053 5627 
3734 5627 6053 5626 
3735 3683 6245 1921 
3736 5184 6650 5183 
3737 260 6108 259 
3738 5626 6053 5684 
3739 2168 6084 3435 
3740 229 6089 6079 
3741 1014 6885 1013 
3742 215 6054 214 
3743 2482 6055 3120 
3744 5759 6699 5881 
3745 5681 6056 5629 
3746 5629 6056 5628 
3747 5628 6056 5708 
3748 5740 6224 85 
3749 84 6224 5742 
3750 993 6749 992 
3751 5685 6662 6509 
3752 5660 6057 5659 
3753 5631 6058 5630 
3754 5679 6058 5631 
3755 5630 6058 5681 
3756 70 6059 69 
3757 2165 6083 3438 
3758 5708 6583 6053 
3759 208 6060 207 
3760 5285 6354 5284 
3761 5144 6752 5143 
3762 5651 6061 5650 
3763 214 6062 213 
3764 5735 6100 5554 
3765 5553 6100 5736 
3766 143 6891 5957 
3767 5635 6063 5634 
3768 5680 6063 5635 
3769 5509 6487 5508 
3770 5634 6063 5697 
3771 3155 6065 2447 
3772 6698 6762 5487 
3773 5973 6447 5971 
3774 1889 6266 3715 
3775 2483 6066 3119 
3776 5562 6101 5561 
3777 6568 6579 5208 
3778 77 6067 76 
3779 5747 6236 90 
3780 5264 6431 5263 
3781 89 6236 5846 
3782 5453 6116 5452 
3783 209 6068 208 
3784 5637 6069 5636 
3785 261 6132 6121 
3786 2167 6081 3436 
3787 5683 6069 5637 
3788 5636 6069 5680 
3789 5547 6105 5546 
3790 213 6070 212 
3791 5704 6335 5872 
3792 992 6761 991 
3793 3684 6239 1920 
3794 210 6071 209 
3795 87 6246 5905 
3796 5857 6072 5854 
3797 212 6073 211 
3798 2166 6080 3437 
3799 6091 6092 5361 
3800 5846 6246 88 
3801 211 6074 210 
3802 5696 6178 5864 
3803 5957 6891 5781 
3804 5837 6075 5550 
3805 5518 6377 5517 
3806 96 6247 95 
3807 5236 6495 6485 
3808 5362 6091 5361 
3809 2484 6076 3118 
3810 3156 6077 2446 
3811 6378 6451 5511 
3812 229 6079 228 
3813 3436 6080 2167 
3814 1890 6255 3714 
3815 5872 6335 6035 
3816 991 6775 990 
3817 6026 6075 5741 
3818 5754 6261 97 
3819 6415 6421 5265 
3820 5283 6346 6338 
3821 230 6102 6089 
3822 3435 6081 2168 
3823 5326 6221 5325 
3824 259 6092 258 
3825 3685 6232 1919 
3826 5121 6805 6800 
3827 5920 6634 5770 
3828 5752 6373 5878 
3829 5603 6109 5602 
3830 5208 6579 5207 
3831 3157 6082 2445 
3832 6091 6103 257 
3833 304 6254 303 
3834 5182 6643 6638 
3835 5324 6216 6206 
3836 990 6797 989 
3837 3437 6083 2166 
3838 5756 6261 6015 
3839 6611 6620 5721 
3840 6738 6746 5145 
3841 1891 6248 3713 
3842 3434 6084 2169 
3843 5237 6495 5236 
3844 5549 6075 6026 
3845 5896 6863 5774 
3846 5552 6085 5551 
3847 3158 6086 2444 
3848 6438 6449 5218 
3849 5122 6805 5121 
3850 5949 6427 5757 
3851 3686 6228 1918 
3852 989 6817 988 
3853 3438 6087 2165 
3854 260 6121 6108 
3855 3433 6088 2170 
3856 5850 6843 5962 
3857 5183 6643 5182 
3858 231 6112 6102 
3859 1892 6241 3712 
3860 230 6089 229 
3861 258 6092 6091 
3862 6505 6532 5924 
3863 6015 6261 5754 
3864 5145 6746 5144 
3865 6559 6568 5209 
3866 3159 6090 2443 
3867 5611 6041 6040 
3868 5515 6364 6319 
3869 988 6839 987 
3870 6103 6113 256 
3871 5265 6421 5264 
3872 258 6091 257 
3873 6165 6192 5907 
3874 5284 6346 5283 
3875 5361 6092 5360 
3876 5477 6093 5788 
3877 5608 6130 5694 
3878 3439 6094 2164 
3879 3432 6095 2171 
3880 3687 6222 1917 
3881 5693 6130 5609 
3882 5848 6153 5545 
3883 5544 6153 5801 
3884 5823 6882 6212 
3885 1893 6235 3711 
3886 75 6096 74 
3887 987 6854 986 
3888 5235 6485 6479 
3889 98 6343 5754 
3890 5867 6185 5865 
3891 6390 6415 5266 
3892 6033 6576 5709 
3893 3908 6416 1697 
3894 5752 6343 99 
3895 5755 6704 5909 
3896 5727 6141 5604 
3897 3431 6097 2172 
3898 5603 6141 6109 
3899 303 6240 302 
3900 3440 6098 2163 
3901 5282 6338 6332 
3902 5325 6216 5324 
3903 398 6449 6438 
3904 5323 6206 6196 
3905 232 6119 6112 
3906 3688 6218 1916 
3907 986 6868 985 
3908 73 6099 72 
3909 5554 6100 5553 
3910 5561 6101 5733 
3911 6113 6120 255 
3912 5120 6800 6792 
3913 5209 6568 5208 
3914 231 6102 230 
3915 1894 6231 3710 
3916 5739 6330 6007 
3917 6731 6738 5146 
3918 3430 6104 2173 
3919 257 6103 256 
3920 259 6108 6092 
3921 5181 6638 6631 
3922 5546 6105 5848 
3923 100 6402 5752 
3924 5749 6402 101 
3925 985 6883 984 
3926 5720 6892 5829 
3927 3441 6106 2162 
3928 6042 6105 5547 
3929 3909 6405 1696 
3930 3689 6213 1915 
3931 5753 6165 5907 
3932 3429 6107 2174 
3933 5236 6485 5235 
3934 5758 6427 106 
3935 1895 6223 3709 
3936 105 6427 5949 
3937 5121 6800 5120 
3938 103 6434 5909 
3939 5360 6108 5359 
3940 6762 6782 5486 
3941 5751 6194 5906 
3942 5949 6434 104 
3943 5643 6144 5642 
3944 233 6124 6119 
3945 1653 6440 3952 
3946 5602 6109 5698 
3947 6120 6125 254 
3948 6548 6559 5210 
3949 3442 6110 2161 
3950 5486 6782 5485 
3951 5146 6738 5145 
3952 5542 6209 5778 
3953 5801 6209 5543 
3954 5266 6415 5265 
3955 5531 6214 5530 
3956 5182 6638 5181 
3957 2174 6111 3429 
3958 232 6112 231 
3959 3910 6395 1695 
3960 5648 6580 5647 
3961 256 6113 255 
3962 3690 6208 1914 
3963 5968 6313 5969 
3964 5971 6313 5970 
3965 5283 6338 5282 
3966 6030 6620 6552 
3967 1896 6219 3708 
3968 6366 6390 5267 
3969 302 6229 301 
3970 5694 6200 5607 
3971 5679 6369 6058 
3972 5497 6621 6557 
3973 3443 6114 2160 
3974 6092 6108 5360 
3975 303 6254 6240 
3976 6078 6647 5730 
3977 1654 6430 3951 
3978 5322 6196 6184 
3979 2175 6115 3428 
3980 5234 6479 6470 
3981 234 6134 6124 
3982 5452 6116 5821 
3983 6125 6133 253 
3984 5973 6821 5639 
3985 5281 6332 6324 
3986 5324 6206 5323 
3987 1912 6204 3692 
3988 1897 6215 3707 
3989 3911 6382 1694 
3990 5865 6185 5866 
3991 6035 6335 5737 
3992 3444 6117 2159 
3993 5210 6559 5209 
3994 5537 6243 5746 
3995 6722 6731 5147 
3996 5119 6792 6785 
3997 5745 6243 5538 
3998 2176 6118 3427 
3999 233 6119 232 
4000 255 6120 254 
4001 1655 6423 3950 
4002 5786 6891 144 
4003 5359 6121 5358 
4004 5180 6631 6623 
4005 5698 6226 5601 
4006 5760 6608 120 
4007 5600 6226 5701 
4008 5774 6863 141 
4009 119 6608 5764 
4010 140 6863 5776 
4011 5794 6865 147 
4012 5774 6876 5896 
4013 235 6138 6134 
4014 5773 6624 125 
4015 122 6634 5920 
4016 6133 6137 252 
4017 1898 6207 3706 
4018 6329 6378 5512 
4019 1911 6199 3693 
4020 145 6816 5786 
4021 5487 6762 5486 
4022 3445 6122 2158 
4023 2177 6123 3426 
4024 5605 6233 5727 
4025 3912 6371 1693 
4026 6109 6141 5866 
4027 5533 6192 5532 
4028 5267 6390 5266 
4029 5120 6792 5119 
4030 5235 6479 5234 
4031 6543 6560 5159 
4032 1656 6417 3949 
4033 301 6217 300 
4034 6349 6366 5268 
4035 5147 6731 5146 
4036 234 6124 233 
4037 254 6125 253 
4038 1899 6202 3705 
4039 6108 6121 5359 
4040 6137 6145 251 
4041 5757 6433 5949 
4042 236 6146 6138 
4043 2178 6126 3425 
4044 3446 6127 2157 
4045 6793 6865 5794 
4046 6506 6551 5491 
4047 5680 6325 6064 
4048 5753 6214 6165 
4049 5321 6184 6166 
4050 1910 6195 3694 
4051 5906 6205 5747 
4052 5725 6435 5652 
4053 5181 6631 5180 
4054 302 6240 6229 
4055 81 6128 80 
4056 5282 6332 5281 
4057 6317 6329 5513 
4058 3913 6360 1692 
4059 6793 6850 5475 
4060 1657 6403 3948 
4061 2179 6129 3424 
4062 5323 6196 5322 
4063 1900 6197 3704 
4064 5593 6292 5592 
4065 5609 6130 5608 
4066 6145 6149 250 
4067 5646 6580 6298 
4068 5233 6470 6463 
4069 3447 6131 2156 
4070 5280 6324 6316 
4071 5358 6132 5357 
4072 237 6150 6146 
4073 5743 6105 6042 
4074 5527 6320 5878 
4075 5532 6165 5531 
4076 253 6133 252 
4077 1909 6187 3695 
4078 235 6134 234 
4079 456 6560 6543 
4080 5211 6548 5210 
4081 5594 6305 5593 
4082 2180 6135 3423 
4083 3914 6351 1691 
4084 1901 6189 3703 
4085 5901 6627 6078 
4086 6149 6154 249 
4087 238 6155 6150 
4088 3448 6136 2155 
4089 1658 6392 3947 
4090 6509 6662 5836 
4091 300 6203 299 
4092 5496 6557 6532 
4093 1908 6182 3696 
4094 5975 6564 5972 
4095 252 6137 251 
4096 6007 6226 5698 
4097 5559 6340 5558 
4098 6121 6132 5358 
4099 239 6161 6155 
4100 6154 6160 248 
4101 236 6138 235 
4102 2181 6139 3422 
4103 5268 6366 5267 
4104 1902 6183 3702 
4105 3449 6140 2154 
4106 5525 6373 5800 
4107 6599 6697 5489 
4108 5878 6373 5526 
4109 5916 6467 5769 
4110 3915 6344 1690 
4111 1659 6376 3946 
4112 6160 6164 247 
4113 5148 6722 5147 
4114 240 6167 6161 
4115 5119 6785 5118 
4116 301 6229 6217 
4117 5234 6470 5233 
4118 5604 6141 5603 
4119 1907 6176 3697 
4120 5357 6142 5356 
4121 2182 6143 3421 
4122 5761 6144 5643 
4123 6164 6170 246 
4124 251 6145 250 
4125 241 6171 6167 
4126 1903 6177 3701 
4127 237 6146 236 
4128 3450 6147 2153 
4129 242 6173 6171 
4130 5322 6184 5321 
4131 6170 6172 245 
4132 5180 6623 5179 
4133 5281 6324 5280 
4134 243 6175 6173 
4135 6172 6175 244 
4136 6697 6698 5488 
4137 5279 6316 6308 
4138 6061 6298 5650 
4139 1660 6363 3945 
4140 5520 6433 5757 
4141 5755 6433 5521 
4142 6816 6865 5788 
4143 2183 6148 3420 
4144 3916 6339 1689 
4145 5754 6320 6015 
4146 5232 6463 6453 
4147 1906 6163 3698 
4148 299 6188 298 
4149 250 6149 249 
4150 5478 6888 6093 
4151 1904 6162 3700 
4152 538 6895 537 
4153 238 6150 237 
4154 5701 6387 5599 
4155 6166 6184 297 
4156 5598 6387 5702 
4157 405 6540 404 
4158 3451 6151 2152 
4159 5955 6656 5709 
4160 5762 6368 5911 
4161 5824 6212 6064 
4162 2184 6152 3419 
4163 5511 6451 5510 
4164 6132 6142 5357 
4165 5545 6153 5544 
4166 6298 6580 5649 
4167 1661 6355 3944 
4168 249 6154 248 
4169 6503 6520 5213 
4170 1905 6156 3699 
4171 6064 6211 5824 
4172 239 6155 238 
4173 5702 6426 5597 
4174 3698 6156 1906 
4175 5269 6349 5268 
4176 3917 6333 1688 
4177 265 6193 6181 
4178 5356 6157 5355 
4179 3452 6158 2151 
4180 2185 6159 3418 
4181 300 6217 6203 
4182 5632 6383 5679 
4183 248 6160 247 
4184 5697 6383 5633 
4185 240 6161 239 
4186 5786 6816 6093 
4187 6015 6320 5528 
4188 467 6711 466 
4189 6064 6212 6063 
4190 3699 6162 1905 
4191 3697 6163 1907 
4192 5781 6888 5479 
4193 6184 6196 296 
4194 1662 6347 3943 
4195 6008 6340 5559 
4196 5926 6551 6506 
4197 247 6164 246 
4198 5896 6876 5482 
4199 298 6166 297 
4200 5321 6166 5320 
4201 241 6167 240 
4202 4112 6537 1494 
4203 2186 6168 3417 
4204 497 6779 496 
4205 3453 6169 2150 
4206 5772 6609 5499 
4207 5233 6463 5232 
4208 5536 6237 5535 
4209 3918 6328 1687 
4210 5476 6793 5475 
4211 246 6170 245 
4212 242 6171 241 
4213 5498 6621 5497 
4214 5278 6308 6299 
4215 5615 6459 5614 
4216 5280 6316 5279 
4217 245 6172 244 
4218 243 6173 242 
4219 5860 6174 5734 
4220 244 6175 243 
4221 3696 6176 1908 
4222 5541 6617 5540 
4223 5523 6704 5522 
4224 3700 6177 1904 
4225 266 6201 6193 
4226 5524 6694 5523 
4227 437 6615 436 
4228 6142 6157 5356 
4229 5231 6453 6446 
4230 2187 6179 3416 
4231 6031 6611 5721 
4232 1663 6341 3942 
4233 5556 6627 5555 
4234 3454 6180 2149 
4235 5540 6728 5539 
4236 265 6181 264 
4237 6035 6426 5872 
4238 537 6886 536 
4239 5557 6647 5556 
4240 5213 6520 5212 
4241 4113 6519 1493 
4242 1450 6565 4156 
4243 3919 6323 1686 
4244 6491 6503 5214 
4245 5640 6447 5639 
4246 6196 6206 295 
4247 3695 6182 1909 
4248 348 6337 347 
4249 3701 6183 1903 
4250 299 6203 6188 
4251 5488 6698 5487 
4252 5709 6656 5589 
4253 297 6184 296 
4254 5516 6364 5515 
4255 5587 6699 5759 
4256 3455 6186 2148 
4257 1664 6334 3941 
4258 6061 6435 5761 
4259 5651 6435 6061 
4260 267 6210 6201 
4261 3694 6187 1910 
4262 537 6895 6886 
4263 5320 6188 5319 
4264 5614 6870 5613 
4265 5746 6237 5536 
4266 6093 6888 5786 
4267 1451 6556 4155 
4268 3920 6318 1685 
4269 5474 6850 6766 
4270 4114 6510 1492 
4271 3702 6189 1902 
4272 466 6701 465 
4273 83 6190 82 
4274 3456 6191 2147 
4275 5907 6192 5751 
4276 266 6193 265 
4277 5905 6225 5740 
4278 5277 6299 6286 
4279 6206 6216 294 
4280 1665 6327 3940 
4281 5534 6194 5533 
4282 5760 6838 5820 
4283 3693 6195 1911 
4284 498 6769 497 
4285 5232 6453 5231 
4286 5279 6308 5278 
4287 5873 6335 5704 
4288 296 6196 295 
4289 5614 6459 6002 
4290 6648 6671 5093 
4291 3921 6310 1684 
4292 3703 6197 1901 
4293 1452 6549 4154 
4294 3457 6198 2146 
4295 5230 6446 6441 
4296 6551 6599 5490 
4297 4115 6498 1491 
4298 268 6220 6210 
4299 298 6188 6166 
4300 6166 6188 5320 
4301 5214 6503 5213 
4302 5514 6319 6317 
4303 6476 6491 5215 
4304 536 6875 535 
4305 438 6604 437 
4306 1666 6322 3939 
4307 3692 6199 1912 
4308 347 6326 346 
4309 5641 6796 5705 
4310 5607 6200 5606 
4311 6216 6221 293 
4312 5866 6185 6109 
4313 466 6711 6701 
4314 267 6201 266 
4315 3704 6202 1900 
4316 5914 6329 6317 
4317 3922 6306 1683 
4318 6769 6779 497 
4319 521 6671 6648 
4320 5319 6203 5318 
4321 1453 6542 4153 
4322 3691 6204 1913 
4323 5176 6595 6587 
4324 1667 6315 3938 
4325 5703 6356 5873 
4326 5706 6439 6033 
4327 4116 6489 1490 
4328 295 6206 294 
4329 269 6227 6220 
4330 6002 6870 5614 
4331 666 6890 4946 
4332 6144 6796 5642 
4333 6063 6212 5697 
4334 5276 6286 6268 
4335 536 6886 6875 
4336 5512 6378 5511 
4337 5874 6400 5875 
4338 465 6687 464 
4339 3705 6207 1899 
4340 6221 6230 292 
4341 1913 6208 3691 
4342 5596 6426 6035 
4343 3923 6300 1682 
4344 6604 6615 437 
4345 1668 6309 3937 
4346 1454 6529 4152 
4347 5543 6209 5542 
4348 5825 6882 5823 
4349 268 6210 267 
4350 6057 6211 5699 
4351 5278 6299 5277 
4352 4117 6480 1489 
4353 5231 6446 5230 
4354 6188 6203 5319 
4355 5871 6384 5748 
4356 499 6763 498 
4357 346 6314 345 
4358 6460 6476 5216 
4359 270 6234 6227 
4360 5229 6441 6429 
4361 1914 6213 3690 
4362 5530 6214 5756 
4363 3706 6215 1898 
4364 294 6216 293 
4365 5215 6491 5214 
4366 5497 6557 5496 
4367 6319 6364 5913 
4368 6093 6816 5788 
4369 6230 6238 291 
4370 535 6864 534 
4371 1680 6295 3925 
4372 1669 6303 3936 
4373 5318 6217 5317 
4374 5177 6595 5176 
4375 1455 6515 4151 
4376 5757 6436 5519 
4377 5275 6268 6262 
4378 347 6337 6326 
4379 1915 6218 3689 
4380 465 6701 6687 
4381 3707 6219 1897 
4382 4118 6473 1488 
4383 271 6242 6234 
4384 5765 6319 5913 
4385 269 6220 268 
4386 5875 6356 5703 
4387 5175 6587 6577 
4388 1670 6297 3935 
4389 6238 6244 290 
4390 1679 6289 3926 
4391 293 6221 292 
4392 6763 6769 498 
4393 1916 6222 3688 
4394 1456 6501 4150 
4395 464 6672 463 
4396 535 6875 6864 
4397 3708 6223 1896 
4398 6078 6627 5556 
4399 85 6224 84 
4400 5556 6647 6078 
4401 345 6302 344 
4402 272 6250 6242 
4403 6203 6217 5318 
4404 6449 6460 5217 
4405 6635 6652 5153 
4406 4119 6465 1487 
4407 1671 6291 3934 
4408 6244 6251 289 
4409 5601 6226 5600 
4410 5277 6286 5276 
4411 5888 6859 5763 
4412 270 6227 269 
4413 1678 6277 3927 
4414 5768 6329 5914 
4415 1917 6228 3687 
4416 5228 6429 6420 
4417 5317 6229 5316 
4418 5216 6476 5215 
4419 292 6230 291 
4420 5230 6441 5229 
4421 1457 6494 4149 
4422 3709 6231 1895 
4423 500 6755 499 
4424 273 6256 6250 
4425 534 6853 533 
4426 5515 6319 5514 
4427 5489 6697 5488 
4428 6251 6259 288 
4429 346 6326 6314 
4430 1672 6278 3933 
4431 4291 6683 1316 
4432 1918 6232 3686 
4433 4120 6456 1486 
4434 5176 6587 5175 
4435 5606 6233 5605 
4436 1677 6269 3928 
4437 5646 6298 5645 
4438 271 6234 270 
4439 6462 6484 5493 
4440 3710 6235 1894 
4441 274 6263 6256 
4442 464 6687 6672 
4443 90 6236 89 
4444 1458 6481 4148 
4445 4728 6887 4727 
4446 6259 6264 287 
4447 291 6238 290 
4448 5750 6439 5876 
4449 5174 6577 6566 
4450 344 6284 343 
4451 1673 6267 3932 
4452 1919 6239 3685 
4453 5768 6378 6329 
4454 6217 6229 5317 
4455 275 6270 6263 
4456 5153 6652 5152 
4457 6262 6268 342 
4458 882 6871 881 
4459 6264 6271 286 
4460 6755 6763 499 
4461 1676 6260 3929 
4462 6618 6635 5154 
4463 5316 6240 5315 
4464 3711 6241 1893 
4465 4292 6663 1315 
4466 534 6864 6853 
4467 4121 6450 1485 
4468 5977 6388 5975 
4469 272 6242 271 
4470 5276 6268 5275 
4471 5538 6243 5537 
4472 1459 6472 4147 
4473 290 6244 289 
4474 276 6274 6270 
4475 6058 6311 5681 
4476 1920 6245 3684 
4477 6271 6275 285 
4478 5217 6460 5216 
4479 5227 6420 6411 
4480 1674 6257 3931 
4481 88 6246 87 
4482 881 6857 880 
4483 5969 6796 6144 
4484 95 6247 5753 
4485 277 6279 6274 
4486 5513 6329 5512 
4487 6275 6280 284 
4488 5876 6400 5874 
4489 345 6314 6302 
4490 6268 6286 341 
4491 5229 6429 5228 
4492 3712 6248 1892 
4493 1675 6253 3930 
4494 533 6842 532 
4495 273 6250 272 
4496 278 6282 6279 
4497 6280 6283 283 
4498 501 6750 500 
4499 289 6251 288 
4500 5681 6249 6056 
4501 1921 6252 3683 
4502 4122 6444 1484 
4503 5275 6262 5274 
4504 279 6285 6282 
4505 1460 6461 4146 
4506 3929 6253 1676 
4507 4293 6649 1314 
4508 880 6844 879 
4509 6283 6287 282 
4510 305 6294 6273 
4511 280 6288 6285 
4512 6287 6288 281 
4513 4933 6881 679 
4514 1272 6715 4335 
4515 5175 6577 5174 
4516 5915 6451 6378 
4517 6229 6240 5316 
4518 5315 6254 5314 
4519 3713 6255 1891 
4520 5112 6740 6733 
4521 274 6256 273 
4522 3930 6257 1675 
4523 5173 6566 6555 
4524 1922 6258 3682 
4525 288 6259 287 
4526 879 6826 878 
4527 6200 6233 5606 
4528 5911 6377 5758 
4529 5824 6211 6057 
4530 3928 6260 1677 
4531 6603 6618 5155 
4532 97 6261 96 
4533 5154 6635 5153 
4534 1461 6452 4145 
4535 5915 6378 5768 
4536 6286 6299 340 
4537 343 6262 342 
4538 4123 6437 1483 
4539 6317 6319 5765 
4540 4294 6637 1313 
4541 275 6263 274 
4542 1273 6703 4334 
4543 287 6264 286 
4544 5218 6449 5217 
4545 878 6803 877 
4546 5226 6411 6389 
4547 533 6853 6842 
4548 6109 6185 5698 
4549 1923 6265 3681 
4550 3714 6266 1890 
4551 3931 6267 1674 
4552 6552 6620 5883 
4553 6750 6755 500 
4554 306 6304 6294 
4555 342 6268 341 
4556 5472 6778 6713 
4557 3927 6269 1678 
4558 344 6302 6284 
4559 5475 6850 5474 
4560 276 6270 275 
4561 286 6271 285 
4562 1462 6445 4144 
4563 877 6786 876 
4564 5228 6420 5227 
4565 532 6830 531 
4566 4124 6428 1482 
4567 6668 6719 5468 
4568 1924 6272 3680 
4569 305 6273 304 
4570 4737 6827 4736 
4571 4736 6801 4735 
4572 4738 6847 4737 
4573 277 6274 276 
4574 4735 6783 4734 
4575 285 6275 284 
4576 4739 6862 4738 
4577 3715 6276 1889 
4578 4740 6878 4739 
4579 4734 6786 4733 
4580 4741 6894 4740 
4581 6240 6254 5315 
4582 6299 6308 339 
4583 4730 6857 4729 
4584 4729 6871 4728 
4585 1274 6688 4333 
4586 3926 6277 1679 
4587 4733 6803 4732 
4588 4731 6844 4730 
4589 3932 6278 1673 
4590 4732 6826 4731 
4591 4295 6625 1312 
4592 883 6887 882 
4593 5113 6740 5112 
4594 6768 6879 5466 
4595 876 6783 875 
4596 278 6279 277 
4597 284 6280 283 
4598 5721 6620 6030 
4599 1925 6281 3679 
4600 307 6312 6304 
4601 6588 6603 5156 
4602 1463 6442 4143 
4603 5172 6555 6546 
4604 279 6282 278 
4605 283 6283 282 
4606 5174 6566 5173 
4607 5111 6733 6724 
4608 5274 6284 5273 
4609 280 6285 279 
4610 341 6286 340 
4611 282 6287 281 
4612 281 6288 280 
4613 4125 6422 1481 
4614 875 6801 874 
4615 3925 6289 1680 
4616 3716 6290 1888 
4617 5155 6618 5154 
4618 3933 6291 1672 
4619 5496 6532 5495 
4620 398 6438 397 
4621 5225 6389 6365 
4622 1275 6675 4332 
4623 5592 6292 5706 
4624 4296 6612 1311 
4625 6308 6316 338 
4626 1926 6293 3678 
4627 306 6294 305 
4628 874 6827 873 
4629 5490 6599 5489 
4630 532 6842 6830 
4631 1464 6432 4142 
4632 3924 6295 1681 
4633 5514 6317 5513 
4634 3717 6296 1887 
4635 308 6321 6312 
4636 4126 6418 1480 
4637 3934 6297 1671 
4638 5650 6298 5649 
4639 6766 6778 5473 
4640 5227 6411 5226 
4641 531 6807 530 
4642 873 6847 872 
4643 1276 6654 4331 
4644 340 6299 339 
4645 6770 6788 5085 
4646 4297 6601 1310 
4647 6316 6324 337 
4648 1681 6300 3924 
4649 1465 6425 4141 
4650 6573 6588 5157 
4651 3718 6301 1886 
4652 5112 6733 5111 
4653 5273 6302 5272 
4654 872 6862 871 
4655 3935 6303 1670 
4656 5171 6546 6539 
4657 307 6304 306 
4658 1478 6406 4128 
4659 5110 6724 6718 
4660 5503 6893 5502 
4661 397 6424 396 
4662 5224 6365 6352 
4663 309 6331 6321 
4664 5936 6719 6668 
4665 5156 6603 5155 
4666 5737 6305 5594 
4667 5173 6555 5172 
4668 5925 6484 6462 
4669 1277 6642 4330 
4670 6879 6880 5465 
4671 871 6878 870 
4672 1682 6306 3923 
4673 3719 6307 1885 
4674 1466 6419 4140 
4675 339 6308 338 
4676 6023 6892 6741 
4677 6324 6332 336 
4678 4298 6592 1309 
4679 6192 6194 5751 
4680 5533 6194 6192 
4681 3936 6309 1669 
4682 5639 6821 5638 
4683 4449 6834 1159 
4684 5712 6664 5880 
4685 870 6894 869 
4686 6352 6357 5223 
4687 343 6284 6262 
4688 531 6830 6807 
4689 6262 6284 5274 
4690 1477 6394 4129 
4691 5883 6620 5882 
4692 310 6336 6331 
4693 1683 6310 3922 
4694 5792 6311 5790 
4695 1278 6628 4329 
4696 308 6312 307 
4697 5226 6389 5225 
4698 5085 6788 5084 
4699 1467 6404 4139 
4700 5970 6313 5968 
4701 6757 6770 5086 
4702 6284 6302 5273 
4703 6560 6573 5158 
4704 5272 6314 5271 
4705 6225 6728 5540 
4706 6332 6338 335 
4707 3937 6315 1668 
4708 6719 6768 5467 
4709 4299 6581 1308 
4710 338 6316 337 
4711 396 6410 395 
4712 5914 6317 5765 
4713 5170 6539 6521 
4714 5471 6713 6659 
4715 1684 6318 3921 
4716 1476 6380 4130 
4717 4450 6812 1158 
4718 5111 6724 5110 
4719 311 6342 6336 
4720 5763 6690 5886 
4721 5109 6718 6706 
4722 5157 6588 5156 
4723 1468 6391 4138 
4724 1279 6613 4328 
4725 5540 6617 6225 
4726 5925 6462 5779 
4727 5172 6546 5171 
4728 6338 6346 334 
4729 5528 6320 5527 
4730 309 6321 308 
4731 3938 6322 1667 
4732 5882 6620 6611 
4733 6611 6664 5712 
4734 1685 6323 3920 
4735 5535 6237 6205 
4736 4300 6571 1307 
4737 337 6324 336 
4738 1475 6370 4131 
4739 5917 6550 6545 
4740 312 6350 6342 
4741 1469 6374 4137 
4742 397 6438 6424 
4743 4451 6794 1157 
4744 5767 6487 5916 
4745 1280 6600 4327 
4746 1114 6874 4494 
4747 6747 6757 5087 
4748 5039 6889 6877 
4749 5271 6326 5270 
4750 6346 6354 333 
4751 5225 6365 5224 
4752 6302 6314 5272 
4753 5086 6770 5085 
4754 3939 6327 1666 
4755 1686 6328 3919 
4756 395 6381 394 
4757 5869 6330 5739 
4758 5909 6408 5749 
4759 310 6331 309 
4760 5504 6838 5503 
4761 5895 6741 5894 
4762 313 6359 6350 
4763 5474 6766 5473 
4764 5169 6521 6504 
4765 1470 6362 4136 
4766 4301 6562 1306 
4767 1474 6358 4132 
4768 336 6332 335 
4769 393 6357 6352 
4770 6354 6361 332 
4771 5158 6573 5157 
4772 1281 6590 4326 
4773 5108 6706 6693 
4774 349 6366 6349 
4775 1687 6333 3918 
4776 1115 6861 4493 
4777 3940 6334 1665 
4778 5110 6718 5109 
4779 5470 6659 6641 
4780 4452 6776 1156 
4781 6352 6365 392 
4782 6311 6369 5790 
4783 314 6367 6359 
4784 5171 6539 5170 
4785 311 6336 310 
4786 6361 6372 331 
4787 1471 6353 4135 
4788 6729 6744 5020 
4789 1473 6348 4133 
4790 5270 6337 5269 
4791 335 6338 334 
4792 4302 6553 1305 
4793 1688 6339 3917 
4794 6734 6747 5088 
4795 5491 6551 5490 
4796 396 6424 6410 
4797 5040 6889 5039 
4798 5223 6357 5222 
4799 5558 6340 5771 
4800 1282 6578 4325 
4801 315 6375 6367 
4802 6314 6326 5271 
4803 3941 6341 1664 
4804 5224 6352 5223 
4805 1116 6849 4492 
4806 5038 6877 6866 
4807 6372 6379 330 
4808 5087 6757 5086 
4809 5465 6880 5464 
4810 6741 6892 5894 
4811 4453 6764 1155 
4812 5924 6532 5775 
4813 1472 6345 4134 
4814 350 6390 6366 
4815 312 6342 311 
4816 593 6744 6729 
4817 316 6385 6375 
4818 99 6343 98 
4819 5168 6504 6493 
4820 6365 6389 391 
4821 1689 6344 3916 
4822 4133 6345 1473 
4823 6379 6386 329 
4824 6532 6557 5775 
4825 334 6346 333 
4826 5764 6550 5917 
4827 5159 6560 5158 
4828 5787 6552 6522 
4829 3942 6347 1663 
4830 4303 6544 1304 
4831 1283 6567 4324 
4832 317 6393 6385 
4833 5107 6693 6682 
4834 6386 6396 328 
4835 5519 6436 5518 
4836 1117 6835 4491 
4837 4132 6348 1474 
4838 5912 6851 5444 
4839 349 6349 348 
4840 313 6350 312 
4841 5109 6706 5108 
4842 1690 6351 3915 
4843 318 6397 6393 
4844 393 6352 392 
4845 6396 6398 327 
4846 4454 6754 1154 
4847 4134 6353 1472 
4848 333 6354 332 
4849 5170 6521 5169 
4850 6723 6734 5089 
4851 5775 6557 5922 
4852 5784 6551 5926 
4853 6051 6662 5685 
4854 319 6399 6397 
4855 3943 6355 1662 
4856 395 6410 6381 
4857 6326 6337 5270 
4858 351 6415 6390 
4859 6398 6401 326 
4860 6389 6411 390 
4861 1284 6554 4323 
4862 394 6357 393 
4863 320 6407 6399 
4864 4304 6538 1303 
4865 6401 6409 325 
4866 5718 6741 5895 
4867 4131 6358 1475 
4868 5039 6877 5038 
4869 321 6413 6407 
4870 6409 6412 324 
4871 314 6359 313 
4872 1691 6360 3914 
4873 5750 6576 6439 
4874 5037 6866 6856 
4875 322 6414 6413 
4876 1118 6808 4490 
4877 6412 6414 323 
4878 5088 6747 5087 
4879 332 6361 331 
4880 5167 6493 6478 
4881 5784 6599 6551 
4882 5927 6697 6599 
4883 4135 6362 1471 
4884 3944 6363 1661 
4885 456 6543 455 
4886 4455 6745 1153 
4887 5913 6364 5762 
4888 392 6365 391 
4889 350 6366 349 
4890 315 6367 314 
4891 5517 6368 5516 
4892 5790 6369 5791 
4893 1285 6547 4322 
4894 4130 6370 1476 
4895 1692 6371 3913 
4896 352 6421 6415 
4897 5106 6682 6660 
4898 331 6372 330 
4899 6411 6420 389 
4900 4305 6526 1302 
4901 5779 6505 5924 
4902 6852 6867 4935 
4903 5526 6373 5525 
4904 1119 6789 4489 
4905 677 6867 6852 
4906 6710 6723 5090 
4907 4136 6374 1470 
4908 316 6375 315 
4909 3945 6376 1660 
4910 5108 6693 5107 
4911 330 6379 329 
4912 5169 6504 5168 
4913 6641 6659 5933 
4914 4129 6380 1477 
4915 5222 6381 5221 
4916 5633 6383 5632 
4917 1693 6382 3912 
4918 6408 6704 5523 
4919 5927 6599 5784 
4920 1286 6541 4321 
4921 4456 6735 1152 
4922 5523 6694 6408 
4923 317 6385 316 
4924 4306 6513 1301 
4925 329 6386 328 
4926 5166 6478 6466 
4927 6420 6429 388 
4928 5036 6856 6846 
4929 5089 6734 5088 
4930 353 6431 6421 
4931 5599 6387 5598 
4932 391 6389 390 
4933 351 6390 350 
4934 1120 6771 4488 
4935 5038 6866 5037 
4936 4137 6391 1469 
4937 5928 6762 6698 
4938 3946 6392 1659 
4939 455 6530 454 
4940 318 6393 317 
4941 4128 6394 1478 
4942 1694 6395 3911 
4943 328 6396 327 
4944 6777 6782 5929 
4945 1287 6525 4320 
4946 5885 6522 5711 
4947 5105 6660 6644 
4948 319 6397 318 
4949 327 6398 326 
4950 6692 6710 5091 
4951 4457 6725 1151 
4952 6557 6621 5922 
4953 320 6399 319 
4954 1299 6500 4308 
4955 6429 6441 387 
4956 326 6401 325 
4957 101 6402 100 
4958 354 6443 6431 
4959 1121 6758 4487 
4960 6713 6778 5931 
4961 3947 6403 1658 
4962 4138 6404 1468 
4963 1695 6405 3910 
4964 4127 6406 1479 
4965 321 6407 320 
4966 325 6409 324 
4967 5505 6708 5820 
4968 5221 6410 5220 
4969 390 6411 389 
4970 5770 6893 5920 
4971 324 6412 323 
4972 322 6413 321 
4973 5165 6466 6454 
4974 6766 6850 5932 
4975 323 6414 322 
4976 5494 6462 5493 
4977 352 6415 351 
4978 5168 6493 5167 
4979 5107 6682 5106 
4980 1288 6512 4319 
4981 5935 6879 6768 
4982 5473 6778 5472 
4983 5090 6723 5089 
4984 5035 6846 6837 
4985 454 6508 453 
4986 1696 6416 3909 
4987 5928 6698 5783 
4988 4458 6716 1150 
4989 6441 6446 386 
4990 1479 6418 4127 
4991 3948 6417 1657 
4992 1298 6492 4309 
4993 5713 6690 6027 
4994 4139 6419 1467 
4995 355 6448 6443 
4996 1122 6748 4486 
4997 6659 6713 5808 
4998 5933 6659 5808 
4999 5037 6856 5036 
5000 5841 6742 5842 
5001 6671 6692 5092 
5002 1289 6497 4318 
5003 5776 6777 5929 
5004 5104 6644 6630 
5005 5466 6879 5465 
5006 5683 6388 6069 
5007 389 6420 388 
5008 5937 6880 5816 
5009 353 6421 352 
5010 5442 6840 5942 
5011 5808 6713 5931 
5012 1480 6422 4126 
5013 3949 6423 1656 
5014 6446 6453 385 
5015 5220 6424 5219 
5016 5817 6768 6719 
5017 4140 6425 1466 
5018 1297 6482 4310 
5019 356 6457 6448 
5020 4459 6705 1149 
5021 1123 6736 4485 
5022 5597 6426 5596 
5023 5817 6719 5936 
5024 5767 6545 6487 
5025 5798 6766 5932 
5026 1290 6486 4317 
5027 6522 6552 5711 
5028 5167 6478 5166 
5029 6381 6410 5221 
5030 455 6543 6530 
5031 106 6427 105 
5032 399 6460 6449 
5033 453 6488 452 
5034 5106 6660 5105 
5035 5935 6768 5817 
5036 5091 6710 5090 
5037 6069 6325 5680 
5038 1481 6428 4125 
5039 5034 6837 6814 
5040 388 6429 387 
5041 5506 6708 5505 
5042 3950 6430 1655 
5043 6453 6463 384 
5044 5926 6506 5782 
5045 354 6431 353 
5046 357 6468 6457 
5047 4141 6432 1465 
5048 6869 6884 5012 
5049 5521 6433 5520 
5050 104 6434 103 
5051 1296 6474 4311 
5052 1124 6726 4484 
5053 5103 6630 6614 
5054 6454 6466 450 
5055 5652 6435 5651 
5056 5036 6846 5035 
5057 1291 6477 4316 
5058 4460 6691 1148 
5059 1482 6437 4124 
5060 5219 6438 5218 
5061 6463 6470 383 
5062 5493 6484 5492 
5063 3951 6440 1654 
5064 5794 6850 6793 
5065 358 6475 6468 
5066 5882 6611 5712 
5067 400 6476 6460 
5068 387 6441 386 
5069 4142 6442 1464 
5070 452 6471 451 
5071 355 6443 354 
5072 1295 6464 4312 
5073 1292 6469 4315 
5074 1125 6714 4483 
5075 394 6381 6357 
5076 5166 6466 5165 
5077 6357 6381 5222 
5078 6466 6478 449 
5079 6410 6424 5220 
5080 6470 6479 382 
5081 454 6530 6508 
5082 1483 6444 4123 
5083 4461 6681 1147 
5084 5092 6692 5091 
5085 5033 6814 6798 
5086 359 6483 6475 
5087 5105 6644 5104 
5088 6855 6869 5013 
5089 5102 6614 6598 
5090 4143 6445 1463 
5091 386 6446 385 
5092 5886 6639 5885 
5093 6479 6485 381 
5094 5705 6447 5640 
5095 401 6491 6476 
5096 1293 6458 4314 
5097 356 6448 355 
5098 399 6449 398 
5099 1294 6455 4313 
5100 1126 6702 4482 
5101 360 6490 6483 
5102 1484 6450 4122 
5103 5035 6837 5034 
5104 6478 6493 448 
5105 5165 6454 5164 
5106 4462 6658 1146 
5107 5012 6884 5011 
5108 6205 6237 5747 
5109 5769 6451 5915 
5110 6485 6495 380 
5111 4144 6452 1462 
5112 361 6496 6490 
5113 385 6453 384 
5114 451 6454 450 
5115 4312 6455 1295 
5116 6424 6438 5219 
5117 1485 6456 4121 
5118 4595 6885 1014 
5119 357 6457 356 
5120 4313 6458 1294 
5121 5093 6671 5092 
5122 6841 6855 5014 
5123 5032 6798 6780 
5124 1127 6686 4481 
5125 6495 6499 379 
5126 453 6508 6488 
5127 5689 6459 5615 
5128 402 6503 6491 
5129 362 6502 6496 
5130 5104 6630 5103 
5131 5101 6598 6586 
5132 5467 6768 5466 
5133 6493 6504 447 
5134 400 6460 399 
5135 6499 6507 378 
5136 4463 6645 1145 
5137 4145 6461 1461 
5138 384 6463 383 
5139 5472 6713 5471 
5140 363 6511 6502 
5141 4311 6464 1296 
5142 1486 6465 4120 
5143 450 6466 449 
5144 5510 6467 5509 
5145 358 6468 357 
5146 6507 6514 377 
5147 4314 6469 1293 
5148 1128 6669 4480 
5149 5034 6814 5033 
5150 364 6516 6511 
5151 4596 6872 1013 
5152 5013 6869 5012 
5153 403 6520 6503 
5154 6514 6517 376 
5155 383 6470 382 
5156 365 6518 6516 
5157 5164 6471 5163 
5158 6818 6841 5015 
5159 6504 6521 446 
5160 1487 6473 4119 
5161 4146 6472 1460 
5162 4310 6474 1297 
5163 4464 6632 1144 
5164 521 6648 520 
5165 5443 6851 6840 
5166 6517 6523 375 
5167 5031 6780 6765 
5168 5920 6602 5760 
5169 359 6475 358 
5170 366 6524 6518 
5171 5100 6586 6570 
5172 452 6488 6471 
5173 401 6476 400 
5174 5894 6892 5720 
5175 6523 6527 374 
5176 367 6528 6524 
5177 4315 6477 1292 
5178 5875 6400 6292 
5179 1129 6651 4479 
5180 6527 6531 373 
5181 449 6478 448 
5182 368 6533 6528 
5183 5103 6614 5102 
5184 6531 6534 372 
5185 382 6479 381 
5186 6840 6851 5941 
5187 369 6535 6533 
5188 6534 6536 371 
5189 370 6536 6535 
5190 4597 6858 1012 
5191 1488 6480 4118 
5192 5753 6247 6214 
5193 6214 6247 5756 
5194 4309 6482 1298 
5195 4147 6481 1459 
5196 360 6483 359 
5197 6521 6539 445 
5198 1142 6619 4466 
5199 5685 6509 6049 
5200 5782 6484 5925 
5201 5014 6855 5013 
5202 381 6485 380 
5203 6795 6818 5016 
5204 5033 6798 5032 
5205 4316 6486 1291 
5206 1130 6636 4478 
5207 5163 6488 5162 
5208 1489 6489 4117 
5209 361 6490 360 
5210 520 6629 519 
5211 402 6491 401 
5212 5099 6570 6558 
5213 5030 6765 6753 
5214 4308 6492 1299 
5215 6558 6574 5098 
5216 448 6493 447 
5217 4148 6494 1458 
5218 4598 6845 1011 
5219 6539 6546 444 
5220 380 6495 379 
5221 362 6496 361 
5222 1141 6605 4467 
5223 5102 6598 5101 
5224 984 6883 4625 
5225 1131 6622 4477 
5226 4317 6497 1290 
5227 1490 6498 4116 
5228 379 6499 378 
5229 4307 6500 1300 
5230 6772 6795 5017 
5231 406 6559 6548 
5232 4149 6501 1457 
5233 6546 6555 443 
5234 363 6502 362 
5235 403 6503 402 
5236 5015 6841 5014 
5237 447 6504 446 
5238 5495 6505 5494 
5239 5492 6506 5491 
5240 378 6507 377 
5241 4599 6833 1010 
5242 5162 6508 5161 
5243 519 6610 518 
5244 5032 6780 5031 
5245 5029 6753 6743 
5246 1491 6510 4115 
5247 364 6511 363 
5248 1140 6596 4468 
5249 1132 6607 4476 
5250 451 6471 6454 
5251 6454 6471 5164 
5252 4318 6512 1289 
5253 985 6868 4624 
5254 1300 6513 4307 
5255 377 6514 376 
5256 5783 6698 6697 
5257 407 6568 6559 
5258 6555 6566 442 
5259 4150 6515 1456 
5260 365 6516 364 
5261 376 6517 375 
5262 124 6624 6593 
5263 6756 6772 5018 
5264 366 6518 365 
5265 457 6573 6560 
5266 6593 6634 123 
5267 5101 6586 5100 
5268 1492 6519 4114 
5269 404 6520 403 
5270 6558 6570 515 
5271 446 6521 445 
5272 375 6523 374 
5273 6471 6488 5163 
5274 516 6574 6558 
5275 4600 6809 1009 
5276 1133 6594 4475 
5277 367 6524 366 
5278 1301 6526 4306 
5279 4319 6525 1288 
5280 1139 6585 4469 
5281 986 6854 4623 
5282 408 6579 6568 
5283 6566 6577 441 
5284 374 6527 373 
5285 368 6528 367 
5286 5016 6818 5015 
5287 518 6591 517 
5288 4151 6529 1455 
5289 5161 6530 5160 
5290 373 6531 372 
5291 5028 6743 6732 
5292 5468 6719 5467 
5293 369 6533 368 
5294 372 6534 371 
5295 370 6535 369 
5296 371 6536 370 
5297 1493 6537 4113 
5298 5031 6765 5030 
5299 458 6588 6573 
5300 6577 6587 440 
5301 409 6589 6579 
5302 6744 6756 5019 
5303 6570 6586 514 
5304 1134 6582 4474 
5305 1302 6538 4305 
5306 445 6539 444 
5307 5212 6540 5211 
5308 520 6648 6629 
5309 4320 6541 1287 
5310 4601 6791 1008 
5311 987 6839 4622 
5312 1138 6575 4470 
5313 4152 6542 1454 
5314 5100 6570 5099 
5315 5471 6659 5470 
5316 410 6597 6589 
5317 6587 6595 439 
5318 5027 6732 6721 
5319 6488 6508 5162 
5320 5098 6574 5097 
5321 5798 6778 6766 
5322 5160 6543 5159 
5323 1303 6544 4304 
5324 6305 6356 5875 
5325 5017 6795 5016 
5326 1135 6569 4473 
5327 5917 6545 5767 
5328 6586 6598 513 
5329 444 6546 443 
5330 459 6603 6588 
5331 4321 6547 1286 
5332 406 6548 405 
5333 5816 6880 6879 
5334 4153 6549 1453 
5335 988 6817 4621 
5336 1137 6563 4471 
5337 411 6606 6597 
5338 4602 6773 1007 
5339 5030 6753 5029 
5340 5711 6552 5883 
5341 1304 6553 4303 
5342 1136 6561 4472 
5343 412 6616 6606 
5344 519 6629 6610 
5345 6598 6614 512 
5346 5831 6572 5833 
5347 5026 6721 6707 
5348 443 6555 442 
5349 5099 6558 5098 
5350 4322 6554 1285 
5351 516 6558 515 
5352 460 6618 6603 
5353 4154 6556 1452 
5354 407 6559 406 
5355 457 6560 456 
5356 989 6797 4620 
5357 4471 6561 1137 
5358 5018 6772 5017 
5359 6508 6530 5161 
5360 413 6626 6616 
5361 4603 6760 1006 
5362 5942 6840 5941 
5363 1305 6562 4302 
5364 5941 6851 5912 
5365 4470 6563 1138 
5366 5972 6564 5973 
5367 5832 6583 5831 
5368 6623 6631 435 
5369 6614 6630 511 
5370 414 6633 6626 
5371 6030 6552 5787 
5372 442 6566 441 
5373 4155 6565 1451 
5374 4323 6567 1284 
5375 461 6635 6618 
5376 408 6568 407 
5377 5029 6743 5028 
5378 990 6775 4619 
5379 5025 6707 6689 
5380 6631 6638 434 
5381 4472 6569 1136 
5382 515 6570 514 
5383 415 6640 6633 
5384 1306 6571 4301 
5385 458 6573 457 
5386 517 6574 516 
5387 4604 6751 1005 
5388 518 6610 6591 
5389 4469 6575 1139 
5390 6638 6643 433 
5391 416 6646 6640 
5392 6630 6644 510 
5393 5019 6756 5018 
5394 5879 6576 5750 
5395 441 6577 440 
5396 462 6652 6635 
5397 6643 6650 432 
5398 4324 6578 1283 
5399 409 6579 408 
5400 417 6653 6646 
5401 6530 6543 5160 
5402 991 6761 4618 
5403 6679 6696 5023 
5404 1307 6581 4300 
5405 5024 6689 6679 
5406 6650 6655 431 
5407 4473 6582 1135 
5408 418 6657 6653 
5409 514 6586 513 
5410 4468 6585 1140 
5411 6655 6661 430 
5412 419 6665 6657 
5413 6644 6660 509 
5414 440 6587 439 
5415 1003 6739 4606 
5416 5028 6732 5027 
5417 6661 6666 429 
5418 420 6667 6665 
5419 459 6588 458 
5420 410 6589 409 
5421 6666 6670 428 
5422 421 6673 6667 
5423 4325 6590 1282 
5424 6670 6674 427 
5425 4945 6890 6873 
5426 422 6676 6673 
5427 5097 6591 5096 
5428 5922 6621 5773 
5429 1308 6592 4299 
5430 6674 6677 426 
5431 423 6678 6676 
5432 6677 6680 425 
5433 992 6749 4617 
5434 424 6680 6678 
5435 5020 6744 5019 
5436 6509 6742 6049 
5437 124 6593 123 
5438 4474 6594 1134 
5439 6660 6682 508 
5440 439 6595 438 
5441 4467 6596 1141 
5442 411 6597 410 
5443 513 6598 512 
5444 1002 6730 4607 
5445 522 6692 6671 
5446 4326 6600 1281 
5447 5836 6662 5835 
5448 1309 6601 4298 
5449 5820 6838 5504 
5450 6682 6693 507 
5451 460 6603 459 
5452 4944 6873 6860 
5453 993 6737 4616 
5454 6679 6689 589 
5455 5178 6604 5177 
5456 5027 6721 5026 
5457 4466 6605 1142 
5458 412 6606 411 
5459 120 6608 119 
5460 4475 6607 1133 
5461 590 6696 6679 
5462 5499 6609 5498 
5463 5096 6610 5095 
5464 6325 6388 5977 
5465 593 6729 592 
5466 6693 6706 506 
5467 5936 6668 5814 
5468 1310 6612 4297 
5469 523 6710 6692 
5470 512 6614 511 
5471 4327 6613 1280 
5472 1001 6720 4608 
5473 5179 6615 5178 
5474 5787 6522 6029 
5475 6689 6707 588 
5476 413 6616 412 
5477 5778 6617 5541 
5478 994 6727 4615 
5479 6867 6881 4934 
5480 461 6618 460 
5481 4943 6860 6848 
5482 4465 6619 1143 
5483 6706 6718 505 
5484 146 6865 6816 
5485 4476 6622 1132 
5486 436 6623 435 
5487 5470 6641 5469 
5488 125 6624 124 
5489 414 6626 413 
5490 5555 6627 5735 
5491 1311 6625 4296 
5492 524 6723 6710 
5493 6707 6721 587 
5494 5026 6707 5025 
5495 5095 6629 5094 
5496 4328 6628 1279 
5497 6718 6724 504 
5498 592 6717 591 
5499 511 6630 510 
5500 1000 6709 4609 
5501 435 6631 434 
5502 468 6731 6722 
5503 995 6712 4614 
5504 1143 6632 4465 
5505 415 6633 414 
5506 4942 6848 6832 
5507 123 6634 122 
5508 462 6635 461 
5509 6724 6733 503 
5510 4477 6636 1131 
5511 1312 6637 4295 
5512 434 6638 433 
5513 469 6738 6731 
5514 525 6734 6723 
5515 6721 6732 586 
5516 416 6640 415 
5517 5814 6641 5933 
5518 4329 6642 1278 
5519 6733 6740 502 
5520 433 6643 432 
5521 510 6644 509 
5522 470 6746 6738 
5523 1144 6645 4464 
5524 999 6695 4610 
5525 996 6700 4613 
5526 4946 6890 4945 
5527 417 6646 416 
5528 5771 6647 5557 
5529 4941 6832 6806 
5530 5023 6696 5022 
5531 5094 6648 5093 
5532 526 6747 6734 
5533 6732 6743 585 
5534 5025 6689 5024 
5535 1313 6649 4294 
5536 432 6650 431 
5537 463 6652 462 
5538 471 6752 6746 
5539 4478 6651 1130 
5540 418 6653 417 
5541 431 6655 430 
5542 472 6759 6752 
5543 4330 6654 1277 
5544 5589 6656 5588 
5545 527 6757 6747 
5546 419 6657 418 
5547 6743 6753 584 
5548 1145 6658 4463 
5549 4940 6806 6787 
5550 509 6660 508 
5551 430 6661 429 
5552 997 6685 4612 
5553 473 6767 6759 
5554 594 6756 6744 
5555 5638 6821 5683 
5556 420 6665 419 
5557 998 6684 4611 
5558 1314 6663 4293 
5559 429 6666 428 
5560 474 6774 6767 
5561 6781 6804 4938 
5562 5469 6668 5468 
5563 421 6667 420 
5564 5024 6679 5023 
5565 528 6770 6757 
5566 428 6670 427 
5567 5152 6672 5151 
5568 522 6671 521 
5569 4479 6669 1129 
5570 4939 6787 6781 
5571 6753 6765 583 
5572 422 6673 421 
5573 6591 6610 5096 
5574 4945 6873 4944 
5575 475 6784 6774 
5576 427 6674 426 
5577 423 6676 422 
5578 426 6677 425 
5579 4331 6675 1276 
5580 424 6678 423 
5581 590 6679 589 
5582 425 6680 424 
5583 595 6772 6756 
5584 1146 6681 4462 
5585 476 6790 6784 
5586 529 6788 6770 
5587 6785 6792 495 
5588 508 6682 507 
5589 4727 6887 883 
5590 477 6799 6790 
5591 1315 6683 4292 
5592 6765 6780 582 
5593 4610 6684 999 
5594 6792 6800 494 
5595 478 6802 6799 
5596 479 6810 6802 
5597 6225 6617 5740 
5598 6800 6805 493 
5599 4611 6685 998 
5600 480 6813 6810 
5601 6805 6811 492 
5602 596 6795 6772 
5603 6780 6798 581 
5604 6811 6815 491 
5605 6815 6820 490 
5606 5151 6687 5150 
5607 481 6819 6813 
5608 4480 6686 1128 
5609 482 6822 6819 
5610 6820 6823 489 
5611 483 6824 6822 
5612 484 6829 6824 
5613 485 6831 6829 
5614 589 6689 588 
5615 6823 6825 488 
5616 6825 6828 487 
5617 6828 6831 486 
5618 4332 6688 1275 
5619 1147 6691 4461 
5620 6781 6787 673 
5621 523 6692 522 
5622 6798 6814 580 
5623 507 6693 506 
5624 597 6818 6795 
5625 5800 6694 5524 
5626 4934 6881 4933 
5627 674 6804 6781 
5628 6787 6806 672 
5629 4609 6695 1000 
5630 869 6894 4741 
5631 4944 6860 4943 
5632 881 6871 4729 
5633 6814 6837 579 
5634 591 6696 590 
5635 5783 6697 5927 
5636 5178 6615 6604 
5637 598 6841 6818 
5638 5588 6699 5587 
5639 5831 6583 6572 
5640 6610 6629 5095 
5641 4612 6700 997 
5642 6837 6846 578 
5643 5150 6701 5149 
5644 6806 6832 671 
5645 5962 6843 5689 
5646 5522 6704 5755 
5647 4481 6702 1127 
5648 6846 6856 577 
5649 599 6855 6841 
5650 1148 6705 4460 
5651 4333 6703 1274 
5652 6856 6866 576 
5653 6866 6877 575 
5654 506 6706 505 
5655 588 6707 587 
5656 6877 6889 574 
5657 6832 6848 670 
5658 600 6869 6855 
5659 4608 6709 1001 
5660 524 6710 523 
5661 601 6884 6869 
5662 5502 6893 5770 
5663 870 6878 4740 
5664 6848 6860 669 
5665 880 6857 4730 
5666 4935 6867 4934 
5667 6860 6873 668 
5668 678 6881 6867 
5669 5149 6711 5148 
5670 6873 6890 667 
5671 4613 6712 996 
5672 5022 6717 5021 
5673 4943 6848 4942 
5674 1149 6716 4459 
5675 4482 6714 1126 
5676 505 6718 504 
5677 592 6729 6717 
5678 4334 6715 1273 
5679 587 6721 586 
5680 4607 6720 1002 
5681 871 6862 4739 
5682 468 6722 467 
5683 525 6723 524 
5684 6629 6648 5094 
5685 504 6724 503 
5686 879 6844 4731 
5687 1150 6725 4458 
5688 677 6852 676 
5689 5539 6728 5745 
5690 4614 6727 995 
5691 4483 6726 1125 
5692 5021 6729 5020 
5693 4606 6730 1003 
5694 469 6731 468 
5695 4942 6832 4941 
5696 586 6732 585 
5697 872 6847 4738 
5698 503 6733 502 
5699 526 6734 525 
5700 1151 6735 4457 
5701 878 6826 4732 
5702 470 6738 469 
5703 4484 6736 1124 
5704 4615 6737 994 
5705 5829 6892 6023 
5706 676 6836 675 
5707 4605 6739 1004 
5708 502 6740 501 
5709 585 6743 584 
5710 873 6827 4737 
5711 594 6744 593 
5712 1152 6745 4456 
5713 471 6746 470 
5714 4941 6806 4940 
5715 527 6747 526 
5716 5114 6750 5113 
5717 877 6803 4733 
5718 4485 6748 1123 
5719 1004 6751 4605 
5720 4616 6749 993 
5721 4938 6804 4937 
5722 472 6752 471 
5723 584 6753 583 
5724 874 6801 4736 
5725 1153 6754 4455 
5726 5115 6755 5114 
5727 595 6756 594 
5728 5444 6851 5443 
5729 528 6757 527 
5730 473 6759 472 
5731 4940 6787 4939 
5732 1005 6760 4604 
5733 5780 6762 5928 
5734 4486 6758 1122 
5735 876 6786 4734 
5736 5116 6763 5115 
5737 4617 6761 992 
5738 583 6765 582 
5739 1154 6764 4454 
5740 4939 6781 4938 
5741 875 6783 4735 
5742 474 6767 473 
5743 5780 6782 6762 
5744 5117 6769 5116 
5745 529 6770 528 
5746 596 6772 595 
5747 475 6774 474 
5748 1006 6773 4603 
5749 6672 6687 5151 
5750 4487 6771 1121 
5751 5118 6779 5117 
5752 5931 6778 5798 
5753 582 6780 581 
5754 674 6781 673 
5755 5929 6782 5780 
5756 1155 6776 4453 
5757 4618 6775 991 
5758 476 6784 475 
5759 5443 6840 5442 
5760 4734 6783 876 
5761 496 6785 495 
5762 673 6787 672 
5763 4733 6786 877 
5764 530 6788 529 
5765 477 6790 476 
5766 495 6792 494 
5767 1007 6791 4602 
5768 5788 6793 5476 
5769 597 6795 596 
5770 5642 6796 5641 
5771 581 6798 580 
5772 4488 6789 1120 
5773 478 6799 477 
5774 1156 6794 4452 
5775 494 6800 493 
5776 4619 6797 990 
5777 479 6802 478 
5778 675 6804 674 
5779 493 6805 492 
5780 4735 6801 875 
5781 672 6806 671 
5782 4732 6803 878 
5783 5084 6807 5083 
5784 480 6810 479 
5785 492 6811 491 
5786 1008 6809 4601 
5787 6687 6701 5150 
5788 481 6813 480 
5789 580 6814 579 
5790 491 6815 490 
5791 146 6816 145 
5792 1157 6812 4451 
5793 598 6818 597 
5794 482 6819 481 
5795 490 6820 489 
5796 4489 6808 1119 
5797 483 6822 482 
5798 489 6823 488 
5799 484 6824 483 
5800 488 6825 487 
5801 5083 6830 5082 
5802 487 6828 486 
5803 485 6829 484 
5804 486 6831 485 
5805 4620 6817 989 
5806 4731 6826 879 
5807 671 6832 670 
5808 4937 6836 4936 
5809 1009 6833 4600 
5810 4736 6827 874 
5811 579 6837 578 
5812 1158 6834 4450 
5813 599 6841 598 
5814 5082 6842 5081 
5815 4490 6835 1118 
5816 4730 6844 880 
5817 578 6846 577 
5818 670 6848 669 
5819 4621 6839 988 
5820 1010 6845 4599 
5821 5932 6850 5794 
5822 4936 6852 4935 
5823 4737 6847 873 
5824 5081 6853 5080 
5825 600 6855 599 
5826 577 6856 576 
5827 4729 6857 881 
5828 669 6860 668 
5829 4491 6849 1117 
5830 141 6863 140 
5831 6701 6711 5149 
5832 1011 6858 4598 
5833 5080 6864 5079 
5834 147 6865 146 
5835 576 6866 575 
5836 678 6867 677 
5837 4622 6854 987 
5838 5613 6870 5714 
5839 601 6869 600 
5840 4728 6871 882 
5841 668 6873 667 
5842 5079 6875 5078 
5843 4738 6862 872 
5844 5482 6876 5481 
5845 575 6877 574 
5846 5816 6879 5935 
5847 5078 6886 5077 
5848 1012 6872 4597 
5849 679 6881 678 
5850 5479 6888 5478 
5851 602 6884 601 
5852 574 6889 573 
5853 144 6891 143 
5854 667 6890 666 
5855 882 6887 4728 
5856 5077 6895 5076 
5857 4492 6861 1116 
5858 4623 6868 986 
5859 1013 6885 4596 
5860 4739 6878 871 
5861 4740 6894 870 
5862 4493 6874 1115 
5863 517 6591 6574 
5864 4624 6883 985 
5865 6574 6591 5097 
5866 6717 6729 5021 
5867 5782 6506 6484 
5868 6484 6506 5492 
5869 5905 6728 6225 
5870 676 6852 6836 
5871 6462 6505 5779 
5872 5494 6505 6462 
5873 5114 6755 6750 
5874 5115 6763 6755 
5875 5116 6769 6763 
5876 5117 6779 6769 
5877 5814 6668 6641 
5878 6641 6668 5469 
5879 6836 6852 4936 
5880 6807 6830 5083 
5881 6830 6842 5082 
5882 6842 6853 5081 
5883 6853 6864 5080 
5884 6864 6875 5079 
5885 6875 6886 5078 
5886 6886 6895 5077 
5887 6656 6699 5588 
5888 5842 6742 6509 
5889 6029 6639 5713 
5890 591 6717 6696 
5891 6696 6717 5022 
5892 6602 6893 5503 
5893 5788 6865 6793 
5894 6023 6741 5718 
5895 6522 6639 6029 
5896 675 6836 6804 
5897 6804 6836 4937 
5898 5737 6356 6305 
5899 6049 6742 5686 
5900 6364 6368 5762 
5901 5516 6368 6364 
5902 6027 6859 5716 
5903 5885 6639 6522 
5904 6292 6400 5706 
5905 5518 6436 6377 
5906 6069 6388 6325 
5907 5503 6838 6602 
5908 6212 6882 5697 
5909 6377 6436 5758 
5910 6550 6708 5506 
5911 5769 6467 6451 
5912 6451 6467 5510 
5913 6408 6694 5749 
5914 404 6540 6520 
5915 6520 6540 5212 
5916 5909 6704 6408 
5917 6595 6604 438 
5918 5177 6604 6595 
5919 463 6672 6652 
5920 6652 6672 5152 
5921 5773 6621 6609 
5922 6609 6621 5498 
5923 5683 6821 6564 
5924 5764 6708 6550 
5925 6740 6750 501 
5926 5113 6750 6740 
5927 5689 6843 6459 
5928 530 6807 6788 
5929 6788 6807 5084 
5930 5763 6859 6690 
5931 6690 6859 6027 
5932 6564 6821 5973 
5933 6602 6838 5760 
5934 5920 6893 6602 
5935 2809 5819 4 
5936 4 5797 5677 
5937 1470 6374 1469 
5938 1471 6362 1470 
5939 1472 6353 1471 
5940 1473 6345 1472 
5941 1474 6348 1473 
5942 1475 6358 1474 
5943 1476 6370 1475 
5944 1477 6380 1476 
5945 1478 6394 1477 
5946 1479 6406 1478 
5947 1654 6440 1653 
5948 1655 6430 1654 
5949 1656 6423 1655 
5950 1657 6417 1656 
5951 1658 6403 1657 
5952 1659 6392 1658 
5953 1660 6376 1659 
5954 1661 6363 1660 
5955 1662 6355 1661 
5956 1663 6347 1662 
5957 1664 6341 1663 
5958 1665 6334 1664 
5959 1666 6327 1665 
5960 1667 6322 1666 
5961 1668 6315 1667 
5962 1669 6309 1668 
5963 1670 6303 1669 
5964 1671 6297 1670 
5965 1672 6291 1671 
5966 1673 6278 1672 
5967 1674 6267 1673 
5968 1675 6257 1674 
5969 1676 6253 1675 
5970 1677 6260 1676 
5971 1678 6269 1677 
5972 1679 6277 1678 
5973 1680 6289 1679 
5974 1681 6295 1680 
5975 1682 6300 1681 
5976 1683 6306 1682 
5977 1684 6310 1683 
5978 1685 6318 1684 
5979 1686 6323 1685 
5980 1687 6328 1686 
5981 1688 6333 1687 
5982 1689 6339 1688 
5983 1690 6344 1689 
5984 1691 6351 1690 
5985 1692 6360 1691 
5986 1693 6371 1692 
5987 1694 6382 1693 
5988 1695 6395 1694 
5989 1696 6405 1695 
5990 1697 6416 1696 
5991 1885 6307 1884 
5992 1886 6301 1885 
5993 1887 6296 1886 
5994 1888 6290 1887 
5995 1889 6276 1888 
5996 1890 6266 1889 
5997 1891 6255 1890 
5998 1892 6248 1891 
5999 1893 6241 1892 
6000 1894 6235 1893 
6001 1895 6231 1894 
6002 1896 6223 1895 
6003 1897 6219 1896 
6004 1898 6215 1897 
6005 1899 6207 1898 
6006 1900 6202 1899 
6007 1901 6197 1900 
6008 1902 6189 1901 
6009 1903 6183 1902 
6010 1904 6177 1903 
6011 1905 6162 1904 
6012 1906 6156 1905 
6013 1907 6163 1906 
6014 1908 6176 1907 
6015 1909 6182 1908 
6016 1910 6187 1909 
6017 1911 6195 1910 
6018 1912 6199 1911 
6019 1913 6204 1912 
6020 1914 6208 1913 
6021 1915 6213 1914 
6022 1916 6218 1915 
6023 1917 6222 1916 
6024 1918 6228 1917 
6025 1919 6232 1918 
6026 1920 6239 1919 
6027 1921 6245 1920 
6028 1922 6252 1921 
6029 1923 6258 1922 
6030 1924 6265 1923 
6031 1925 6272 1924 
6032 1926 6281 1925 
6033 1927 6293 1926 
6034 2146 6198 2145 
6035 2147 6191 2146 
6036 2148 6186 2147 
6037 2149 6180 2148 
6038 2150 6169 2149 
6039 2151 6158 2150 
6040 2152 6151 2151 
6041 2153 6147 2152 
6042 2154 6140 2153 
6043 2155 6136 2154 
6044 2156 6131 2155 
6045 2157 6127 2156 
6046 2158 6122 2157 
6047 2159 6117 2158 
6048 2160 6114 2159 
6049 2161 6110 2160 
6050 2162 6106 2161 
6051 2163 6098 2162 
6052 2164 6094 2163 
6053 2165 6087 2164 
6054 2166 6083 2165 
6055 2167 6080 2166 
6056 2168 6081 2167 
6057 2169 6084 2168 
6058 2170 6088 2169 
6059 2171 6095 2170 
6060 2172 6097 2171 
6061 2173 6104 2172 
6062 2174 6107 2173 
6063 2175 6111 2174 
6064 2176 6115 2175 
6065 2177 6118 2176 
6066 2178 6123 2177 
6067 2179 6126 2178 
6068 2180 6129 2179 
6069 2181 6135 2180 
6070 2182 6139 2181 
6071 2183 6143 2182 
6072 2184 6148 2183 
6073 2185 6152 2184 
6074 2186 6159 2185 
6075 2187 6168 2186 
6076 2188 6179 2187 
6077 2443 6090 2442 
6078 2444 6086 2443 
6079 2445 6082 2444 
6080 2446 6077 2445 
6081 2447 6065 2446 
6082 2448 6052 2447 
6083 2449 6043 2448 
6084 2450 6036 2449 
6085 2451 6025 2450 
6086 2452 6018 2451 
6087 2453 6012 2452 
6088 2454 6004 2453 
6089 2455 5999 2454 
6090 2456 5995 2455 
6091 2457 5990 2456 
6092 2458 5986 2457 
6093 2459 5983 2458 
6094 2460 5979 2459 
6095 2461 5965 2460 
6096 2462 5960 2461 
6097 2463 5956 2462 
6098 2464 5951 2463 
6099 2465 5953 2464 
6100 2466 5958 2465 
6101 2467 5961 2466 
6102 2468 5966 2467 
6103 2469 5978 2468 
6104 2470 5981 2469 
6105 2471 5985 2470 
6106 2472 5988 2471 
6107 2473 5993 2472 
6108 2474 5996 2473 
6109 2475 6000 2474 
6110 2476 6005 2475 
6111 2477 6011 2476 
6112 2478 6017 2477 
6113 2479 6022 2478 
6114 2480 6032 2479 
6115 2481 6039 2480 
6116 2482 6046 2481 
6117 2483 6055 2482 
6118 2484 6066 2483 
6119 2485 6076 2484 
6120 2781 5950 2780 
6121 2782 5918 2781 
6122 2783 5859 2782 
6123 2784 5826 2783 
6124 2785 5813 2784 
6125 2786 5805 2785 
6126 2787 5807 2786 
6127 2788 5810 2787 
6128 2789 5811 2788 
6129 2790 5809 2789 
6130 2791 5803 2790 
6131 2792 5802 2791 
6132 2793 5819 2792 
6133 2794 5797 2793 
6134 2795 5799 2794 
6135 2810 5802 2809 
6136 2811 5803 2810 
6137 2812 5809 2811 
6138 2813 5811 2812 
6139 2814 5810 2813 
6140 2815 5807 2814 
6141 2816 5805 2815 
6142 2817 5813 2816 
6143 2818 5826 2817 
6144 2819 5859 2818 
6145 2820 5918 2819 
6146 2821 5950 2820 
6147 3118 6076 3117 
6148 3119 6066 3118 
6149 3120 6055 3119 
6150 3121 6046 3120 
6151 3122 6039 3121 
6152 3123 6032 3122 
6153 3124 6022 3123 
6154 3125 6017 3124 
6155 3126 6011 3125 
6156 3127 6005 3126 
6157 3128 6000 3127 
6158 3129 5996 3128 
6159 3130 5993 3129 
6160 3131 5988 3130 
6161 3132 5985 3131 
6162 3133 5981 3132 
6163 3134 5978 3133 
6164 3135 5966 3134 
6165 3136 5961 3135 
6166 3137 5958 3136 
6167 3138 5953 3137 
6168 3139 5951 3138 
6169 3140 5956 3139 
6170 3141 5960 3140 
6171 3142 5965 3141 
6172 3143 5979 3142 
6173 3144 5983 3143 
6174 3145 5986 3144 
6175 3146 5990 3145 
6176 3147 5995 3146 
6177 3148 5999 3147 
6178 3149 6004 3148 
6179 3150 6012 3149 
6180 3151 6018 3150 
6181 3152 6025 3151 
6182 3153 6036 3152 
6183 3154 6043 3153 
6184 3155 6052 3154 
6185 3156 6065 3155 
6186 3157 6077 3156 
6187 3158 6082 3157 
6188 3159 6086 3158 
6189 3160 6090 3159 
6190 3416 6179 3415 
6191 3417 6168 3416 
6192 3418 6159 3417 
6193 3419 6152 3418 
6194 3420 6148 3419 
6195 3421 6143 3420 
6196 3422 6139 3421 
6197 3423 6135 3422 
6198 3424 6129 3423 
6199 3425 6126 3424 
6200 3426 6123 3425 
6201 3427 6118 3426 
6202 3428 6115 3427 
6203 3429 6111 3428 
6204 3430 6107 3429 
6205 3431 6104 3430 
6206 3432 6097 3431 
6207 3433 6095 3432 
6208 3434 6088 3433 
6209 3435 6084 3434 
6210 3436 6081 3435 
6211 3437 6080 3436 
6212 3438 6083 3437 
6213 3439 6087 3438 
6214 3440 6094 3439 
6215 3441 6098 3440 
6216 3442 6106 3441 
6217 3443 6110 3442 
6218 3444 6114 3443 
6219 3445 6117 3444 
6220 3446 6122 3445 
6221 3447 6127 3446 
6222 3448 6131 3447 
6223 3449 6136 3448 
6224 3450 6140 3449 
6225 3451 6147 3450 
6226 3452 6151 3451 
6227 3453 6158 3452 
6228 3454 6169 3453 
6229 3455 6180 3454 
6230 3456 6186 3455 
6231 3457 6191 3456 
6232 3458 6198 3457 
6233 3678 6293 3677 
6234 3679 6281 3678 
6235 3680 6272 3679 
6236 3681 6265 3680 
6237 3682 6258 3681 
6238 3683 6252 3682 
6239 3684 6245 3683 
6240 3685 6239 3684 
6241 3686 6232 3685 
6242 3687 6228 3686 
6243 3688 6222 3687 
6244 3689 6218 3688 
6245 3690 6213 3689 
6246 3691 6208 3690 
6247 3692 6204 3691 
6248 3693 6199 3692 
6249 3694 6195 3693 
6250 3695 6187 3694 
6251 3696 6182 3695 
6252 3697 6176 3696 
6253 3698 6163 3697 
6254 3699 6156 3698 
6255 3700 6162 3699 
6256 3701 6177 3700 
6257 3702 6183 3701 
6258 3703 6189 3702 
6259 3704 6197 3703 
6260 3705 6202 3704 
6261 3706 6207 3705 
6262 3707 6215 3706 
6263 3708 6219 3707 
6264 3709 6223 3708 
6265 3710 6231 3709 
6266 3711 6235 3710 
6267 3712 6241 3711 
6268 3713 6248 3712 
6269 3714 6255 3713 
6270 3715 6266 3714 
6271 3716 6276 3715 
6272 3717 6290 3716 
6273 3718 6296 3717 
6274 3719 6301 3718 
6275 3720 6307 3719 
6276 3909 6416 3908 
6277 3910 6405 3909 
6278 3911 6395 3910 
6279 3912 6382 3911 
6280 3913 6371 3912 
6281 3914 6360 3913 
6282 3915 6351 3914 
6283 3916 6344 3915 
6284 3917 6339 3916 
6285 3918 6333 3917 
6286 3919 6328 3918 
6287 3920 6323 3919 
6288 3921 6318 3920 
6289 3922 6310 3921 
6290 3923 6306 3922 
6291 3924 6300 3923 
6292 3925 6295 3924 
6293 3926 6289 3925 
6294 3927 6277 3926 
6295 3928 6269 3927 
6296 3929 6260 3928 
6297 3930 6253 3929 
6298 3931 6257 3930 
6299 3932 6267 3931 
6300 3933 6278 3932 
6301 3934 6291 3933 
6302 3935 6297 3934 
6303 3936 6303 3935 
6304 3937 6309 3936 
6305 3938 6315 3937 
6306 3939 6322 3938 
6307 3940 6327 3939 
6308 3941 6334 3940 
6309 3942 6341 3941 
6310 3943 6347 3942 
6311 3944 6355 3943 
6312 3945 6363 3944 
6313 3946 6376 3945 
6314 3947 6392 3946 
6315 3948 6403 3947 
6316 3949 6417 3948 
6317 3950 6423 3949 
6318 3951 6430 3950 
6319 3952 6440 3951 
6320 4113 6537 4112 
6321 4114 6519 4113 
6322 4115 6510 4114 
6323 4116 6498 4115 
6324 4117 6489 4116 
6325 4118 6480 4117 
6326 4119 6473 4118 
6327 4120 6465 4119 
6328 4121 6456 4120 
6329 4122 6450 4121 
6330 4123 6444 4122 
6331 4124 6437 4123 
6332 4125 6428 4124 
6333 4126 6422 4125 
6334 4127 6418 4126 
6335 4129 6394 4128 
6336 4130 6380 4129 
6337 4131 6370 4130 
6338 4132 6358 4131 
6339 4133 6348 4132 
6340 4134 6345 4133 
6341 4135 6353 4134 
6342 4136 6362 4135 
6343 4137 6374 4136 
6344 4138 6391 4137 
6345 4139 6404 4138 
6346 4140 6419 4139 
6347 4141 6425 4140 
6348 4142 6432 4141 
6349 4143 6442 4142 
6350 4144 6445 4143 
6351 4145 6452 4144 
6352 4146 6461 4145 
6353 4147 6472 4146 
6354 4148 6481 4147 
6355 4149 6494 4148 
6356 4150 6501 4149 
6357 4151 6515 4150 
6358 4152 6529 4151 
6359 4153 6542 4152 
6360 4154 6549 4153 
6361 4155 6556 4154 
6362 4156 6565 4155 
6363 5677 5799 5676 
6364 5647 2 5648 
6365 5663 2808 3 
6366 573 5041 572 
6367 1114 4495 1113 
6368 4494 4495 1114 
6369 1160 4448 1159 
6370 4448 4449 1159 
6371 1161 4447 1160 
6372 4447 4448 1160 
6373 1162 4446 1161 
6374 4446 4447 1161 
6375 1163 4445 1162 
6376 4445 4446 1162 
6377 1164 4444 1163 
6378 4444 4445 1163 
6379 1260 4348 1259 
6380 1261 4347 1260 
6381 4347 4348 1260 
6382 1262 4346 1261 
6383 4346 4347 1261 
6384 1263 4345 1262 
6385 4345 4346 1262 
6386 1264 4344 1263 
6387 4344 4345 1263 
6388 1265 4343 1264 
6389 4343 4344 1264 
6390 1266 4342 1265 
6391 4342 4343 1265 
6392 1267 4341 1266 
6393 4341 4342 1266 
6394 1268 4340 1267 
6395 4340 4341 1267 
6396 1269 4339 1268 
6397 4339 4340 1268 
6398 1270 4338 1269 
6399 4338 4339 1269 
6400 1271 4337 1270 
6401 4337 4338 1270 
6402 1272 4336 1271 
6403 4336 4337 1271 
6404 4335 4336 1272 
6405 1317 4290 1316 
6406 4290 4291 1316 
6407 1318 4289 1317 
6408 1317 4289 4290 
6409 1319 4288 1318 
6410 4288 4289 1318 
6411 1320 4287 1319 
6412 4287 4288 1319 
6413 1321 4286 1320 
6414 4286 4287 1320 
6415 1322 4285 1321 
6416 4285 4286 1321 
6417 1323 4284 1322 
6418 4284 4285 1322 
6419 1324 4283 1323 
6420 4283 4284 1323 
6421 1325 4282 1324 
6422 4282 4283 1324 
6423 1326 4281 1325 
6424 4281 4282 1325 
6425 1327 4280 1326 
6426 4280 4281 1326 
6427 1328 4279 1327 
6428 4279 4280 1327 
6429 1329 4278 1328 
6430 4278 4279 1328 
6431 1330 4277 1329 
6432 4277 4278 1329 
6433 1331 4276 1330 
6434 4276 4277 1330 
6435 1332 4275 1331 
6436 4275 4276 1331 
6437 1333 4274 1332 
6438 4274 4275 1332 
6439 4273 4274 1333 
6440 1426 4181 1425 
6441 1427 4180 1426 
6442 4180 4181 1426 
6443 1428 4179 1427 
6444 4179 4180 1427 
6445 1429 4178 1428 
6446 4178 4179 1428 
6447 1430 4177 1429 
6448 4177 4178 1429 
6449 1431 4176 1430 
6450 4176 4177 1430 
6451 1432 4175 1431 
6452 4175 4176 1431 
6453 1433 4174 1432 
6454 4174 4175 1432 
6455 1434 4173 1433 
6456 4173 4174 1433 
6457 1435 4172 1434 
6458 4172 4173 1434 
6459 1436 4171 1435 
6460 4171 4172 1435 
6461 1437 4170 1436 
6462 4170 4171 1436 
6463 1438 4169 1437 
6464 4169 4170 1437 
6465 1439 4168 1438 
6466 4168 4169 1438 
6467 1440 4167 1439 
6468 4167 4168 1439 
6469 1441 4166 1440 
6470 4166 4167 1440 
6471 1442 4165 1441 
6472 4165 4166 1441 
6473 1443 4164 1442 
6474 4164 4165 1442 
6475 1444 4163 1443 
6476 4163 4164 1443 
6477 1445 4162 1444 
6478 4162 4163 1444 
6479 1446 4161 1445 
6480 4161 4162 1445 
6481 1447 4160 1446 
6482 4160 4161 1446 
6483 1448 4159 1447 
6484 4159 4160 1447 
6485 1449 4158 1448 
6486 4158 4159 1448 
6487 1450 4157 1449 
6488 4157 4158 1449 
6489 4156 4157 1450 
6490 1495 4111 1494 
6491 4111 4112 1494 
6492 1496 4110 1495 
6493 4110 4111 1495 
6494 1497 4109 1496 
6495 4109 4110 1496 
6496 1498 4108 1497 
6497 4108 4109 1497 
6498 1499 4107 1498 
6499 4107 4108 1498 
6500 1500 4106 1499 
6501 4106 4107 1499 
6502 1501 4105 1500 
6503 4105 4106 1500 
6504 1502 4104 1501 
6505 4104 4105 1501 
6506 1503 4103 1502 
6507 4103 4104 1502 
6508 1504 4102 1503 
6509 4102 4103 1503 
6510 1505 4101 1504 
6511 4101 4102 1504 
6512 1506 4100 1505 
6513 4100 4101 1505 
6514 1507 4099 1506 
6515 4099 4100 1506 
6516 1508 4098 1507 
6517 4098 4099 1507 
6518 1509 4097 1508 
6519 4097 4098 1508 
6520 1510 4096 1509 
6521 4096 4097 1509 
6522 1511 4095 1510 
6523 4095 4096 1510 
6524 1512 4094 1511 
6525 4094 4095 1511 
6526 1513 4093 1512 
6527 4093 4094 1512 
6528 1514 4092 1513 
6529 4092 4093 1513 
6530 1515 4091 1514 
6531 4091 4092 1514 
6532 1516 4090 1515 
6533 4090 4091 1515 
6534 1517 4089 1516 
6535 4089 4090 1516 
6536 1518 4088 1517 
6537 4088 4089 1517 
6538 1519 4087 1518 
6539 4087 4088 1518 
6540 1520 4086 1519 
6541 4086 4087 1519 
6542 1521 4085 1520 
6543 4085 4086 1520 
6544 1522 4084 1521 
6545 4084 4085 1521 
6546 1523 4083 1522 
6547 4083 4084 1522 
6548 1524 4082 1523 
6549 4082 4083 1523 
6550 1525 4081 1524 
6551 4081 4082 1524 
6552 1526 4080 1525 
6553 4080 4081 1525 
6554 1527 4079 1526 
6555 4079 4080 1526 
6556 1613 3993 1612 
6557 1614 3992 1613 
6558 3992 3993 1613 
6559 1615 3991 1614 
6560 3991 3992 1614 
6561 1616 3990 1615 
6562 3990 3991 1615 
6563 1617 3989 1616 
6564 3989 3990 1616 
6565 1618 3988 1617 
6566 3988 3989 1617 
6567 1619 3987 1618 
6568 3987 3988 1618 
6569 1620 3986 1619 
6570 3986 3987 1619 
6571 1621 3985 1620 
6572 3985 3986 1620 
6573 1622 3984 1621 
6574 3984 3985 1621 
6575 1623 3983 1622 
6576 3983 3984 1622 
6577 1624 3982 1623 
6578 3982 3983 1623 
6579 1625 3981 1624 
6580 3981 3982 1624 
6581 1626 3980 1625 
6582 3980 3981 1625 
6583 1627 3979 1626 
6584 3979 3980 1626 
6585 1628 3978 1627 
6586 3978 3979 1627 
6587 1629 3977 1628 
6588 3977 3978 1628 
6589 1630 3976 1629 
6590 3976 3977 1629 
6591 1631 3975 1630 
6592 3975 3976 1630 
6593 1632 3974 1631 
6594 3974 3975 1631 
6595 1633 3973 1632 
6596 3973 3974 1632 
6597 1634 3972 1633 
6598 3972 3973 1633 
6599 1635 3971 1634 
6600 3971 3972 1634 
6601 1636 3970 1635 
6602 3970 3971 1635 
6603 1637 3969 1636 
6604 3969 3970 1636 
6605 1638 3968 1637 
6606 3968 3969 1637 
6607 1639 3967 1638 
6608 3967 3968 1638 
6609 1640 3966 1639 
6610 3966 3967 1639 
6611 1641 3965 1640 
6612 3965 3966 1640 
6613 1642 3964 1641 
6614 3964 3965 1641 
6615 1643 3963 1642 
6616 3963 3964 1642 
6617 1644 3962 1643 
6618 3962 3963 1643 
6619 1645 3961 1644 
6620 3961 3962 1644 
6621 1646 3960 1645 
6622 3960 3961 1645 
6623 1647 3959 1646 
6624 3959 3960 1646 
6625 1648 3958 1647 
6626 3958 3959 1647 
6627 1649 3957 1648 
6628 3957 3958 1648 
6629 1650 3956 1649 
6630 3956 3957 1649 
6631 1651 3955 1650 
6632 3955 3956 1650 
6633 1652 3954 1651 
6634 3954 3955 1651 
6635 1653 3953 1652 
6636 3953 3954 1652 
6637 3952 3953 1653 
6638 1698 3907 1697 
6639 3907 3908 1697 
6640 1699 3906 1698 
6641 3906 3907 1698 
6642 1700 3905 1699 
6643 3905 3906 1699 
6644 1701 3904 1700 
6645 3904 3905 1700 
6646 1702 3903 1701 
6647 3903 3904 1701 
6648 1703 3902 1702 
6649 3902 3903 1702 
6650 1704 3901 1703 
6651 3901 3902 1703 
6652 1705 3900 1704 
6653 3900 3901 1704 
6654 1706 3899 1705 
6655 3899 3900 1705 
6656 1707 3898 1706 
6657 3898 3899 1706 
6658 1708 3897 1707 
6659 3897 3898 1707 
6660 1709 3896 1708 
6661 3896 3897 1708 
6662 1710 3895 1709 
6663 3895 3896 1709 
6664 1711 3894 1710 
6665 3894 3895 1710 
6666 1712 3893 1711 
6667 3893 3894 1711 
6668 1713 3892 1712 
6669 3892 3893 1712 
6670 1714 3891 1713 
6671 3891 3892 1713 
6672 1715 3890 1714 
6673 3890 3891 1714 
6674 1716 3889 1715 
6675 3889 3890 1715 
6676 1717 3888 1716 
6677 3888 3889 1716 
6678 1718 3887 1717 
6679 3887 3888 1717 
6680 1719 3886 1718 
6681 3886 3887 1718 
6682 1720 3885 1719 
6683 3885 3886 1719 
6684 1721 3884 1720 
6685 3884 3885 1720 
6686 1722 3883 1721 
6687 3883 3884 1721 
6688 1723 3882 1722 
6689 3882 3883 1722 
6690 1724 3881 1723 
6691 3881 3882 1723 
6692 1725 3880 1724 
6693 3880 3881 1724 
6694 1726 3879 1725 
6695 3879 3880 1725 
6696 1727 3878 1726 
6697 3878 3879 1726 
6698 1728 3877 1727 
6699 3877 3878 1727 
6700 1729 3876 1728 
6701 3876 3877 1728 
6702 1730 3875 1729 
6703 3875 3876 1729 
6704 1731 3874 1730 
6705 3874 3875 1730 
6706 1732 3873 1731 
6707 3873 3874 1731 
6708 1733 3872 1732 
6709 3872 3873 1732 
6710 1734 3871 1733 
6711 3871 3872 1733 
6712 1735 3870 1734 
6713 3870 3871 1734 
6714 1736 3869 1735 
6715 3869 3870 1735 
6716 1737 3868 1736 
6717 3868 3869 1736 
6718 1738 3867 1737 
6719 3867 3868 1737 
6720 1739 3866 1738 
6721 3866 3867 1738 
6722 1740 3865 1739 
6723 3865 3866 1739 
6724 1741 3864 1740 
6725 3864 3865 1740 
6726 1742 3863 1741 
6727 3863 3864 1741 
6728 1743 3862 1742 
6729 3862 3863 1742 
6730 1744 3861 1743 
6731 3861 3862 1743 
6732 1745 3860 1744 
6733 3860 3861 1744 
6734 1746 3859 1745 
6735 3859 3860 1745 
6736 1747 3858 1746 
6737 3858 3859 1746 
6738 1825 3780 1824 
6739 1826 3779 1825 
6740 3779 3780 1825 
6741 1827 3778 1826 
6742 3778 3779 1826 
6743 1828 3777 1827 
6744 3777 3778 1827 
6745 1829 3776 1828 
6746 3776 3777 1828 
6747 1830 3775 1829 
6748 3775 3776 1829 
6749 1831 3774 1830 
6750 3774 3775 1830 
6751 1832 3773 1831 
6752 3773 3774 1831 
6753 1833 3772 1832 
6754 3772 3773 1832 
6755 1834 3771 1833 
6756 3771 3772 1833 
6757 1835 3770 1834 
6758 3770 3771 1834 
6759 1836 3769 1835 
6760 3769 3770 1835 
6761 1837 3768 1836 
6762 3768 3769 1836 
6763 1838 3767 1837 
6764 3767 3768 1837 
6765 1839 3766 1838 
6766 3766 3767 1838 
6767 1840 3765 1839 
6768 3765 3766 1839 
6769 1841 3764 1840 
6770 3764 3765 1840 
6771 1842 3763 1841 
6772 3763 3764 1841 
6773 1843 3762 1842 
6774 3762 3763 1842 
6775 1844 3761 1843 
6776 3761 3762 1843 
6777 1845 3760 1844 
6778 3760 3761 1844 
6779 1846 3759 1845 
6780 3759 3760 1845 
6781 1847 3758 1846 
6782 3758 3759 1846 
6783 1848 3757 1847 
6784 3757 3758 1847 
6785 1849 3756 1848 
6786 3756 3757 1848 
6787 1850 3755 1849 
6788 3755 3756 1849 
6789 1851 3754 1850 
6790 3754 3755 1850 
6791 1852 3753 1851 
6792 3753 3754 1851 
6793 1853 3752 1852 
6794 3752 3753 1852 
6795 1854 3751 1853 
6796 3751 3752 1853 
6797 1855 3750 1854 
6798 3750 3751 1854 
6799 1856 3749 1855 
6800 3749 3750 1855 
6801 1857 3748 1856 
6802 3748 3749 1856 
6803 1858 3747 1857 
6804 3747 3748 1857 
6805 1859 3746 1858 
6806 3746 3747 1858 
6807 1860 3745 1859 
6808 3745 3746 1859 
6809 1861 3744 1860 
6810 3744 3745 1860 
6811 1862 3743 1861 
6812 3743 3744 1861 
6813 1863 3742 1862 
6814 3742 3743 1862 
6815 1864 3741 1863 
6816 3741 3742 1863 
6817 1865 3740 1864 
6818 3740 3741 1864 
6819 1866 3739 1865 
6820 3739 3740 1865 
6821 1867 3738 1866 
6822 3738 3739 1866 
6823 1868 3737 1867 
6824 3737 3738 1867 
6825 1869 3736 1868 
6826 3736 3737 1868 
6827 1870 3735 1869 
6828 3735 3736 1869 
6829 1871 3734 1870 
6830 3734 3735 1870 
6831 1872 3733 1871 
6832 3733 3734 1871 
6833 1873 3732 1872 
6834 3732 3733 1872 
6835 1874 3731 1873 
6836 3731 3732 1873 
6837 1875 3730 1874 
6838 3730 3731 1874 
6839 1876 3729 1875 
6840 3729 3730 1875 
6841 1877 3728 1876 
6842 3728 3729 1876 
6843 1878 3727 1877 
6844 3727 3728 1877 
6845 1879 3726 1878 
6846 3726 3727 1878 
6847 1880 3725 1879 
6848 3725 3726 1879 
6849 1881 3724 1880 
6850 3724 3725 1880 
6851 1882 3723 1881 
6852 3723 3724 1881 
6853 1883 3722 1882 
6854 3722 3723 1882 
6855 1884 3721 1883 
6856 3721 3722 1883 
6857 3720 3721 1884 
6858 1928 3676 1927 
6859 3676 3677 1927 
6860 1929 3675 1928 
6861 3675 3676 1928 
6862 1930 3674 1929 
6863 3674 3675 1929 
6864 1931 3673 1930 
6865 3673 3674 1930 
6866 1932 3672 1931 
6867 3672 3673 1931 
6868 1933 3671 1932 
6869 3671 3672 1932 
6870 1934 3670 1933 
6871 3670 3671 1933 
6872 1935 3669 1934 
6873 3669 3670 1934 
6874 1936 3668 1935 
6875 3668 3669 1935 
6876 1937 3667 1936 
6877 3667 3668 1936 
6878 1938 3666 1937 
6879 3666 3667 1937 
6880 1939 3665 1938 
6881 3665 3666 1938 
6882 1940 3664 1939 
6883 3664 3665 1939 
6884 1941 3663 1940 
6885 3663 3664 1940 
6886 1942 3662 1941 
6887 3662 3663 1941 
6888 1943 3661 1942 
6889 3661 3662 1942 
6890 1944 3660 1943 
6891 3660 3661 1943 
6892 1945 3659 1944 
6893 3659 3660 1944 
6894 1946 3658 1945 
6895 3658 3659 1945 
6896 1947 3657 1946 
6897 3657 3658 1946 
6898 1948 3656 1947 
6899 3656 3657 1947 
6900 1949 3655 1948 
6901 3655 3656 1948 
6902 1950 3654 1949 
6903 3654 3655 1949 
6904 1951 3653 1950 
6905 3653 3654 1950 
6906 1952 3652 1951 
6907 3652 3653 1951 
6908 1953 3651 1952 
6909 3651 3652 1952 
6910 1954 3650 1953 
6911 3650 3651 1953 
6912 1955 3649 1954 
6913 3649 3650 1954 
6914 1956 3648 1955 
6915 3648 3649 1955 
6916 1957 3647 1956 
6917 3647 3648 1956 
6918 1958 3646 1957 
6919 3646 3647 1957 
6920 1959 3645 1958 
6921 3645 3646 1958 
6922 1960 3644 1959 
6923 3644 3645 1959 
6924 1961 3643 1960 
6925 3643 3644 1960 
6926 1962 3642 1961 
6927 3642 3643 1961 
6928 1963 3641 1962 
6929 3641 3642 1962 
6930 1964 3640 1963 
6931 3640 3641 1963 
6932 1965 3639 1964 
6933 3639 3640 1964 
6934 1966 3638 1965 
6935 3638 3639 1965 
6936 1967 3637 1966 
6937 3637 3638 1966 
6938 1968 3636 1967 
6939 3636 3637 1967 
6940 1969 3635 1968 
6941 3635 3636 1968 
6942 1970 3634 1969 
6943 3634 3635 1969 
6944 1971 3633 1970 
6945 3633 3634 1970 
6946 1972 3632 1971 
6947 3632 3633 1971 
6948 1973 3631 1972 
6949 3631 3632 1972 
6950 1974 3630 1973 
6951 3630 3631 1973 
6952 1975 3629 1974 
6953 3629 3630 1974 
6954 1976 3628 1975 
6955 3628 3629 1975 
6956 1977 3627 1976 
6957 3627 3628 1976 
6958 1978 3626 1977 
6959 3626 3627 1977 
6960 1979 3625 1978 
6961 3625 3626 1978 
6962 1980 3624 1979 
6963 3624 3625 1979 
6964 1981 3623 1980 
6965 3623 3624 1980 
6966 1982 3622 1981 
6967 3622 3623 1981 
6968 1983 3621 1982 
6969 3621 3622 1982 
6970 1984 3620 1983 
6971 3620 3621 1983 
6972 1985 3619 1984 
6973 3619 3620 1984 
6974 1986 3618 1985 
6975 3618 3619 1985 
6976 1987 3617 1986 
6977 3617 3618 1986 
6978 1988 3616 1987 
6979 3616 3617 1987 
6980 1989 3615 1988 
6981 3615 3616 1988 
6982 1990 3614 1989 
6983 3614 3615 1989 
6984 1991 3613 1990 
6985 3613 3614 1990 
6986 1992 3612 1991 
6987 3612 3613 1991 
6988 1993 3611 1992 
6989 3611 3612 1992 
6990 1994 3610 1993 
6991 3610 3611 1993 
6992 1995 3609 1994 
6993 3609 3610 1994 
6994 1996 3608 1995 
6995 3608 3609 1995 
6996 1997 3607 1996 
6997 3607 3608 1996 
6998 1998 3606 1997 
6999 3606 3607 1997 
7000 2065 3539 2064 
7001 2066 3538 2065 
7002 3538 3539 2065 
7003 2067 3537 2066 
7004 3537 3538 2066 
7005 2068 3536 2067 
7006 3536 3537 2067 
7007 2069 3535 2068 
7008 3535 3536 2068 
7009 2070 3534 2069 
7010 3534 3535 2069 
7011 2071 3533 2070 
7012 3533 3534 2070 
7013 2072 3532 2071 
7014 3532 3533 2071 
7015 2073 3531 2072 
7016 3531 3532 2072 
7017 2074 3530 2073 
7018 3530 3531 2073 
7019 2075 3529 2074 
7020 3529 3530 2074 
7021 2076 3528 2075 
7022 3528 3529 2075 
7023 2077 3527 2076 
7024 3527 3528 2076 
7025 2078 3526 2077 
7026 3526 3527 2077 
7027 2079 3525 2078 
7028 3525 3526 2078 
7029 2080 3524 2079 
7030 3524 3525 2079 
7031 2081 3523 2080 
7032 3523 3524 2080 
7033 2082 3522 2081 
7034 3522 3523 2081 
7035 2083 3521 2082 
7036 3521 3522 2082 
7037 2084 3520 2083 
7038 3520 3521 2083 
7039 2085 3519 2084 
7040 3519 3520 2084 
7041 2086 3518 2085 
7042 3518 3519 2085 
7043 2087 3517 2086 
7044 3517 3518 2086 
7045 2088 3516 2087 
7046 3516 3517 2087 
7047 2089 3515 2088 
7048 3515 3516 2088 
7049 2090 3514 2089 
7050 3514 3515 2089 
7051 2091 3513 2090 
7052 3513 3514 2090 
7053 2092 3512 2091 
7054 3512 3513 2091 
7055 2093 3511 2092 
7056 3511 3512 2092 
7057 2094 3510 2093 
7058 3510 3511 2093 
7059 2095 3509 2094 
7060 3509 3510 2094 
7061 2096 3508 2095 
7062 3508 3509 2095 
7063 2097 3507 2096 
7064 3507 3508 2096 
7065 2098 3506 2097 
7066 3506 3507 2097 
7067 2099 3505 2098 
7068 3505 3506 2098 
7069 2100 3504 2099 
7070 3504 3505 2099 
7071 2101 3503 2100 
7072 3503 3504 2100 
7073 2102 3502 2101 
7074 3502 3503 2101 
7075 2103 3501 2102 
7076 3501 3502 2102 
7077 2104 3500 2103 
7078 3500 3501 2103 
7079 2105 3499 2104 
7080 3499 3500 2104 
7081 2106 3498 2105 
7082 3498 3499 2105 
7083 2107 3497 2106 
7084 3497 3498 2106 
7085 2108 3496 2107 
7086 3496 3497 2107 
7087 2109 3495 2108 
7088 3495 3496 2108 
7089 2110 3494 2109 
7090 3494 3495 2109 
7091 2111 3493 2110 
7092 3493 3494 2110 
7093 2112 3492 2111 
7094 3492 3493 2111 
7095 2113 3491 2112 
7096 3491 3492 2112 
7097 2114 3490 2113 
7098 3490 3491 2113 
7099 2115 3489 2114 
7100 3489 3490 2114 
7101 2116 3488 2115 
7102 3488 3489 2115 
7103 2117 3487 2116 
7104 3487 3488 2116 
7105 2118 3486 2117 
7106 3486 3487 2117 
7107 2119 3485 2118 
7108 3485 3486 2118 
7109 2120 3484 2119 
7110 3484 3485 2119 
7111 2121 3483 2120 
7112 3483 3484 2120 
7113 2122 3482 2121 
7114 3482 3483 2121 
7115 2123 3481 2122 
7116 3481 3482 2122 
7117 2124 3480 2123 
7118 3480 3481 2123 
7119 2125 3479 2124 
7120 3479 3480 2124 
7121 2126 3478 2125 
7122 3478 3479 2125 
7123 2127 3477 2126 
7124 3477 3478 2126 
7125 2128 3476 2127 
7126 3476 3477 2127 
7127 2129 3475 2128 
7128 3475 3476 2128 
7129 2130 3474 2129 
7130 3474 3475 2129 
7131 2131 3473 2130 
7132 3473 3474 2130 
7133 2132 3472 2131 
7134 3472 3473 2131 
7135 2133 3471 2132 
7136 3471 3472 2132 
7137 2134 3470 2133 
7138 3470 3471 2133 
7139 2135 3469 2134 
7140 3469 3470 2134 
7141 2136 3468 2135 
7142 3468 3469 2135 
7143 2137 3467 2136 
7144 3467 3468 2136 
7145 2138 3466 2137 
7146 3466 3467 2137 
7147 2139 3465 2138 
7148 3465 3466 2138 
7149 2140 3464 2139 
7150 3464 3465 2139 
7151 2141 3463 2140 
7152 3463 3464 2140 
7153 2142 3462 2141 
7154 3462 3463 2141 
7155 2143 3461 2142 
7156 3461 3462 2142 
7157 2144 3460 2143 
7158 3460 3461 2143 
7159 2145 3459 2144 
7160 3459 3460 2144 
7161 3458 3459 2145 
7162 2189 3414 2188 
7163 3414 3415 2188 
7164 2190 3413 2189 
7165 3413 3414 2189 
7166 2191 3412 2190 
7167 3412 3413 2190 
7168 2192 3411 2191 
7169 3411 3412 2191 
7170 2193 3410 2192 
7171 3410 3411 2192 
7172 2194 3409 2193 
7173 3409 3410 2193 
7174 2195 3408 2194 
7175 3408 3409 2194 
7176 2196 3407 2195 
7177 3407 3408 2195 
7178 2197 3406 2196 
7179 3406 3407 2196 
7180 2198 3405 2197 
7181 3405 3406 2197 
7182 2199 3404 2198 
7183 3404 3405 2198 
7184 2200 3403 2199 
7185 3403 3404 2199 
7186 2201 3402 2200 
7187 3402 3403 2200 
7188 2202 3401 2201 
7189 3401 3402 2201 
7190 2203 3400 2202 
7191 3400 3401 2202 
7192 2204 3399 2203 
7193 3399 3400 2203 
7194 2205 3398 2204 
7195 3398 3399 2204 
7196 2206 3397 2205 
7197 3397 3398 2205 
7198 2207 3396 2206 
7199 3396 3397 2206 
7200 2208 3395 2207 
7201 3395 3396 2207 
7202 2209 3394 2208 
7203 3394 3395 2208 
7204 2210 3393 2209 
7205 3393 3394 2209 
7206 2211 3392 2210 
7207 3392 3393 2210 
7208 2212 3391 2211 
7209 3391 3392 2211 
7210 2213 3390 2212 
7211 3390 3391 2212 
7212 2214 3389 2213 
7213 3389 3390 2213 
7214 2215 3388 2214 
7215 3388 3389 2214 
7216 2216 3387 2215 
7217 3387 3388 2215 
7218 2217 3386 2216 
7219 3386 3387 2216 
7220 2218 3385 2217 
7221 3385 3386 2217 
7222 2219 3384 2218 
7223 3384 3385 2218 
7224 2220 3383 2219 
7225 3383 3384 2219 
7226 2221 3382 2220 
7227 3382 3383 2220 
7228 2222 3381 2221 
7229 3381 3382 2221 
7230 2223 3380 2222 
7231 3380 3381 2222 
7232 2224 3379 2223 
7233 3379 3380 2223 
7234 2225 3378 2224 
7235 3378 3379 2224 
7236 2226 3377 2225 
7237 3377 3378 2225 
7238 2227 3376 2226 
7239 3376 3377 2226 
7240 2228 3375 2227 
7241 3375 3376 2227 
7242 2229 3374 2228 
7243 3374 3375 2228 
7244 2230 3373 2229 
7245 3373 3374 2229 
7246 2231 3372 2230 
7247 3372 3373 2230 
7248 2232 3371 2231 
7249 3371 3372 2231 
7250 2233 3370 2232 
7251 3370 3371 2232 
7252 2234 3369 2233 
7253 3369 3370 2233 
7254 2235 3368 2234 
7255 3368 3369 2234 
7256 2236 3367 2235 
7257 3367 3368 2235 
7258 2237 3366 2236 
7259 3366 3367 2236 
7260 2238 3365 2237 
7261 3365 3366 2237 
7262 2239 3364 2238 
7263 3364 3365 2238 
7264 2240 3363 2239 
7265 3363 3364 2239 
7266 2241 3362 2240 
7267 3362 3363 2240 
7268 2242 3361 2241 
7269 3361 3362 2241 
7270 2243 3360 2242 
7271 3360 3361 2242 
7272 2244 3359 2243 
7273 3359 3360 2243 
7274 2245 3358 2244 
7275 3358 3359 2244 
7276 2246 3357 2245 
7277 3357 3358 2245 
7278 2247 3356 2246 
7279 3356 3357 2246 
7280 2248 3355 2247 
7281 3355 3356 2247 
7282 2249 3354 2248 
7283 3354 3355 2248 
7284 2250 3353 2249 
7285 3353 3354 2249 
7286 2251 3352 2250 
7287 3352 3353 2250 
7288 2252 3351 2251 
7289 3351 3352 2251 
7290 2253 3350 2252 
7291 3350 3351 2252 
7292 2254 3349 2253 
7293 3349 3350 2253 
7294 2255 3348 2254 
7295 3348 3349 2254 
7296 2256 3347 2255 
7297 3347 3348 2255 
7298 2257 3346 2256 
7299 3346 3347 2256 
7300 2258 3345 2257 
7301 3345 3346 2257 
7302 2259 3344 2258 
7303 3344 3345 2258 
7304 2260 3343 2259 
7305 3343 3344 2259 
7306 2261 3342 2260 
7307 3342 3343 2260 
7308 2262 3341 2261 
7309 3341 3342 2261 
7310 2263 3340 2262 
7311 3340 3341 2262 
7312 2264 3339 2263 
7313 3339 3340 2263 
7314 2265 3338 2264 
7315 3338 3339 2264 
7316 2266 3337 2265 
7317 3337 3338 2265 
7318 2267 3336 2266 
7319 3336 3337 2266 
7320 2268 3335 2267 
7321 3335 3336 2267 
7322 2269 3334 2268 
7323 3334 3335 2268 
7324 2270 3333 2269 
7325 3333 3334 2269 
7326 2271 3332 2270 
7327 3332 3333 2270 
7328 2272 3331 2271 
7329 3331 3332 2271 
7330 2273 3330 2272 
7331 3330 3331 2272 
7332 2274 3329 2273 
7333 3329 3330 2273 
7334 2275 3328 2274 
7335 3328 3329 2274 
7336 2276 3327 2275 
7337 3327 3328 2275 
7338 2277 3326 2276 
7339 3326 3327 2276 
7340 2278 3325 2277 
7341 3325 3326 2277 
7342 2279 3324 2278 
7343 3324 3325 2278 
7344 2280 3323 2279 
7345 3323 3324 2279 
7346 2281 3322 2280 
7347 3322 3323 2280 
7348 2282 3321 2281 
7349 3321 3322 2281 
7350 2283 3320 2282 
7351 3320 3321 2282 
7352 2284 3319 2283 
7353 3319 3320 2283 
7354 2337 3266 2336 
7355 2338 3265 2337 
7356 3265 3266 2337 
7357 2339 3264 2338 
7358 3264 3265 2338 
7359 2340 3263 2339 
7360 3263 3264 2339 
7361 2341 3262 2340 
7362 3262 3263 2340 
7363 2342 3261 2341 
7364 3261 3262 2341 
7365 2343 3260 2342 
7366 3260 3261 2342 
7367 2344 3259 2343 
7368 3259 3260 2343 
7369 2345 3258 2344 
7370 3258 3259 2344 
7371 2346 3257 2345 
7372 3257 3258 2345 
7373 2347 3256 2346 
7374 3256 3257 2346 
7375 2348 3255 2347 
7376 3255 3256 2347 
7377 2349 3254 2348 
7378 3254 3255 2348 
7379 2350 3253 2349 
7380 3253 3254 2349 
7381 2351 3252 2350 
7382 3252 3253 2350 
7383 2352 3251 2351 
7384 3251 3252 2351 
7385 2353 3250 2352 
7386 3250 3251 2352 
7387 2354 3249 2353 
7388 3249 3250 2353 
7389 2355 3248 2354 
7390 3248 3249 2354 
7391 2356 3247 2355 
7392 3247 3248 2355 
7393 2357 3246 2356 
7394 3246 3247 2356 
7395 2358 3245 2357 
7396 3245 3246 2357 
7397 2359 3244 2358 
7398 3244 3245 2358 
7399 2360 3243 2359 
7400 3243 3244 2359 
7401 2361 3242 2360 
7402 3242 3243 2360 
7403 2362 3241 2361 
7404 3241 3242 2361 
7405 2363 3240 2362 
7406 3240 3241 2362 
7407 2364 3239 2363 
7408 3239 3240 2363 
7409 2365 3238 2364 
7410 3238 3239 2364 
7411 2366 3237 2365 
7412 3237 3238 2365 
7413 2367 3236 2366 
7414 3236 3237 2366 
7415 2368 3235 2367 
7416 3235 3236 2367 
7417 2369 3234 2368 
7418 3234 3235 2368 
7419 2370 3233 2369 
7420 3233 3234 2369 
7421 2371 3232 2370 
7422 3232 3233 2370 
7423 2372 3231 2371 
7424 3231 3232 2371 
7425 2373 3230 2372 
7426 3230 3231 2372 
7427 2374 3229 2373 
7428 3229 3230 2373 
7429 2375 3228 2374 
7430 3228 3229 2374 
7431 2376 3227 2375 
7432 3227 3228 2375 
7433 2377 3226 2376 
7434 3226 3227 2376 
7435 2378 3225 2377 
7436 3225 3226 2377 
7437 2379 3224 2378 
7438 3224 3225 2378 
7439 2380 3223 2379 
7440 3223 3224 2379 
7441 2381 3222 2380 
7442 3222 3223 2380 
7443 2382 3221 2381 
7444 3221 3222 2381 
7445 2383 3220 2382 
7446 3220 3221 2382 
7447 2384 3219 2383 
7448 3219 3220 2383 
7449 2385 3218 2384 
7450 3218 3219 2384 
7451 2386 3217 2385 
7452 3217 3218 2385 
7453 2387 3216 2386 
7454 3216 3217 2386 
7455 2388 3215 2387 
7456 3215 3216 2387 
7457 2389 3214 2388 
7458 3214 3215 2388 
7459 2390 3213 2389 
7460 3213 3214 2389 
7461 2391 3212 2390 
7462 3212 3213 2390 
7463 2392 3211 2391 
7464 3211 3212 2391 
7465 2393 3210 2392 
7466 3210 3211 2392 
7467 2394 3209 2393 
7468 3209 3210 2393 
7469 2395 3208 2394 
7470 3208 3209 2394 
7471 2396 3207 2395 
7472 3207 3208 2395 
7473 2397 3206 2396 
7474 3206 3207 2396 
7475 2398 3205 2397 
7476 3205 3206 2397 
7477 2399 3204 2398 
7478 3204 3205 2398 
7479 2400 3203 2399 
7480 3203 3204 2399 
7481 2401 3202 2400 
7482 3202 3203 2400 
7483 2402 3201 2401 
7484 3201 3202 2401 
7485 2403 3200 2402 
7486 3200 3201 2402 
7487 2404 3199 2403 
7488 3199 3200 2403 
7489 2405 3198 2404 
7490 3198 3199 2404 
7491 2406 3197 2405 
7492 3197 3198 2405 
7493 2407 3196 2406 
7494 3196 3197 2406 
7495 2408 3195 2407 
7496 3195 3196 2407 
7497 2409 3194 2408 
7498 3194 3195 2408 
7499 2410 3193 2409 
7500 3193 3194 2409 
7501 2411 3192 2410 
7502 3192 3193 2410 
7503 2412 3191 2411 
7504 3191 3192 2411 
7505 2413 3190 2412 
7506 3190 3191 2412 
7507 2414 3189 2413 
7508 3189 3190 2413 
7509 2415 3188 2414 
7510 3188 3189 2414 
7511 2416 3187 2415 
7512 3187 3188 2415 
7513 2417 3186 2416 
7514 3186 3187 2416 
7515 2418 3185 2417 
7516 3185 3186 2417 
7517 2419 3184 2418 
7518 3184 3185 2418 
7519 2420 3183 2419 
7520 3183 3184 2419 
7521 2421 3182 2420 
7522 3182 3183 2420 
7523 2422 3181 2421 
7524 3181 3182 2421 
7525 2423 3180 2422 
7526 3180 3181 2422 
7527 2424 3179 2423 
7528 3179 3180 2423 
7529 2425 3178 2424 
7530 3178 3179 2424 
7531 2426 3177 2425 
7532 3177 3178 2425 
7533 2427 3176 2426 
7534 3176 3177 2426 
7535 2428 3175 2427 
7536 3175 3176 2427 
7537 2429 3174 2428 
7538 3174 3175 2428 
7539 2430 3173 2429 
7540 3173 3174 2429 
7541 2431 3172 2430 
7542 3172 3173 2430 
7543 2432 3171 2431 
7544 3171 3172 2431 
7545 2433 3170 2432 
7546 3170 3171 2432 
7547 2434 3169 2433 
7548 3169 3170 2433 
7549 2435 3168 2434 
7550 3168 3169 2434 
7551 2436 3167 2435 
7552 3167 3168 2435 
7553 2437 3166 2436 
7554 3166 3167 2436 
7555 2438 3165 2437 
7556 3165 3166 2437 
7557 2439 3164 2438 
7558 3164 3165 2438 
7559 2440 3163 2439 
7560 3163 3164 2439 
7561 2441 3162 2440 
7562 3162 3163 2440 
7563 2442 3161 2441 
7564 3161 3162 2441 
7565 3160 3161 2442 
7566 2486 3116 2485 
7567 3116 3117 2485 
7568 2487 3115 2486 
7569 3115 3116 2486 
7570 2488 3114 2487 
7571 3114 3115 2487 
7572 2489 3113 2488 
7573 3113 3114 2488 
7574 2490 3112 2489 
7575 3112 3113 2489 
7576 2491 3111 2490 
7577 3111 3112 2490 
7578 2492 3110 2491 
7579 3110 3111 2491 
7580 2493 3109 2492 
7581 3109 3110 2492 
7582 2494 3108 2493 
7583 3108 3109 2493 
7584 2495 3107 2494 
7585 3107 3108 2494 
7586 2496 3106 2495 
7587 3106 3107 2495 
7588 2497 3105 2496 
7589 3105 3106 2496 
7590 2498 3104 2497 
7591 3104 3105 2497 
7592 2499 3103 2498 
7593 3103 3104 2498 
7594 2500 3102 2499 
7595 3102 3103 2499 
7596 2501 3101 2500 
7597 3101 3102 2500 
7598 2502 3100 2501 
7599 3100 3101 2501 
7600 2503 3099 2502 
7601 3099 3100 2502 
7602 2504 3098 2503 
7603 3098 3099 2503 
7604 2505 3097 2504 
7605 3097 3098 2504 
7606 2506 3096 2505 
7607 3096 3097 2505 
7608 2507 3095 2506 
7609 3095 3096 2506 
7610 2508 3094 2507 
7611 3094 3095 2507 
7612 2509 3093 2508 
7613 3093 3094 2508 
7614 2510 3092 2509 
7615 3092 3093 2509 
7616 2511 3091 2510 
7617 3091 3092 2510 
7618 2512 3090 2511 
7619 3090 3091 2511 
7620 2513 3089 2512 
7621 3089 3090 2512 
7622 2514 3088 2513 
7623 3088 3089 2513 
7624 2515 3087 2514 
7625 3087 3088 2514 
7626 2516 3086 2515 
7627 3086 3087 2515 
7628 2517 3085 2516 
7629 3085 3086 2516 
7630 2518 3084 2517 
7631 3084 3085 2517 
7632 2519 3083 2518 
7633 3083 3084 2518 
7634 2520 3082 2519 
7635 3082 3083 2519 
7636 2521 3081 2520 
7637 3081 3082 2520 
7638 2522 3080 2521 
7639 3080 3081 2521 
7640 2523 3079 2522 
7641 3079 3080 2522 
7642 2524 3078 2523 
7643 3078 3079 2523 
7644 2525 3077 2524 
7645 3077 3078 2524 
7646 2526 3076 2525 
7647 3076 3077 2525 
7648 2527 3075 2526 
7649 3075 3076 2526 
7650 2528 3074 2527 
7651 3074 3075 2527 
7652 2529 3073 2528 
7653 3073 3074 2528 
7654 2530 3072 2529 
7655 3072 3073 2529 
7656 2531 3071 2530 
7657 3071 3072 2530 
7658 2532 3070 2531 
7659 3070 3071 2531 
7660 2533 3069 2532 
7661 3069 3070 2532 
7662 2534 3068 2533 
7663 3068 3069 2533 
7664 2535 3067 2534 
7665 3067 3068 2534 
7666 2536 3066 2535 
7667 3066 3067 2535 
7668 2537 3065 2536 
7669 3065 3066 2536 
7670 2538 3064 2537 
7671 3064 3065 2537 
7672 2539 3063 2538 
7673 3063 3064 2538 
7674 2540 3062 2539 
7675 3062 3063 2539 
7676 2541 3061 2540 
7677 3061 3062 2540 
7678 2542 3060 2541 
7679 3060 3061 2541 
7680 2543 3059 2542 
7681 3059 3060 2542 
7682 2544 3058 2543 
7683 3058 3059 2543 
7684 2545 3057 2544 
7685 3057 3058 2544 
7686 2546 3056 2545 
7687 3056 3057 2545 
7688 2547 3055 2546 
7689 3055 3056 2546 
7690 2548 3054 2547 
7691 3054 3055 2547 
7692 2549 3053 2548 
7693 3053 3054 2548 
7694 2550 3052 2549 
7695 3052 3053 2549 
7696 2551 3051 2550 
7697 3051 3052 2550 
7698 2552 3050 2551 
7699 3050 3051 2551 
7700 2553 3049 2552 
7701 3049 3050 2552 
7702 2554 3048 2553 
7703 3048 3049 2553 
7704 2555 3047 2554 
7705 3047 3048 2554 
7706 2556 3046 2555 
7707 3046 3047 2555 
7708 2557 3045 2556 
7709 3045 3046 2556 
7710 2558 3044 2557 
7711 3044 3045 2557 
7712 2559 3043 2558 
7713 3043 3044 2558 
7714 2560 3042 2559 
7715 3042 3043 2559 
7716 2561 3041 2560 
7717 3041 3042 2560 
7718 2562 3040 2561 
7719 3040 3041 2561 
7720 2563 3039 2562 
7721 3039 3040 2562 
7722 2564 3038 2563 
7723 3038 3039 2563 
7724 2565 3037 2564 
7725 3037 3038 2564 
7726 2566 3036 2565 
7727 3036 3037 2565 
7728 2567 3035 2566 
7729 3035 3036 2566 
7730 2568 3034 2567 
7731 3034 3035 2567 
7732 2569 3033 2568 
7733 3033 3034 2568 
7734 2570 3032 2569 
7735 3032 3033 2569 
7736 2571 3031 2570 
7737 3031 3032 2570 
7738 2572 3030 2571 
7739 3030 3031 2571 
7740 2573 3029 2572 
7741 3029 3030 2572 
7742 2574 3028 2573 
7743 3028 3029 2573 
7744 2575 3027 2574 
7745 3027 3028 2574 
7746 2576 3026 2575 
7747 3026 3027 2575 
7748 2577 3025 2576 
7749 3025 3026 2576 
7750 2578 3024 2577 
7751 3024 3025 2577 
7752 2579 3023 2578 
7753 3023 3024 2578 
7754 2580 3022 2579 
7755 3022 3023 2579 
7756 2581 3021 2580 
7757 3021 3022 2580 
7758 2582 3020 2581 
7759 3020 3021 2581 
7760 2583 3019 2582 
7761 3019 3020 2582 
7762 2584 3018 2583 
7763 3018 3019 2583 
7764 2585 3017 2584 
7765 3017 3018 2584 
7766 2586 3016 2585 
7767 3016 3017 2585 
7768 2587 3015 2586 
7769 3015 3016 2586 
7770 2588 3014 2587 
7771 3014 3015 2587 
7772 2589 3013 2588 
7773 3013 3014 2588 
7774 2590 3012 2589 
7775 3012 3013 2589 
7776 2591 3011 2590 
7777 3011 3012 2590 
7778 2592 3010 2591 
7779 3010 3011 2591 
7780 2593 3009 2592 
7781 3009 3010 2592 
7782 2594 3008 2593 
7783 3008 3009 2593 
7784 2595 3007 2594 
7785 3007 3008 2594 
7786 2596 3006 2595 
7787 3006 3007 2595 
7788 2597 3005 2596 
7789 3005 3006 2596 
7790 2598 3004 2597 
7791 3004 3005 2597 
7792 2599 3003 2598 
7793 3003 3004 2598 
7794 2600 3002 2599 
7795 3002 3003 2599 
7796 2601 3001 2600 
7797 3001 3002 2600 
7798 2602 3000 2601 
7799 3000 3001 2601 
7800 2603 2999 2602 
7801 2999 3000 2602 
7802 2604 2998 2603 
7803 2998 2999 2603 
7804 2605 2997 2604 
7805 2997 2998 2604 
7806 2606 2996 2605 
7807 2996 2997 2605 
7808 2607 2995 2606 
7809 2995 2996 2606 
7810 2608 2994 2607 
7811 2994 2995 2607 
7812 2609 2993 2608 
7813 2993 2994 2608 
7814 2645 2957 2644 
7815 2646 2956 2645 
7816 2956 2957 2645 
7817 2647 2955 2646 
7818 2955 2956 2646 
7819 2648 2954 2647 
7820 2954 2955 2647 
7821 2649 2953 2648 
7822 2953 2954 2648 
7823 2650 2952 2649 
7824 2952 2953 2649 
7825 2651 2951 2650 
7826 2951 2952 2650 
7827 2652 2950 2651 
7828 2950 2951 2651 
7829 2653 2949 2652 
7830 2949 2950 2652 
7831 2654 2948 2653 
7832 2948 2949 2653 
7833 2655 2947 2654 
7834 2947 2948 2654 
7835 2656 2946 2655 
7836 2946 2947 2655 
7837 2657 2945 2656 
7838 2945 2946 2656 
7839 2658 2944 2657 
7840 2944 2945 2657 
7841 2659 2943 2658 
7842 2943 2944 2658 
7843 2660 2942 2659 
7844 2942 2943 2659 
7845 2661 2941 2660 
7846 2941 2942 2660 
7847 2662 2940 2661 
7848 2940 2941 2661 
7849 2663 2939 2662 
7850 2939 2940 2662 
7851 2664 2938 2663 
7852 2938 2939 2663 
7853 2665 2937 2664 
7854 2937 2938 2664 
7855 2666 2936 2665 
7856 2936 2937 2665 
7857 2667 2935 2666 
7858 2935 2936 2666 
7859 2668 2934 2667 
7860 2934 2935 2667 
7861 2669 2933 2668 
7862 2933 2934 2668 
7863 2670 2932 2669 
7864 2932 2933 2669 
7865 2671 2931 2670 
7866 2931 2932 2670 
7867 2672 2930 2671 
7868 2930 2931 2671 
7869 2673 2929 2672 
7870 2929 2930 2672 
7871 2674 2928 2673 
7872 2928 2929 2673 
7873 2675 2927 2674 
7874 2927 2928 2674 
7875 2676 2926 2675 
7876 2926 2927 2675 
7877 2677 2925 2676 
7878 2925 2926 2676 
7879 2678 2924 2677 
7880 2924 2925 2677 
7881 2679 2923 2678 
7882 2923 2924 2678 
7883 2680 2922 2679 
7884 2922 2923 2679 
7885 2681 2921 2680 
7886 2921 2922 2680 
7887 2682 2920 2681 
7888 2920 2921 2681 
7889 2683 2919 2682 
7890 2919 2920 2682 
7891 2684 2918 2683 
7892 2918 2919 2683 
7893 2685 2917 2684 
7894 2917 2918 2684 
7895 2686 2916 2685 
7896 2916 2917 2685 
7897 2687 2915 2686 
7898 2915 2916 2686 
7899 2688 2914 2687 
7900 2914 2915 2687 
7901 2689 2913 2688 
7902 2913 2914 2688 
7903 2690 2912 2689 
7904 2912 2913 2689 
7905 2691 2911 2690 
7906 2911 2912 2690 
7907 2692 2910 2691 
7908 2910 2911 2691 
7909 2693 2909 2692 
7910 2909 2910 2692 
7911 2694 2908 2693 
7912 2908 2909 2693 
7913 2695 2907 2694 
7914 2907 2908 2694 
7915 2696 2906 2695 
7916 2906 2907 2695 
7917 2697 2905 2696 
7918 2905 2906 2696 
7919 2698 2904 2697 
7920 2904 2905 2697 
7921 2699 2903 2698 
7922 2903 2904 2698 
7923 2700 2902 2699 
7924 2902 2903 2699 
7925 2701 2901 2700 
7926 2901 2902 2700 
7927 2702 2900 2701 
7928 2900 2901 2701 
7929 2703 2899 2702 
7930 2899 2900 2702 
7931 2704 2898 2703 
7932 2898 2899 2703 
7933 2705 2897 2704 
7934 2897 2898 2704 
7935 2706 2896 2705 
7936 2896 2897 2705 
7937 2707 2895 2706 
7938 2895 2896 2706 
7939 2708 2894 2707 
7940 2894 2895 2707 
7941 2709 2893 2708 
7942 2893 2894 2708 
7943 2710 2892 2709 
7944 2892 2893 2709 
7945 2711 2891 2710 
7946 2891 2892 2710 
7947 2712 2890 2711 
7948 2890 2891 2711 
7949 2713 2889 2712 
7950 2889 2890 2712 
7951 2714 2888 2713 
7952 2888 2889 2713 
7953 2715 2887 2714 
7954 2887 2888 2714 
7955 2716 2886 2715 
7956 2886 2887 2715 
7957 2717 2885 2716 
7958 2885 2886 2716 
7959 2718 2884 2717 
7960 2884 2885 2717 
7961 2719 2883 2718 
7962 2883 2884 2718 
7963 2720 2882 2719 
7964 2882 2883 2719 
7965 2721 2881 2720 
7966 2881 2882 2720 
7967 2722 2880 2721 
7968 2880 2881 2721 
7969 2723 2879 2722 
7970 2879 2880 2722 
7971 2724 2878 2723 
7972 2878 2879 2723 
7973 2725 2877 2724 
7974 2877 2878 2724 
7975 2726 2876 2725 
7976 2876 2877 2725 
7977 2727 2875 2726 
7978 2875 2876 2726 
7979 2728 2874 2727 
7980 2874 2875 2727 
7981 2729 2873 2728 
7982 2873 2874 2728 
7983 2730 2872 2729 
7984 2872 2873 2729 
7985 2731 2871 2730 
7986 2871 2872 2730 
7987 2732 2870 2731 
7988 2870 2871 2731 
7989 2733 2869 2732 
7990 2869 2870 2732 
7991 2734 2868 2733 
7992 2868 2869 2733 
7993 2735 2867 2734 
7994 2867 2868 2734 
7995 2736 2866 2735 
7996 2866 2867 2735 
7997 2737 2865 2736 
7998 2865 2866 2736 
7999 2738 2864 2737 
8000 2864 2865 2737 
8001 2739 2863 2738 
8002 2863 2864 2738 
8003 2740 2862 2739 
8004 2862 2863 2739 
8005 2741 2861 2740 
8006 2861 2862 2740 
8007 2742 2860 2741 
8008 2860 2861 2741 
8009 2743 2859 2742 
8010 2859 2860 2742 
8011 2744 2858 2743 
8012 2858 2859 2743 
8013 2745 2857 2744 
8014 2857 2858 2744 
8015 2746 2856 2745 
8016 2856 2857 2745 
8017 2747 2855 2746 
8018 2855 2856 2746 
8019 2748 2854 2747 
8020 2854 2855 2747 
8021 2749 2853 2748 
8022 2853 2854 2748 
8023 2750 2852 2749 
8024 2852 2853 2749 
8025 2751 2851 2750 
8026 2851 2852 2750 
8027 2752 2850 2751 
8028 2850 2851 2751 
8029 2753 2849 2752 
8030 2849 2850 2752 
8031 2754 2848 2753 
8032 2848 2849 2753 
8033 2755 2847 2754 
8034 2847 2848 2754 
8035 2756 2846 2755 
8036 2846 2847 2755 
8037 2757 2845 2756 
8038 2845 2846 2756 
8039 2758 2844 2757 
8040 2844 2845 2757 
8041 2759 2843 2758 
8042 2843 2844 2758 
8043 2760 2842 2759 
8044 2842 2843 2759 
8045 2761 2841 2760 
8046 2841 2842 2760 
8047 2762 2840 2761 
8048 2840 2841 2761 
8049 2763 2839 2762 
8050 2839 2840 2762 
8051 2764 2838 2763 
8052 2838 2839 2763 
8053 2765 2837 2764 
8054 2837 2838 2764 
8055 2766 2836 2765 
8056 2836 2837 2765 
8057 2767 2835 2766 
8058 2835 2836 2766 
8059 2768 2834 2767 
8060 2834 2835 2767 
8061 2769 2833 2768 
8062 2833 2834 2768 
8063 2770 2832 2769 
8064 2832 2833 2769 
8065 2771 2831 2770 
8066 2831 2832 2770 
8067 2772 2830 2771 
8068 2830 2831 2771 
8069 2773 2829 2772 
8070 2829 2830 2772 
8071 2774 2828 2773 
8072 2828 2829 2773 
8073 2775 2827 2774 
8074 2827 2828 2774 
8075 2776 2826 2775 
8076 2826 2827 2775 
8077 2777 2825 2776 
8078 2825 2826 2776 
8079 2778 2824 2777 
8080 2824 2825 2777 
8081 2779 2823 2778 
8082 2823 2824 2778 
8083 2780 2822 2779 
8084 2822 2823 2779 
8085 2821 2822 2780 
8086 2795 2796 5676 
8087 2796 2797 5675 
8088 5676 2796 5675 
8089 2797 2798 5673 
8090 5674 2797 5673 
8091 5675 2797 5674 
8092 2798 2799 5672 
8093 5673 2798 5672 
8094 2799 2800 5671 
8095 5672 2799 5671 
8096 2800 2801 5670 
8097 5671 2800 5670 
8098 2801 2802 5669 
8099 5670 2801 5669 
8100 2802 2803 5668 
8101 5669 2802 5668 
8102 2803 2804 5667 
8103 5668 2803 5667 
8104 2804 2805 5666 
8105 5667 2804 5666 
8106 2805 2806 5665 
8107 5666 2805 5665 
8108 2806 2807 5664 
8109 5665 2806 5664 
8110 2807 2808 5663 
8111 5664 2807 5663 
$EndElements
